imu1_acc_x,imu1_acc_y,imu1_acc_z,imu1_gyro_x,imu1_gyro_y,imu1_gyro_z,imu2_acc_x,imu2_acc_y,imu2_acc_z,imu2_gyro_x,imu2_gyro_y,imu2_gyro_z,imu3_acc_x,imu3_acc_y,imu3_acc_z,imu3_gyro_x,imu3_gyro_y,imu3_gyro_z,imu4_acc_x,imu4_acc_y,imu4_acc_z,imu4_gyro_x,imu4_gyro_y,imu4_gyro_z,imu5_acc_x,imu5_acc_y,imu5_acc_z,imu5_gyro_x,imu5_gyro_y,imu5_gyro_z,imu6_acc_x,imu6_acc_y,imu6_acc_z,imu6_gyro_x,imu6_gyro_y,imu6_gyro_z,imu7_acc_x,imu7_acc_y,imu7_acc_z,imu7_gyro_x,imu7_gyro_y,imu7_gyro_z,imu8_acc_x,imu8_acc_y,imu8_acc_z,imu8_gyro_x,imu8_gyro_y,imu8_gyro_z,imu9_acc_x,imu9_acc_y,imu9_acc_z,imu9_gyro_x,imu9_gyro_y,imu9_gyro_z,imu10_acc_x,imu10_acc_y,imu10_acc_z,imu10_gyro_x,imu10_gyro_y,imu10_gyro_z,stroke_label,head_x,head_y,stroke_prob
-0.907,0.113,-1.699,0.24,0.508,-0.17,1.41,0.547,2.006,-0.184,-0.193,0.102,0.683,-1.807,-0.492,2.588,1.2,1.145,2.722,-0.565,-0.083,0.707,-1.088,0.251,0.56,0.591,-0.88,-1.63,-0.736,1.696,-0.149,0.34,0.894,1.485,-0.329,0.526,-0.414,-0.052,-0.582,0.501,-1.596,0.212,-0.323,-0.594,1.25,0.278,-0.563,0.814,0.523,-0.006,-0.644,0.243,-0.412,-0.224,-0.082,1.555,0.097,-0.829,0.475,-1.187,Freestyle,1700,798,0.89
2.188,-1.561,-0.167,2.827,0.501,0.141,-0.064,0.721,-1.297,-1.1,0.359,-1.077,0.693,-0.665,0.639,1.425,0.305,0.65,0.569,-0.213,1.141,0.099,-0.142,0.279,-0.475,0.287,-1.127,-0.109,-2.085,0.589,1.249,0.588,-0.082,0.375,-1.865,1.058,1.506,-1.443,-0.126,-1.783,-1.978,0.672,-0.04,0.329,0.603,0.004,0.073,0.601,-0.177,-0.821,-1.724,0.059,0.917,0.662,2.094,0.433,-1.086,-0.966,-0.565,0.927,Front Crawl,1068,298,0.731
0.319,0.774,-0.769,0.573,0.511,-0.729,-0.878,1.242,1.006,-1.718,0.447,1.758,-0.276,0.549,1.956,0.277,-0.971,-1.224,-1.296,-0.148,0.423,-0.353,0.37,-0.508,1.261,0.583,0.806,0.472,-0.227,0.618,-0.824,-0.273,1.264,1.101,-0.43,0.888,-0.018,0.219,-0.31,1.921,-0.458,-0.865,0.475,-0.349,-0.748,0.237,-0.599,0.806,-1.554,-1.01,0.34,-1.023,0.503,-0.798,-0.08,0.198,-0.399,0.451,-1.144,-1.222,Front Crawl,1785,275,0.32
-0.138,-1.061,-0.222,-0.675,-0.527,-1.631,-0.625,0.762,-1.457,0.412,-1.168,-0.129,0.366,-0.431,0.17,0.757,0.5,0.357,-0.76,-2.23,-1.348,-0.063,-0.844,-1.129,1.732,0.432,0.154,1.251,-0.184,-1.181,-1.195,-0.465,0.61,2.016,1.684,-1.54,-1.275,-0.031,-2.034,1.05,0.57,0.454,-0.434,-1.142,-0.413,-0.067,-1.354,-0.221,1.577,-0.164,2.208,-0.554,0.752,-1.567,0.01,0.418,3.012,-0.17,-1.378,-0.992,Front Crawl,104,271,0.678
-0.106,-0.076,0.783,-1.04,0.457,-0.708,-0.85,0.249,-1.024,0.718,-0.064,-1.463,0.322,-0.484,-0.985,2.042,0.629,-0.809,-0.814,0.973,-2.061,0.115,-1.351,0.832,-2.156,-0.736,-0.23,0.804,-0.754,-0.52,-1.095,0.266,0.926,-0.112,1.65,-0.286,-1.555,-0.238,0.607,0.28,-1.757,-0.674,-0.429,0.551,0.454,-0.46,-0.437,-0.886,-0.58,1.265,0.691,-2.273,-0.87,-0.785,-0.044,-1.116,0.285,-2.265,-0.585,-1.062,Breaststroke,304,245,0.521
0.438,-1.856,0.566,-0.846,1.197,-2.409,1.793,0.261,-0.102,-0.04,-0.772,-2.641,0.482,-0.365,-0.503,-1.638,0.374,0.719,0.971,1.071,-0.408,0.254,0.519,1.867,0.415,-0.379,-0.436,-0.117,1.357,0.765,-1.225,0.551,-0.449,1.056,-1.486,-0.032,-0.094,-1.899,1.624,-0.752,0.01,0.592,-1.182,-1.434,-0.392,-0.891,1.495,-2.157,0.811,0.844,-0.178,-1.097,0.648,1.226,1.041,0.198,-0.705,1.818,0.656,-0.462,Backstroke,223,1061,0.444
-1.694,-0.932,0.511,-0.415,0.801,-1.426,0.389,1.046,-1.601,0.406,-1.364,-2.649,1.222,-0.872,-0.732,-0.994,-1.936,-1.279,1.948,0.251,-1.007,-1.149,-1.062,-0.473,1.559,2.287,1.464,-0.727,-0.286,0.154,-0.267,0.017,0.335,-1.819,0.966,0.762,0.899,0.875,-0.119,-1.032,0.519,1.344,0.865,0.147,-2.167,-1.13,-0.399,0.449,-0.632,1.374,-0.526,-0.911,2.004,0.53,0.252,-0.295,-1.397,1.006,-0.17,-0.954,Butterfly,1311,816,0.073
0.108,1.431,-1.854,0.727,-0.485,-0.686,-1.377,1.036,-0.769,-0.786,-1.114,0.74,0.406,0.637,-1.222,-0.493,0.409,-0.967,1.181,-0.646,0.572,0.271,0.251,-0.988,0.318,0.345,-0.079,0.351,-0.324,1.521,-0.595,-0.183,-0.482,-0.828,1.301,0.418,-0.927,-0.91,1.151,1.089,0.243,0.996,0.016,0.677,-1.349,0.645,0.036,0.449,0.909,0.742,-1.245,-0.085,0.145,-0.576,-0.638,-0.768,-0.022,-2.151,0.062,-0.35,Butterfly,245,177,0.471
0.275,1.055,0.597,2.697,0.695,-0.143,0.4,0.464,0.632,-0.223,1.344,1.525,-0.183,-0.547,1.825,0.61,0.728,-0.265,-0.33,0.507,0.184,-0.141,-0.725,-1.159,0.394,0.529,0.329,-0.414,-1.656,0.452,1.137,1.989,-0.367,-1.762,-0.334,0.72,-0.727,0.741,2.912,1.165,-0.089,0.408,1.642,1.622,-2.401,1.702,1.104,0.818,-0.148,0.66,0.163,-0.556,-0.884,1.473,2.14,-0.303,1.625,-1.128,0.008,-0.342,Front Crawl,788,543,0.12
0.663,1.271,-1.512,-0.004,-0.086,1.447,-1.235,-0.397,1.912,-1.743,0.618,-1.151,1.326,-0.308,0.372,0.853,-0.262,0.138,1.29,-0.558,-1.143,0.893,0.427,-0.77,-0.242,-0.512,0.572,0.655,1.249,0.847,1.988,0.216,1.272,0.757,0.324,-1.882,0.669,-2.452,2.474,-0.841,1.378,1.568,1.584,1.041,1.114,-0.37,-0.976,-0.872,-0.082,-0.172,0.707,-0.215,-1.89,1.69,0.041,-0.793,-0.126,-0.028,-1.071,-1.085,Butterfly,1546,1069,0.521
-0.207,0.162,-0.148,-0.374,0.396,1.139,0.944,0.748,-0.766,0.077,0.095,0.121,-1.143,0.93,0.177,-0.2,-1.365,-0.904,0.108,-0.992,-0.606,-0.449,-2.221,-0.826,-0.436,-0.801,0.336,-1.007,0.084,0.886,2.375,-0.499,0.656,1.957,0.036,-0.042,0.599,0.688,0.621,0.49,-1.162,-0.447,-0.727,0.775,-0.465,0.141,-0.767,0.011,0.927,-1.639,-0.251,-0.65,1.147,0.613,-0.988,2.049,0.664,0.001,0.101,0.614,Front Crawl,270,677,0.171
0.933,-1.036,-0.583,0.982,-1.116,-0.305,-1.646,0.089,-1.26,1.14,0.803,1.65,-0.266,1.289,0.427,0.684,-0.835,0.191,0.776,3.311,-0.914,0.983,0.941,-1.047,0.386,-0.612,1.043,-0.391,-0.173,-0.818,0.392,0.903,-1.406,-0.799,-0.671,-1.188,-1.127,0.233,0.796,-1.15,-0.555,1.833,-0.417,0.35,-0.228,-0.7,0.081,1.084,-0.39,0.795,-0.379,-0.313,0.096,-0.784,-0.559,0.045,1.135,-1.781,0.107,-0.074,Butterfly,594,717,0.546
-1.46,0.862,1.164,-0.447,-0.225,0.51,0.557,-0.159,-0.01,0.718,-0.202,-0.16,0.498,-0.769,-1.453,2.322,-0.463,0.511,-2.144,-0.165,-1.034,-0.47,1.479,-1.131,0.932,0.463,0.42,-0.107,-1.061,0.936,0.372,-0.609,-1.463,1.07,-0.316,-1.051,-0.093,1.393,-0.686,0.552,-1.067,-0.761,-1.246,-0.016,-0.498,-1.848,1.301,-0.041,1.427,-0.583,-0.075,-0.363,-0.75,1.133,-0.271,0.325,0.59,-0.657,0.167,0.34,Butterfly,742,498,0.764
2.728,0.876,0.737,0.693,0.229,2.417,-0.745,-1.553,-1.423,-0.239,-0.425,1.447,1.122,-0.587,-0.056,-0.552,-0.291,1.086,-1.444,0.438,-1.694,1.062,0.103,-0.337,-0.719,0.475,-0.605,-1.095,-0.873,0.617,0.992,-0.759,-1.596,-1.253,0.476,1.078,-1.109,-0.314,-0.152,2.169,-1.325,0.155,1.418,-0.987,-0.479,-0.028,-0.605,-0.781,1.114,1.688,0.38,-1.035,-0.323,-0.48,0.208,-1.452,0.734,-0.402,0.45,1.956,Front Crawl,1071,316,0.47
0.304,-0.156,-0.069,-0.515,1.838,0.024,1.886,-0.247,0.307,-0.346,-0.264,1.869,1.806,0.112,-0.005,-0.102,0.302,-1.489,0.093,0.335,0.836,-0.124,-1.552,0.784,0.474,0.607,0.147,0.511,1.22,0.308,-1.335,0.127,1.021,-0.617,0.966,-0.099,-1.634,0.421,0.008,-0.238,-0.133,0.022,-0.257,-0.82,-0.805,-0.746,0.898,-0.254,0.808,-0.899,1.302,0.947,-1.739,-1.162,-1.124,-0.419,1.327,1.664,0.266,-1.673,Freestyle,1174,1065,0.523
1.435,-0.811,-1.834,-0.948,0.469,-0.408,0.88,-0.327,0.223,-2.118,-0.049,-0.134,0.145,0.243,0.377,0.67,0.016,0.034,-0.563,1.474,-1.024,0.018,-0.143,0.871,0.634,-0.356,0.253,-0.175,0.995,-0.528,-1.365,-1.117,1.031,0.437,0.379,-1.192,-0.344,-0.5,1.001,0.971,0.227,0.966,-0.056,-0.139,0.459,-2.117,-1.008,-0.617,-0.842,-0.654,-0.25,-0.659,1.258,0.491,-1.417,-0.02,-0.593,-0.482,0.102,-1.867,Butterfly,218,800,0.375
-1.009,0.189,-0.166,0.145,-0.267,0.485,-0.028,0.555,-0.29,0.526,-1.888,-1.698,0.579,-0.282,-0.085,0.499,0.199,0.528,-0.399,-0.236,-1.375,-0.909,1.398,-0.207,0.572,0.437,-0.662,0.988,1.509,-1.047,-0.033,-2.077,-1.341,-0.169,-1.532,0.21,1.673,-0.925,0.11,0.225,0.008,0.548,0.821,-1.249,-1.476,1.565,-0.073,0.34,-0.881,-0.162,-0.536,1.47,-0.086,-0.887,-1.255,-1.17,-0.494,1.552,-0.469,0.221,Breaststroke,1140,608,0.686
0.36,-0.111,-0.623,-1.31,-0.549,-0.946,0.262,1.669,-0.702,-0.099,-0.651,0.131,0.481,0.371,-0.847,0.109,0.153,-1.361,-2.34,1.073,0.34,0.867,0.433,-0.103,1.488,-0.589,1.123,-0.305,-1.37,-0.619,-0.363,0.469,-1.44,0.978,-0.019,-0.807,-0.673,-0.966,-0.612,-0.565,-0.299,0.475,0.81,-0.265,-0.881,0.309,-1.875,-0.319,-2.453,2.28,-0.597,-0.961,0.738,-0.123,0.355,-0.657,-1.544,-0.332,0.429,-0.195,Backstroke,1480,799,0.712
-0.2,0.424,0.066,-0.063,-0.85,0.583,0.217,-0.357,-1.438,0.402,2.121,-1.893,-0.118,0.137,2.006,-0.103,0.398,-0.121,0.862,0.196,0.064,-1.024,-0.734,-0.047,-0.261,1.147,2.043,-0.634,1.358,0.862,-0.601,-1.323,0.042,-2.084,0.682,-1.129,-0.729,0.147,-0.015,0.02,1.079,-2.174,-0.805,-1.328,0.384,0.605,-0.18,-1.359,1.012,1.856,-0.804,0.1,2.054,0.29,0.54,-0.406,0.054,-0.015,-0.09,-0.069,Backstroke,1567,801,0.492
-0.064,0.036,0.319,0.518,-1.257,0.523,-0.261,0.027,0.98,0.739,0.245,-1.152,-0.928,-0.81,0.054,-0.623,-0.614,0.825,0.544,1.173,0.776,1.796,-1.27,-0.989,0.155,-0.533,0.234,-0.097,-0.861,1.191,1.332,-0.143,-0.105,0.967,1.647,-0.323,-0.314,-0.625,-1.311,1.155,0.052,1.72,-0.631,0.718,-0.678,1.613,0.144,1.84,-1.298,-0.873,0.147,-0.923,1.98,-2.253,0.267,0.228,-2.701,2.32,0.744,-0.619,Breaststroke,1130,238,0.583
0.795,1.26,0.632,-0.663,1.06,-0.356,-0.706,-0.989,-0.148,0.194,-0.264,0.752,0.333,-1.123,-0.032,0.843,-0.115,-0.861,1.693,-1.02,-0.313,-0.542,0.435,0.653,-0.804,-1.641,0.132,1.432,-1.009,1.587,-0.212,0.498,-0.046,-1.025,-1.324,0.33,-0.71,-0.134,1.282,-0.686,-1.603,0.885,0.214,-0.807,-0.407,-0.811,0.48,-0.591,-0.351,-1.11,1.433,-0.015,-1.577,0.629,0.118,1.133,0.484,0.55,0.305,0.865,Breaststroke,976,539,0.036
-1.695,-1.225,-0.041,-1.601,-1.35,0.345,0.759,-0.165,-0.309,0.73,0.854,0.144,0.508,-1.098,0.91,-1.02,0.522,-0.427,-0.485,0.803,0.665,1.623,0.962,-0.284,0.149,-1.102,1.001,-0.873,1.123,0.315,-0.955,-1.131,-0.126,-0.472,1.273,0.75,1.942,0.948,-1.445,0.947,1.795,-0.142,-0.578,-0.767,0.502,-0.373,1.727,0.63,-1.185,-0.27,-0.147,0.184,-1.438,-0.702,-1.179,-0.636,0.418,1.279,0.212,0.68,Front Crawl,506,995,0.647
0.971,-0.463,-0.105,1.806,-0.418,0.287,0.605,-1.705,0.537,-0.269,0.466,0.994,1.295,-1.041,1.203,-1.278,-1.256,-2.254,-1.654,0.166,-0.63,-1.017,0.99,-1.47,-1.522,0.443,-0.705,0.777,2.628,-0.587,-0.383,-1.418,0.94,-0.163,-0.084,0.981,0.325,-0.012,0.339,0.356,-1.49,1.783,2.039,-0.014,1.266,-0.706,-1.572,0.986,-1.116,-0.573,-0.299,0.317,0.159,1.433,0.623,-0.218,-1.053,0.168,-0.593,-0.736,Freestyle,967,191,0.34
-0.536,1.202,-1.739,0.028,-0.807,0.823,-0.228,0.921,-0.917,0.813,0.807,-0.172,1.435,-0.247,-0.714,0.384,0.417,-0.019,-0.63,0.967,0.948,-0.151,2.521,0.648,0.186,-0.701,-0.409,1.137,-0.927,-0.609,0.477,0.324,-0.554,-0.3,0.213,-0.053,-0.368,-0.865,0.519,0.812,0.02,-0.994,0.018,1.156,-1.071,-0.928,1.09,-0.748,0.757,-0.275,1.018,1.749,-0.567,-0.18,1.222,-1.268,1.235,-1.41,-2.065,-0.387,Breaststroke,1504,307,0.295
0.866,0.635,-0.081,0.805,0.201,-0.094,-0.647,0.848,-0.288,-0.886,0.388,-1.255,1.099,-0.525,-0.841,-1.368,0.423,-1.092,0.297,1.076,1.949,0.644,0.971,-1.239,-0.154,0.072,-1.522,0.027,-2.239,-0.481,0.416,0.432,-0.254,0.826,1.248,-0.98,-0.932,-0.024,1.279,-0.51,0.407,-0.248,-1.29,0.707,-0.528,2.118,0.825,-1.198,-0.827,0.354,-0.712,0.405,-0.789,-0.742,0.227,-0.327,-2.462,-0.612,1.131,0.236,Backstroke,367,177,0.457
0.099,0.577,0.787,-0.73,0.168,-0.096,-0.202,-0.315,-1.423,0.849,1.515,0.24,0.637,-0.2,-0.058,2.538,-0.468,0.908,0.12,0.869,0.973,0.194,0.108,0.777,-0.03,0.454,2.94,-0.489,0.589,1.14,-0.784,0.235,0.464,-1.601,-0.086,-2.95,-1.348,1.691,0.146,0.085,-1.529,0.398,0.045,-0.578,0.983,-0.019,-0.829,-0.205,-2.054,0.387,0.737,1.623,2.125,-0.397,-1.581,-0.804,-0.61,2.298,0.183,-1.294,Backstroke,345,611,0.496
-0.153,-0.598,-1.027,0.921,-0.869,0.627,-0.1,-0.739,-1.048,1.011,1.177,-0.719,-1.322,-0.564,-0.371,0.736,-1.043,-1.779,1.195,0.255,-0.777,-0.203,-0.382,-0.443,-0.87,0.071,0.817,-0.282,0.426,0.008,1.692,0.857,1.888,-1.021,0.745,-0.348,0.153,-0.296,-0.045,-0.994,0.123,-0.444,-1.093,0.762,1.335,0.141,1.94,-1.691,0.01,2.207,-1.365,1.497,-1.501,-0.387,-0.319,0.24,0.935,0.565,-0.4,0.624,Breaststroke,1871,695,0.778
-1.424,1.223,1.412,1.421,0.62,0.854,-0.122,2.389,1.127,-0.811,0.434,-1.949,-0.545,-2.019,1.233,0.123,-0.504,0.179,0.712,0.21,-0.773,-0.134,-0.271,0.022,0.364,-0.517,0.401,1.239,1.984,-0.897,0.906,1.351,-0.808,-0.918,0.554,1.068,-0.01,0.486,-0.024,0.292,0.744,-2.801,-0.071,1.115,0.201,-0.788,-0.316,0.743,-0.373,1.8,1.029,0.503,-1.088,-0.545,1.147,-0.824,-0.209,0.038,-0.874,1.473,Butterfly,376,439,0.185
0.73,1.67,0.199,0.46,-0.181,1.606,-0.221,-0.196,-1.326,-0.689,0.351,-0.285,-1.227,-0.12,-0.614,0.198,-1.222,0.263,-1.691,-0.166,-0.128,-0.319,0.551,-0.869,-0.32,0.752,-0.129,-0.577,-0.199,0.516,0.62,-0.906,0.383,-0.325,0.426,-0.643,0.024,0.013,-0.827,0.097,-0.313,0.38,-0.439,1.731,-0.699,1.762,-0.025,-0.573,1.052,0.347,-0.152,-1.728,0.937,0.037,-1.15,-0.769,0.096,-2.415,0.602,0.614,Freestyle,956,815,0.483
-0.184,-0.534,-0.477,0.315,-0.604,-1.653,1.594,0.297,0.379,-1.169,-1.655,-1.656,-1.472,0.688,-0.563,-0.984,-0.038,0.842,0.656,1.905,-0.681,-1.234,-0.551,1.38,0.127,-0.1,1.468,1.398,0.071,1.434,2.968,-0.869,-0.819,-0.189,0.642,-0.561,-0.158,-2.298,-1.283,-0.247,-0.192,-1.421,-1.308,-1.203,0.807,-0.275,-0.153,-1.062,-1.583,-0.184,-1.168,0.452,-0.267,0.201,-0.666,1.183,-1.532,0.286,1.488,0.612,Butterfly,1231,1021,0.756
1.098,-1.086,-0.405,1.935,0.822,-0.007,0.218,1.173,-1.549,1.678,-0.525,1.882,-1.0,2.051,0.383,-0.463,-0.726,-0.81,1.542,0.276,-0.657,0.582,0.852,1.026,1.456,0.492,0.598,-1.072,0.97,-0.39,-0.81,0.01,-0.963,0.401,-0.739,2.108,0.416,1.526,0.488,0.802,0.086,0.574,1.229,-1.199,-1.276,0.355,0.59,-0.65,-0.359,0.745,-1.818,-1.169,0.066,0.207,0.559,-2.18,-0.15,-0.634,0.062,-0.004,Front Crawl,423,717,0.844
-0.515,-0.328,1.295,0.705,1.672,-1.863,-2.673,-0.797,-0.578,-1.021,-0.598,-0.928,-0.71,0.771,2.091,0.959,-0.081,-0.096,-0.424,-1.006,0.376,-0.107,-1.075,0.014,-0.361,0.214,-0.505,1.3,1.82,-0.125,0.73,0.626,-1.879,0.215,-0.677,-0.466,-0.639,1.398,-0.536,1.959,0.418,1.273,-0.232,0.253,-2.759,-0.717,0.028,-0.072,0.484,1.31,-1.033,-0.003,-2.313,0.632,1.666,2.635,-0.34,1.672,-0.533,2.238,Freestyle,978,273,0.263
1.008,-1.648,0.888,0.584,1.598,1.014,-0.7,1.226,2.329,-0.286,-0.283,1.802,0.77,-1.059,2.19,0.255,1.33,1.884,1.128,-0.121,0.272,0.406,-0.025,0.91,2.022,0.334,-0.774,-1.292,1.497,-0.464,-0.936,-0.132,0.271,-1.685,2.269,0.917,-0.897,0.842,-0.895,-0.221,-1.391,0.602,-1.788,-0.116,0.203,-0.384,-0.099,2.71,1.405,-0.27,0.951,0.842,-0.803,-0.909,-0.395,-1.509,1.352,1.04,-0.627,-0.133,Front Crawl,387,916,0.518
-1.233,0.141,0.21,0.909,1.39,0.541,-0.944,-1.266,-0.837,-0.676,1.342,1.675,-1.073,1.149,-1.818,-0.585,0.455,0.52,1.187,-0.803,-1.142,-1.188,-0.945,0.314,1.085,1.408,-1.952,-1.19,-0.087,0.555,-0.526,1.626,-2.1,-1.059,-0.601,-0.579,-1.653,0.734,0.199,0.68,-1.687,-1.104,0.589,-0.357,0.209,1.331,-0.226,0.814,-0.82,-0.769,-0.346,0.766,-0.985,-1.598,1.413,-1.793,-0.232,1.019,1.985,-0.358,Front Crawl,219,734,0.386
0.586,-0.518,1.469,0.702,-0.731,0.807,-0.019,-0.725,-1.752,1.222,-1.196,0.029,-2.149,-0.559,0.282,0.844,-0.025,-0.117,0.296,0.364,-1.376,0.742,0.094,1.34,0.432,-0.237,-1.048,1.76,-2.063,-0.423,-1.058,0.336,2.005,-0.553,-1.498,-0.435,-0.554,-0.415,0.8,0.56,0.93,-0.172,0.661,-0.152,0.148,0.243,1.447,-0.016,-0.063,0.955,-0.371,0.683,0.336,-1.276,-0.21,0.444,-0.48,1.378,-0.775,-0.733,Butterfly,723,544,0.755
0.351,-2.11,-0.069,0.106,1.166,0.417,2.599,2.361,0.515,-0.086,0.744,-0.956,1.232,-0.109,-0.967,-1.649,-0.566,-0.809,0.665,1.19,1.868,-0.412,0.179,-0.953,-0.192,-1.814,0.771,1.158,-0.899,0.148,-0.746,2.624,-0.397,0.052,-1.831,-0.276,0.095,-0.0,-0.206,-1.77,-1.144,-1.426,0.414,-1.201,-1.95,-0.424,-0.876,0.507,2.117,1.304,1.341,0.124,-1.002,-1.317,1.178,-0.906,-0.645,1.257,-2.455,-0.672,Freestyle,875,448,0.859
-0.902,-1.125,-0.56,-0.82,0.239,1.617,1.437,-1.332,-0.217,-0.389,1.177,0.113,0.755,0.119,-1.369,-1.456,0.07,0.868,1.171,-0.763,1.652,-0.558,-0.728,-1.008,0.549,1.882,1.811,-1.386,-0.569,0.069,1.888,-1.196,-0.842,-0.584,1.225,0.465,0.178,-1.04,1.59,1.443,0.63,-0.7,0.715,0.432,-0.761,0.792,0.063,-1.061,-0.55,0.187,0.47,1.673,-0.465,-0.772,1.008,-0.053,-1.306,-1.777,0.678,1.484,Butterfly,261,433,0.554
0.537,-0.443,-1.485,1.151,0.676,-0.084,1.1,0.181,1.572,-0.858,-0.536,1.691,0.896,0.417,0.261,-1.694,0.402,0.253,-0.249,-0.5,-2.023,-0.124,1.097,-0.035,0.057,-0.373,-0.797,-0.23,-0.703,-0.86,1.538,0.713,-0.477,1.039,1.053,-1.356,-1.878,1.6,-0.3,-0.258,0.696,0.03,1.472,-0.113,0.002,0.856,-0.85,1.148,0.287,-0.648,-0.838,-2.589,-0.738,-0.826,-1.307,-0.952,-0.075,2.106,-0.612,-0.121,Front Crawl,1459,595,0.812
-0.231,-0.086,-0.585,0.048,-0.129,0.025,-1.871,0.212,-0.209,-1.157,-0.224,2.152,-0.834,-0.4,0.503,1.591,-0.32,-0.854,-0.497,0.231,2.801,-0.159,0.12,-0.088,-0.458,0.437,1.671,0.312,-2.574,-0.026,1.35,0.178,-0.227,0.108,0.338,0.408,0.653,-1.262,-1.588,-1.039,-1.098,-0.323,-0.916,-0.453,1.113,-0.361,-2.081,0.384,-1.297,1.339,0.946,-0.915,-0.841,-0.035,0.224,-0.057,0.881,0.848,0.173,1.102,Front Crawl,921,214,0.653
-0.396,0.954,0.995,0.336,-0.647,-1.641,-1.381,-1.245,-0.739,-1.413,-0.57,0.068,1.177,-0.191,0.99,0.992,-0.911,-1.241,0.695,0.711,1.265,0.578,-0.093,1.334,-0.285,0.886,-1.576,1.077,-1.157,0.893,1.343,0.292,0.71,-0.114,-0.903,0.038,1.682,-0.565,-0.225,-0.623,-0.493,0.776,-0.107,-0.074,-0.638,-0.36,0.326,-1.162,-0.28,-1.144,-0.081,0.235,-1.213,-0.371,-0.452,0.656,-0.607,0.154,1.121,0.282,Freestyle,1080,553,0.605
0.019,-0.866,0.34,-0.305,0.232,0.762,0.059,-0.218,0.346,0.378,1.755,1.368,-0.664,0.228,0.618,1.013,1.489,-1.811,-0.402,-1.52,-1.013,-0.989,-0.81,0.029,0.792,0.122,-0.093,-0.174,0.205,-0.037,-1.37,0.113,0.655,0.765,0.265,-0.331,-0.002,0.135,-0.365,-0.296,-0.253,0.402,0.568,-0.302,0.461,0.766,-2.34,-0.062,1.747,-0.626,1.184,1.092,-0.052,-1.33,0.886,-0.124,1.905,0.68,-0.614,0.128,Backstroke,550,1074,0.478
-1.274,-0.574,-0.926,-1.476,-0.027,-0.506,-0.134,-2.128,-0.261,-0.232,-0.25,1.298,-0.82,0.527,1.258,-0.724,1.224,0.415,-0.101,-1.027,1.936,0.537,-0.605,-1.209,-2.578,0.454,0.991,-0.829,0.821,0.266,-0.265,0.794,0.556,-0.223,0.82,-0.943,-1.384,-2.744,0.37,-0.688,0.155,0.056,-0.26,0.016,-0.358,-0.797,1.106,-1.688,1.358,-0.547,1.872,-0.604,1.674,1.814,-0.653,-0.468,-1.198,0.947,0.282,-0.572,Freestyle,828,907,0.55
-0.722,-1.312,-0.975,-0.914,0.803,0.234,-0.007,0.514,0.016,-0.893,-1.101,1.033,-0.003,-0.095,-2.709,-0.373,0.158,0.763,0.484,-0.156,0.989,1.646,0.577,-0.248,-0.215,0.208,1.842,-2.169,0.132,0.096,-0.671,0.781,0.003,0.599,-0.25,-0.089,-2.307,0.147,0.755,0.547,-0.782,0.922,-0.063,1.315,-0.919,-0.263,1.129,-0.457,-0.307,-1.282,1.176,-0.023,0.985,0.067,0.353,0.705,-0.48,-1.547,-0.449,0.654,Butterfly,1228,1054,0.494
-1.139,-0.058,0.781,2.315,-1.766,-0.005,0.317,0.766,-1.159,-0.093,1.282,0.099,1.41,-0.047,-0.157,0.729,1.065,0.796,1.384,-0.016,0.736,-1.557,-2.444,0.0,-0.194,0.894,-0.975,-0.592,1.082,2.645,0.265,0.528,-1.32,-0.472,-0.376,-0.429,0.022,0.324,-1.76,2.012,-1.145,0.746,-0.783,-1.213,0.765,2.209,-0.237,-1.665,0.555,-0.278,0.08,-1.017,0.314,0.044,0.708,1.012,-1.414,-1.993,-0.734,1.717,Backstroke,1694,275,0.852
0.201,-0.503,0.655,0.241,-0.138,0.832,-0.0,0.097,-0.46,0.526,-0.781,1.135,-0.146,0.169,0.521,0.838,0.857,-0.152,0.089,0.187,2.45,-0.867,0.321,0.911,-1.203,0.386,0.557,-1.141,0.537,1.679,-1.089,0.171,-0.291,0.04,0.082,0.668,-0.395,-1.001,-1.099,-0.719,0.326,-0.982,0.18,-0.054,-0.706,0.264,0.565,0.618,1.01,0.76,-0.939,1.299,0.808,1.56,-0.179,-0.423,-1.655,1.694,-0.698,-0.342,Front Crawl,1127,259,0.742
1.26,0.532,0.82,0.32,-0.012,0.512,1.521,-0.824,-0.871,-0.446,-1.325,0.706,-0.547,-0.167,0.442,-0.797,-0.895,1.595,-1.114,-1.272,1.008,-1.33,0.753,-0.106,-0.113,0.491,0.936,-1.411,-0.675,1.778,-0.729,-0.597,-0.547,-0.552,0.895,0.291,0.493,0.929,0.829,0.986,-1.551,-0.056,0.257,-1.26,-0.879,1.369,-2.217,1.691,-0.782,0.135,0.125,-1.233,0.432,-1.638,-0.236,-0.14,-1.061,0.922,0.717,0.452,Breaststroke,1825,408,0.58
-0.634,2.07,0.423,0.59,0.748,-1.352,-0.776,0.228,0.608,1.099,-2.95,0.281,0.003,-1.037,-0.419,0.25,0.329,-0.753,-0.84,-0.949,-0.974,0.607,0.307,-1.324,0.672,0.228,-0.928,1.749,0.064,-1.64,0.039,-0.894,-1.041,1.87,-1.147,-1.412,0.085,0.714,1.258,-1.197,0.174,-1.114,-0.361,1.103,-1.413,-3.076,-0.251,-0.348,0.759,0.85,-0.539,0.958,0.91,1.323,-1.917,0.017,0.176,0.23,0.581,1.547,Freestyle,1624,200,0.49
-0.123,0.014,-0.047,0.141,2.07,0.628,-0.083,-1.11,0.031,-0.213,1.205,-0.205,-1.258,-0.296,-0.676,-1.143,0.044,-0.116,0.628,-0.971,-0.763,-1.088,1.658,-0.416,1.353,0.246,0.579,-0.49,0.56,0.783,1.462,-0.314,1.232,1.312,0.183,0.274,-0.167,-0.446,0.04,0.631,-0.028,-1.255,-0.514,-0.91,2.033,-1.624,0.148,1.627,0.141,-0.274,-0.923,0.02,0.535,-0.321,0.374,1.835,-0.145,0.368,-1.529,0.345,Backstroke,1483,830,0.334
1.514,1.278,-0.957,1.093,-0.761,0.64,0.319,-0.935,-1.214,0.103,-1.733,-0.895,0.914,0.137,-0.088,-0.62,0.099,1.333,1.588,1.894,-0.294,-0.677,-1.766,0.622,-0.968,1.231,0.83,0.956,-1.097,0.186,-1.076,0.499,0.149,-0.896,-0.388,0.053,-0.344,-0.016,1.838,-0.008,-0.597,1.612,1.051,-0.254,0.089,-0.129,2.653,-0.037,-1.243,0.175,1.312,-1.175,0.023,-0.258,-1.131,2.263,0.961,1.265,-0.124,-1.194,Freestyle,335,1032,0.451
0.344,-0.635,-0.484,-0.959,1.104,-0.415,0.477,-0.456,0.05,-0.767,-0.25,0.6,0.014,0.615,-1.96,-0.244,0.396,1.79,1.002,0.907,2.171,0.238,-0.47,-1.055,0.329,0.193,0.267,1.12,0.197,0.228,-0.299,0.907,1.974,-0.117,0.959,0.055,-0.948,-1.364,1.604,-0.895,-0.531,2.75,-0.571,0.631,1.55,1.523,1.71,0.134,-0.421,-1.516,-0.239,-0.5,0.685,-0.987,-0.238,0.539,-1.675,-0.303,0.086,-1.259,Front Crawl,1367,147,0.586
-0.872,-1.045,2.055,-0.21,0.518,-0.864,1.024,-1.131,-1.847,2.096,2.511,0.315,-0.513,1.567,-0.756,-0.95,1.259,0.234,-0.614,-0.621,0.353,1.072,-1.678,1.129,-0.047,0.396,-0.573,-0.315,0.154,-0.967,-0.812,-0.925,-1.284,-0.066,0.107,0.619,-0.157,2.766,-0.603,-0.106,2.198,0.631,0.261,0.65,0.777,-1.264,-1.472,-1.296,-1.456,-0.279,-1.915,-1.442,0.071,-0.67,-0.059,0.056,-0.26,1.227,-0.083,-1.233,Freestyle,607,945,0.585
0.644,1.055,-1.182,-0.691,-0.948,1.14,-1.13,1.014,-0.495,-0.124,-1.957,0.881,-0.397,1.454,0.457,-0.852,-0.907,-1.056,0.199,-1.127,1.956,0.435,2.162,0.528,-1.094,-0.332,0.246,1.497,3.279,-0.141,0.641,1.558,1.244,-2.124,0.559,0.982,-1.152,0.59,0.716,-0.632,-1.562,0.726,0.857,-0.988,0.135,0.664,-1.756,0.151,2.655,1.468,0.836,0.224,0.642,0.054,-0.769,0.86,0.734,-0.872,-0.668,0.247,Butterfly,641,953,0.047
-1.092,0.01,1.159,-1.901,0.125,-1.69,1.127,-0.654,1.341,1.663,-0.743,-0.654,1.101,1.01,-0.809,0.115,-1.007,2.029,-0.067,-1.032,-0.946,-0.274,-0.699,0.734,-0.124,0.651,1.549,0.911,-0.677,0.411,-0.405,2.792,2.167,0.09,0.848,-0.425,0.06,-0.155,0.571,0.562,-1.276,-0.656,-0.997,-0.609,1.153,-0.269,-2.02,0.136,-0.804,0.106,-1.338,-0.469,-2.335,1.082,1.952,-0.975,-2.16,-1.66,0.739,-1.062,Breaststroke,1262,868,0.601
-1.072,-0.523,1.17,0.546,-0.212,0.222,-0.147,-0.054,-0.599,-0.207,-0.105,-1.31,-1.116,0.299,-1.288,-1.3,1.168,-0.739,-1.922,-0.814,-1.243,0.813,1.479,-1.231,-0.924,0.208,1.94,1.638,-1.001,1.351,0.648,0.305,0.118,-0.164,1.834,1.218,2.544,-2.548,-1.416,-1.723,-0.802,0.774,-0.101,-0.519,-1.637,1.252,0.262,-0.368,-1.02,0.019,-1.729,0.188,-0.136,-0.608,-1.445,-1.483,0.47,-1.417,0.263,0.424,Front Crawl,1895,799,0.279
0.621,0.25,0.558,-0.846,-0.456,1.141,0.227,2.326,2.098,-0.727,1.367,-0.947,1.424,1.295,0.62,-0.605,-1.513,1.79,-0.622,0.955,0.767,1.455,0.078,-0.115,1.373,0.235,0.537,-0.301,-0.454,-0.951,-0.965,-1.186,-0.558,0.684,-1.852,1.479,-0.83,2.106,-0.062,-0.595,-0.102,1.531,-0.218,1.38,-1.017,-1.786,0.223,-0.256,-1.031,0.026,1.281,0.888,1.488,0.995,-0.064,-0.202,0.15,-1.161,1.285,-1.481,Butterfly,628,1016,0.325
-0.025,0.941,0.588,1.482,-0.583,0.405,1.233,2.269,-0.036,0.913,-0.039,-0.843,0.571,-0.934,-0.56,0.243,-1.325,0.647,-0.057,1.8,-1.061,0.428,0.674,2.071,2.501,-0.68,1.854,-0.02,-1.905,0.828,-0.7,1.535,1.151,0.814,-0.364,-1.235,-0.591,-1.238,0.045,0.191,1.297,-1.385,1.031,0.46,0.91,1.413,-0.208,-0.304,-1.35,0.51,0.043,-1.008,1.841,0.263,-1.075,-0.018,-0.04,1.193,-1.208,-0.292,Front Crawl,1306,697,0.165
0.812,0.044,0.279,-0.263,0.383,0.453,-0.162,1.624,-1.687,-0.917,0.382,0.148,0.509,-1.031,0.517,1.239,-2.064,0.099,-1.231,1.573,-2.129,-0.959,1.119,1.117,0.038,-0.158,-0.181,0.813,0.028,0.433,-0.226,-2.139,0.257,-1.239,-1.41,-1.089,-1.462,-0.01,-0.001,0.589,-0.05,0.35,-0.171,-0.286,-0.613,-0.798,-1.429,0.06,-0.54,-0.9,2.673,-0.538,0.402,-0.878,2.425,0.508,-0.979,0.397,-0.312,-0.199,Butterfly,1731,761,0.472
0.33,0.318,0.183,-0.027,-1.604,0.638,0.515,-0.631,1.669,-0.403,-1.826,-0.955,0.012,0.028,-1.462,0.962,-1.239,0.577,-1.046,-0.757,0.159,0.309,-0.707,-0.165,1.647,-1.145,0.265,-0.4,0.644,-0.261,-0.32,-0.107,-0.549,-1.045,1.012,0.441,-0.723,0.098,-0.686,-0.629,0.178,-2.416,-1.577,-2.211,-0.05,-0.862,1.076,0.665,1.027,0.606,0.782,-1.184,-1.318,1.678,-0.883,-1.043,-0.637,-0.116,1.783,0.086,Front Crawl,1904,1049,0.671
0.377,-2.63,-0.858,0.408,0.739,-0.581,0.711,-1.071,-0.731,-0.934,-0.155,-0.332,-0.041,0.657,0.955,2.302,0.755,-0.423,-0.187,0.317,-1.622,-0.653,-1.06,1.161,0.845,-0.339,-0.522,-1.596,0.725,2.019,0.496,-1.391,1.452,1.024,0.34,-1.124,-0.8,-2.391,-0.002,1.305,-0.099,-1.205,0.9,-0.137,-1.247,0.779,0.156,-0.888,0.238,0.531,0.377,-0.836,2.5,0.154,0.28,-0.522,2.579,-0.735,-0.396,-0.352,Backstroke,615,1074,0.108
0.313,-1.883,-0.024,-0.957,-1.332,1.269,-1.507,-1.843,0.724,0.902,1.536,-1.041,0.99,0.857,-0.261,0.599,0.992,-0.943,-1.026,0.027,-0.201,2.103,-0.836,-1.117,0.834,0.189,2.005,-0.513,0.342,-0.127,2.057,0.56,0.712,0.287,-2.115,0.058,1.371,-0.236,1.075,-0.373,1.976,1.587,0.209,0.82,0.481,-0.028,-0.502,-1.163,1.378,-0.465,-0.169,0.279,0.338,-0.618,0.123,0.44,-1.155,-0.43,0.003,0.477,Breaststroke,391,1071,0.397
0.704,-1.513,-0.036,-1.394,-1.002,-0.193,-0.707,-0.059,-0.173,-2.374,-1.112,0.211,-1.516,1.512,0.407,2.348,-1.725,1.195,-1.63,-1.161,-0.888,0.509,0.091,0.085,1.26,1.456,-1.422,0.557,-1.943,-0.082,-0.456,1.092,0.086,-0.299,-0.124,0.662,0.36,0.403,1.042,-0.243,0.002,-0.29,-2.619,-0.928,0.105,0.558,-1.034,1.282,1.124,0.963,1.861,-0.066,0.189,-0.066,0.308,-0.112,-0.551,1.092,0.75,1.604,Breaststroke,528,1065,0.293
-0.237,-1.941,1.05,0.788,0.771,1.607,-0.325,1.306,0.414,-0.815,-0.059,-0.949,1.423,-0.751,2.06,-0.129,0.504,0.678,0.091,-0.062,-0.911,-0.414,-0.685,0.055,2.28,-0.142,0.274,-1.938,1.04,-0.588,2.096,0.054,0.936,0.082,-2.34,-0.272,0.887,-0.054,1.682,-1.084,1.241,0.43,-0.286,-0.613,0.576,0.074,-1.076,1.141,0.423,-0.24,-3.011,2.621,0.334,-0.673,-1.569,2.06,-0.009,3.627,0.094,0.487,Freestyle,591,933,0.295
0.452,-1.301,-2.025,0.508,-1.768,0.653,-1.18,-1.292,1.05,-1.325,-0.327,0.994,0.756,-0.769,-0.62,-0.496,-0.538,-0.606,-1.598,0.691,0.692,1.039,-1.012,1.186,0.309,-1.426,1.05,1.082,1.26,0.429,1.13,-0.569,-0.676,-0.719,0.277,-0.22,-0.41,1.51,-1.56,-0.995,-1.146,-0.212,2.086,-2.191,-0.998,-1.36,-0.316,-1.184,0.278,0.775,1.266,-0.081,-0.734,2.1,1.034,-0.42,0.521,-0.709,-0.403,-1.156,Backstroke,1247,800,0.711
-0.876,0.435,-0.349,1.367,-0.381,0.546,-0.681,-0.486,-2.098,0.597,0.781,0.827,0.306,-1.191,0.2,1.388,0.433,-0.657,-2.216,0.264,-1.726,-0.173,0.196,-0.208,-0.653,-0.406,-0.389,-0.323,0.588,-0.482,-1.798,0.842,-0.295,-0.086,-1.193,0.398,0.168,-0.478,0.408,-0.595,-0.182,-0.443,0.047,-0.829,-1.075,0.337,-0.907,2.244,0.343,-1.619,-0.196,-0.239,1.868,-0.965,1.025,1.057,-0.93,1.237,0.392,1.962,Butterfly,1355,620,0.658
0.859,-0.239,1.136,0.814,2.589,-0.571,-0.873,0.338,-0.55,0.284,-0.41,0.683,1.358,-0.572,-0.212,-0.563,3.544,-0.689,-0.355,0.207,0.073,-2.409,0.543,1.433,0.04,0.033,-1.426,-0.393,-1.435,-1.313,0.9,-0.661,0.869,0.404,-0.11,2.375,-0.165,0.405,0.907,0.599,-0.567,-1.534,-0.119,0.282,2.355,-2.05,-1.071,-0.978,0.113,1.451,-0.438,-0.881,1.641,0.291,-0.464,-1.765,-0.173,-0.791,0.842,-0.005,Breaststroke,373,589,0.341
-0.377,-1.596,-0.472,1.051,0.745,-1.403,-1.545,1.227,1.102,-1.772,1.383,1.731,-0.344,0.361,-0.972,0.385,0.936,0.395,1.032,-0.026,-1.076,0.776,0.148,0.146,-0.866,-0.223,1.326,0.393,0.68,-0.588,1.288,0.779,-0.075,-1.812,0.308,1.164,-0.169,-0.047,0.949,1.098,0.424,0.192,-1.375,0.365,0.739,2.223,1.113,0.638,-0.724,1.248,0.882,1.678,0.096,1.368,-1.305,1.153,-0.69,0.07,-0.769,1.787,Breaststroke,928,891,0.348
-0.181,-0.434,0.53,0.23,0.156,0.271,1.211,-0.027,-1.434,1.232,-0.981,0.127,0.445,-1.436,-1.026,-0.181,0.23,0.427,0.448,1.214,-0.249,-0.202,-0.032,0.183,-0.51,-0.899,0.38,0.047,-0.089,0.092,0.338,0.981,0.619,-0.107,0.324,-1.073,-0.593,-0.626,-0.941,1.06,0.257,-0.791,-0.258,0.716,0.962,-0.372,0.565,-1.248,-0.723,0.253,0.132,-0.131,0.988,1.444,-0.858,1.53,-1.734,-1.515,0.532,1.648,Breaststroke,176,233,0.328
1.671,1.099,1.141,-0.554,0.601,1.106,-1.329,-2.581,-0.636,0.523,-1.722,0.722,-0.618,0.319,-1.764,-0.181,0.288,-0.92,-2.778,0.88,-0.508,1.494,1.201,1.192,-0.753,-0.045,-0.435,0.883,0.496,-0.296,-1.148,1.775,0.158,-2.621,-0.021,0.182,0.276,-0.72,0.676,-0.162,-1.015,-0.099,0.475,0.108,-0.525,1.359,0.083,-0.76,0.938,-1.162,-0.162,-1.295,0.971,-0.682,-0.583,-1.933,-1.144,-0.605,0.645,-0.675,Breaststroke,594,708,0.219
-0.492,-0.445,-0.416,-0.59,0.891,-0.558,0.039,0.112,-1.261,0.445,-0.132,0.835,0.234,0.157,1.489,0.85,0.291,0.912,-0.394,0.053,0.664,0.014,1.274,-1.34,2.24,-2.147,-0.347,-0.313,1.633,0.133,1.043,-0.53,0.303,0.461,0.45,-0.073,1.095,0.375,0.251,2.318,-0.315,-2.446,-0.9,-0.725,-0.918,-0.001,0.49,-0.876,-0.002,-0.354,0.953,-0.231,1.804,1.112,-0.791,-1.454,-0.056,1.905,-0.9,-1.393,Backstroke,444,407,0.505
0.741,-0.206,-0.166,-0.257,-0.172,1.518,1.826,0.254,-1.616,-0.939,-1.257,0.658,-1.18,-0.306,1.967,-0.743,-1.228,0.62,-1.664,-0.403,0.006,1.578,-0.18,-0.008,-0.034,-0.129,0.639,0.059,-1.202,0.17,-0.466,0.579,1.547,1.181,-1.27,0.464,0.264,-1.051,-0.58,0.486,1.795,-0.705,-1.477,1.455,-0.417,-0.431,0.279,-1.698,1.971,0.138,2.014,-0.303,-0.921,-0.353,0.169,-0.246,0.095,-0.206,0.814,-0.469,Front Crawl,1262,128,0.667
0.761,-1.015,-0.568,-0.574,1.161,-1.757,0.462,1.777,0.863,0.297,0.194,0.266,0.926,-0.015,-0.066,1.409,-0.556,-0.761,2.04,1.155,0.108,-0.807,0.325,0.529,-1.48,0.552,0.566,1.703,0.376,-0.101,-0.538,-0.3,-1.765,0.215,-0.284,-0.038,1.041,-0.163,0.36,0.665,-0.662,-2.012,-0.091,-2.49,-0.011,0.673,-0.927,0.53,0.233,-0.782,-0.126,0.804,0.007,-0.816,2.277,-0.047,-0.211,0.846,1.69,-0.196,Backstroke,235,278,0.431
0.033,-0.587,1.568,-0.977,-1.926,1.592,-0.126,0.425,-2.421,-1.331,4.437,0.861,1.335,-0.322,-0.052,-0.448,-0.977,0.446,0.57,0.881,-1.503,0.545,0.659,0.911,-0.166,0.235,-1.011,1.597,0.964,1.417,-0.99,-0.414,-0.046,0.157,-0.342,0.59,1.47,-2.478,-1.185,0.763,-0.785,1.106,-2.07,-1.005,-1.602,-0.022,2.986,0.106,0.298,1.057,0.386,0.317,-0.42,-0.188,-0.339,-0.949,-1.311,1.284,1.54,-0.051,Butterfly,1811,1051,0.217
0.89,0.466,-0.248,-0.695,0.831,0.801,-1.625,-0.238,1.039,0.396,-1.14,0.734,-2.341,-0.663,-0.782,-0.793,0.422,0.481,0.112,-0.579,0.298,-1.249,-1.5,0.956,-0.636,0.319,-1.049,0.736,-0.033,-0.436,0.014,-0.708,0.502,0.35,0.974,-0.061,0.305,-1.504,-0.585,-0.62,1.106,-0.106,0.473,-0.467,-1.444,-0.405,1.412,-0.802,1.283,1.271,0.701,0.918,-2.68,1.109,-1.373,-0.9,2.135,-0.503,1.47,0.809,Breaststroke,155,747,0.352
0.044,0.703,-0.232,0.271,-1.788,0.582,-1.407,-1.403,1.568,0.51,0.747,-0.983,0.005,0.103,0.945,-0.031,-0.673,1.696,-0.348,-0.649,0.306,1.518,0.784,0.444,-0.729,-0.841,1.705,-1.596,0.724,0.249,-0.643,0.017,0.342,-0.023,1.668,-0.275,-0.454,-0.572,0.492,1.361,-1.692,0.584,0.826,0.749,1.726,-2.186,-1.153,1.72,0.175,1.122,0.492,1.75,-0.693,-0.145,0.588,-0.296,1.165,-0.322,0.049,0.521,Breaststroke,251,247,0.569
-0.309,-1.603,1.246,-0.196,0.024,0.208,0.977,0.105,-0.006,-1.236,0.539,-0.727,1.655,-0.0,0.33,0.264,-1.223,-1.857,0.936,0.208,0.371,-0.659,-1.787,-1.798,1.624,1.209,1.292,-0.122,1.287,-1.385,-0.293,-0.484,-0.296,-1.293,0.912,-0.609,0.532,0.017,-0.03,0.819,1.179,-0.114,-0.715,-0.893,-0.31,0.282,0.389,0.67,-0.247,0.353,0.604,1.671,0.662,-0.851,-1.869,0.94,1.124,0.199,-0.383,0.179,Freestyle,936,960,0.74
-1.119,0.999,-0.401,-1.104,1.915,-1.141,0.436,0.531,-0.32,-0.784,0.544,-1.57,-1.592,0.427,1.821,-0.786,0.108,0.839,-0.15,-1.168,-0.687,-1.086,-0.373,-0.535,-0.523,1.677,0.189,0.396,-0.868,1.19,0.314,0.294,0.432,-1.396,0.294,0.192,1.465,1.168,0.431,-1.368,0.184,-1.591,1.051,-1.859,-0.821,-0.176,0.268,0.046,1.162,-0.877,0.66,1.27,-0.482,0.769,-1.067,2.871,0.555,-1.184,-0.047,0.55,Breaststroke,834,771,0.433
0.592,0.418,-1.259,-0.91,0.18,0.551,-0.025,-0.65,0.473,-0.953,0.685,-1.412,1.779,-1.452,0.241,1.345,0.054,-0.006,-0.146,-1.893,1.765,0.175,0.612,-0.678,1.011,0.141,0.409,-0.023,-0.511,0.515,0.242,-0.571,-0.008,-0.914,0.588,1.139,-0.49,0.956,0.125,-0.014,-0.044,0.393,0.141,1.054,1.501,-1.073,0.583,0.862,-0.509,-1.234,0.148,-0.285,0.16,0.005,0.875,-0.543,-1.586,-0.712,0.326,0.11,Butterfly,530,681,0.386
0.751,0.737,-1.582,-0.031,-1.752,2.298,0.465,-0.112,-0.601,1.344,0.824,-0.988,-0.123,0.64,-0.497,1.725,0.332,0.885,-0.898,0.107,0.221,0.407,0.679,-0.523,-0.036,1.772,-1.179,0.774,-0.128,0.916,-1.762,-1.412,-0.683,2.631,0.394,-1.52,-0.09,-0.66,0.145,0.194,-1.21,-0.148,1.398,1.268,0.007,-0.095,-0.647,1.208,-1.231,1.397,0.297,0.132,2.254,-0.936,0.877,-0.369,0.359,1.266,-1.389,0.771,Freestyle,1014,495,0.58
-1.519,-0.869,0.673,1.08,-0.663,-0.343,-0.51,-1.22,0.103,-0.217,-0.154,0.284,1.262,0.776,0.922,-0.649,2.517,1.045,-1.097,-0.959,-0.134,-2.261,-0.357,0.245,-0.649,0.148,-0.484,0.424,-0.901,0.603,0.667,-0.863,0.173,1.08,1.778,1.465,-0.824,-2.079,0.822,0.724,-1.117,-0.019,-0.542,0.354,0.716,-0.921,-0.248,-0.056,1.602,0.6,-0.145,0.058,-1.321,-1.214,-2.62,0.731,-0.381,1.433,-1.863,-0.082,Freestyle,949,533,0.279
1.897,0.658,0.102,0.477,-0.686,0.323,-0.984,-0.344,0.502,1.026,-0.353,-0.166,0.687,-1.535,-0.629,-1.273,0.461,0.234,0.633,0.993,0.466,0.489,-0.242,-0.151,0.316,-1.28,-2.295,-0.178,0.087,-0.775,0.646,-0.371,1.092,0.576,1.286,-1.163,0.292,2.038,0.399,1.539,-1.21,-0.242,-0.394,0.879,-0.413,1.034,-0.163,-0.334,1.817,-0.733,-0.078,1.901,-1.073,0.147,0.443,-0.246,-0.52,-0.354,-1.067,-0.197,Freestyle,1631,838,0.375
1.124,1.0,0.263,-0.191,-0.162,2.159,-0.967,-1.914,-1.733,1.921,-0.24,2.452,1.838,0.633,-1.053,-0.423,1.04,0.538,0.45,-1.795,-0.648,0.963,-0.745,-0.921,1.309,-0.713,0.28,0.1,-1.346,-1.2,-0.253,-0.124,-1.28,-0.734,-1.461,-1.033,0.609,-0.295,0.005,-0.803,-1.217,-1.934,0.06,-1.274,0.634,-0.39,0.934,1.078,1.52,0.123,-1.238,1.776,1.059,1.685,1.077,-0.619,-0.049,1.919,0.397,0.257,Freestyle,634,930,0.27
-0.07,-0.807,-2.426,-1.002,-0.412,0.34,0.791,0.108,-1.87,-0.028,-1.787,0.0,-0.806,0.314,2.394,1.155,-1.711,-0.361,0.19,-0.715,1.057,-1.828,-1.045,0.501,0.767,-0.246,0.019,-0.347,-1.118,-0.463,-0.376,-1.115,-0.009,-0.927,-0.015,0.683,-0.16,0.163,0.96,0.947,-0.794,1.057,1.292,0.943,-1.985,-0.954,0.176,-0.429,-1.024,-0.822,-0.291,0.707,1.467,0.883,0.205,1.138,-1.314,0.866,0.122,-1.235,Butterfly,1446,338,0.757
0.127,0.105,-1.784,-0.155,0.112,-0.517,0.706,-0.128,-0.208,0.655,-0.768,2.227,0.806,-1.181,1.619,-1.015,-0.15,0.747,0.153,0.736,-0.703,0.83,-1.489,0.545,0.969,-0.691,-0.997,-1.665,-2.371,-3.106,-0.952,0.115,0.21,0.887,0.634,-0.882,-0.252,1.2,0.564,-1.438,-1.115,0.461,0.217,1.193,-0.738,0.743,-0.784,1.264,0.298,-0.034,1.259,1.349,1.031,-1.301,0.065,0.967,-1.037,0.471,0.727,-1.892,Front Crawl,1227,112,0.244
-0.617,-0.234,0.428,0.56,1.198,1.606,-0.54,-1.392,1.316,-0.516,-0.513,-1.306,0.179,-0.403,-1.172,1.73,-0.623,-0.389,-1.5,0.139,-1.566,0.901,-0.719,-1.395,-0.19,0.903,-0.79,-0.474,-1.879,-0.661,-0.766,0.021,0.097,0.902,-0.622,-1.361,-1.172,0.991,1.32,-0.523,1.829,-0.255,-0.177,2.234,-0.255,0.51,0.343,0.544,-1.549,-0.706,-1.572,-2.299,0.249,0.507,-2.04,0.776,-0.428,0.449,0.224,0.44,Front Crawl,941,336,0.607
1.335,-0.944,-0.516,0.29,-1.55,0.306,0.268,0.837,-0.196,-1.091,0.355,0.876,1.465,0.207,0.426,1.845,-1.175,0.919,-0.859,-0.024,-0.541,1.24,0.473,-0.662,-0.527,0.573,1.134,0.953,-0.566,0.307,-0.105,0.627,0.177,-0.194,1.308,0.386,0.457,0.213,-0.141,0.336,-0.6,-0.685,0.658,0.553,-0.737,0.768,-1.293,0.338,-0.34,-1.108,-0.717,1.398,0.524,-1.373,1.17,0.193,-1.841,-0.617,0.341,1.01,Breaststroke,228,778,0.513
-1.759,0.077,-0.114,0.039,0.863,1.689,0.187,0.388,0.578,0.257,-1.674,-0.437,2.815,0.715,0.227,0.848,0.923,1.163,1.991,0.38,-0.788,0.509,0.516,-0.874,-0.771,-0.135,0.86,0.66,0.127,-1.012,-0.397,-0.376,0.407,0.19,-0.944,-0.911,0.168,-1.443,-0.478,0.742,-0.628,0.525,-0.29,-0.198,1.389,0.759,-0.453,0.105,0.918,-0.538,-0.103,-0.068,0.668,-0.641,0.175,-0.565,-0.341,0.037,1.64,1.465,Freestyle,903,538,0.662
-0.227,0.981,0.188,0.14,-1.499,2.908,0.37,-0.136,0.411,-0.32,0.343,1.646,1.239,1.693,-1.898,1.314,-2.126,-0.485,0.779,0.278,2.2,-0.62,-0.72,0.067,0.477,-0.352,-1.036,0.086,-0.514,0.352,0.802,0.165,-0.552,0.068,-0.243,-2.026,2.177,-0.01,1.301,-1.08,-1.085,-0.261,0.419,-0.686,0.085,0.659,-0.014,-2.029,-1.059,-0.147,-1.269,1.153,-2.841,1.303,0.248,1.798,0.112,-0.127,0.517,1.18,Breaststroke,1195,620,0.158
0.041,1.301,-0.091,0.094,0.515,-1.004,-0.292,0.006,0.019,0.345,1.831,-1.228,-0.385,-1.314,0.671,1.711,1.649,-1.501,0.338,0.438,-0.922,-1.222,0.702,0.674,-0.765,2.361,-1.347,-0.603,1.752,0.185,0.865,-1.036,-2.062,0.968,-0.193,-0.405,0.222,-0.632,3.066,-1.441,0.673,0.842,-1.444,-0.533,1.649,-0.413,0.726,-0.136,-1.029,0.299,0.33,0.593,0.286,-0.256,1.687,-1.326,0.915,-0.468,2.17,1.903,Breaststroke,448,314,0.721
0.95,-0.55,1.284,2.32,-0.801,-1.59,-0.478,2.075,0.213,-0.91,0.531,-0.247,-0.591,0.56,-0.909,-0.593,0.97,-0.946,-0.201,-0.909,-1.17,-0.17,-1.317,0.289,0.12,-0.061,0.285,-1.209,0.834,1.191,-0.775,0.67,0.328,1.396,-2.886,-1.1,1.315,0.425,1.033,0.877,-0.443,-0.792,-0.977,-0.751,0.707,0.615,-0.567,0.27,-0.418,0.832,0.649,-0.869,0.183,-0.287,1.213,0.323,-1.5,-0.961,-1.338,-1.384,Freestyle,1627,936,0.772
1.096,0.142,0.09,0.018,-0.784,-2.201,-1.861,1.123,-0.022,-0.086,2.233,0.241,-0.803,0.462,0.658,0.765,-1.309,-0.816,1.44,-0.049,-0.229,0.91,-1.592,1.363,0.174,-0.401,0.523,-0.491,-0.537,0.012,-1.573,-0.925,-0.478,-0.402,-0.206,0.731,-0.928,-0.034,-0.813,0.422,-0.215,-1.144,-1.933,-0.828,0.661,-1.041,1.251,-0.029,-0.059,0.135,-0.893,0.731,-0.359,-0.598,-2.296,0.334,-1.564,-0.89,-1.206,0.062,Breaststroke,112,317,0.493
-1.089,1.946,-0.724,-0.43,0.782,-0.124,-0.982,0.616,-0.52,-1.386,-1.409,0.877,-0.175,-1.913,0.732,-0.407,1.829,0.022,0.386,-0.018,-1.537,-0.767,1.442,-0.623,0.008,-1.392,0.751,0.195,0.4,-0.426,-1.207,0.897,0.051,-0.401,0.608,0.864,1.226,-0.406,-1.011,-0.091,0.292,1.378,-1.285,0.239,-0.319,-0.648,-0.234,0.801,1.311,-0.408,-0.113,-0.308,2.22,1.259,1.462,0.11,1.587,-1.629,0.717,0.75,Butterfly,691,814,0.535
-1.301,0.563,-1.932,0.842,-0.226,-0.648,2.091,0.308,-1.0,0.833,1.168,-1.061,-0.036,-0.377,0.092,-0.564,-1.195,-0.332,0.981,-0.102,0.925,-1.306,-0.857,0.641,-0.298,1.343,0.314,-1.428,-1.754,-0.765,0.006,1.068,1.446,-0.228,2.333,0.86,-1.574,-1.198,-0.45,1.043,0.162,0.968,0.191,0.436,1.048,-0.879,0.836,-1.445,-0.32,-0.118,0.271,-0.44,0.793,-0.231,0.166,0.002,1.62,1.219,0.056,-0.667,Freestyle,1189,577,0.467
0.532,2.811,-1.72,0.833,0.946,1.676,0.572,1.51,0.221,-0.883,-0.022,0.073,-1.197,-0.143,-1.605,-0.25,0.871,0.33,1.199,1.163,1.229,-0.917,1.95,0.631,-0.341,-1.279,-1.817,-1.038,2.216,-2.958,0.427,-0.456,1.506,-0.598,1.533,-1.17,-0.148,0.673,-0.59,-0.846,1.055,1.809,-1.669,0.259,1.193,-0.663,0.148,1.342,0.116,0.541,0.581,-1.47,-0.221,-1.33,0.841,0.125,0.081,0.278,-0.308,0.349,Freestyle,1874,832,0.352
-1.201,-1.094,1.175,0.202,1.328,2.132,0.437,-0.141,-1.543,0.171,-1.114,1.102,-0.584,0.427,-0.252,-1.406,1.106,0.641,0.239,-0.811,-1.298,-0.576,1.125,1.948,-1.734,0.208,1.991,-2.029,0.889,0.44,0.706,-0.136,1.87,1.107,0.009,1.227,2.766,1.577,-0.24,0.656,2.354,0.22,-0.746,0.961,0.315,0.876,-0.915,1.063,0.243,-0.776,-0.065,1.814,-1.594,1.101,-0.661,-0.625,1.401,-0.767,0.281,-0.75,Freestyle,980,377,0.577
0.806,-0.938,0.566,-0.119,-1.196,-0.418,-0.302,1.301,0.087,-1.094,-0.085,-0.583,0.018,-0.272,1.385,-2.39,0.734,0.723,-0.738,2.167,-0.015,-0.382,-0.356,-0.211,-0.424,-0.235,0.9,0.922,-0.09,0.188,-0.027,0.371,0.332,-0.533,0.869,2.684,-0.997,0.712,0.304,-1.927,-1.157,-0.404,1.487,-0.203,1.162,-0.897,-0.562,0.151,-0.083,-0.975,0.383,-1.416,1.061,-1.233,0.577,1.509,1.816,-0.257,0.522,-1.067,Freestyle,1366,830,0.413
0.56,1.394,-0.209,-0.886,0.612,1.118,-1.395,1.588,-2.105,0.187,0.792,-1.327,-0.138,0.509,0.241,-1.294,-0.65,-0.387,-0.092,-3.404,-0.344,1.031,-0.035,1.217,0.386,0.049,0.251,1.162,0.137,2.089,-0.034,1.296,-1.702,-1.882,-1.386,0.979,-1.257,0.452,1.491,-0.818,-0.273,-0.304,0.101,0.597,0.018,-0.426,0.548,-0.547,0.718,-1.744,0.258,0.693,0.654,-0.284,0.039,-0.193,0.351,-0.688,3.77,2.153,Freestyle,1530,628,0.35
-0.681,-0.575,-0.774,0.516,-0.642,-0.855,0.221,0.524,-0.701,1.557,0.848,-1.769,0.959,-0.117,-0.047,-1.796,-1.223,-0.429,-0.703,0.5,-0.14,-1.05,-1.835,0.221,1.108,1.112,-1.57,0.237,0.279,0.456,-0.521,0.015,2.414,1.17,-0.094,-0.953,-0.207,-0.929,-1.04,0.674,-0.549,0.032,0.406,0.836,0.816,1.045,0.811,0.239,0.825,-0.106,0.917,-0.415,-0.62,0.996,0.121,-0.932,-0.687,-1.074,-0.32,0.48,Freestyle,111,751,0.629
2.633,0.21,-0.622,2.63,0.357,-1.739,0.427,0.593,-0.801,-0.565,-0.176,-0.334,1.361,1.022,1.022,0.997,-0.208,1.29,-0.862,0.714,0.546,1.082,0.926,0.812,0.606,-1.326,0.12,1.139,1.717,0.749,-0.276,0.063,2.156,-1.404,0.742,0.551,1.133,-1.108,-0.819,1.404,-0.337,-1.042,-1.084,1.62,0.148,-1.828,0.004,1.021,-1.013,0.896,0.327,-0.129,0.71,-1.066,1.08,-0.431,-0.15,0.049,1.493,-0.042,Breaststroke,173,931,0.754
-2.039,1.831,0.322,-0.175,-0.096,0.555,-0.166,0.809,-0.497,-2.273,-0.938,-0.47,0.383,-0.882,0.7,-1.793,-0.936,2.027,-1.272,0.215,-1.175,-0.376,0.101,0.531,0.432,-0.922,0.67,0.604,0.887,-0.914,0.164,0.822,0.769,-1.482,0.738,0.205,-1.789,0.383,0.397,-0.044,1.234,-1.071,-2.187,0.199,0.756,-1.073,-1.926,0.189,-0.765,-0.643,-0.195,-0.472,-0.02,0.18,-1.731,-0.258,0.649,0.146,0.59,-0.888,Freestyle,177,647,0.303
1.955,0.985,-1.357,-0.271,-0.736,1.852,0.366,1.135,-1.676,-1.358,-1.275,1.326,0.443,0.932,-0.014,2.3,0.38,-1.788,-0.109,-0.046,-0.236,1.241,0.043,1.222,1.22,-2.664,1.356,-1.075,-1.13,0.489,-0.552,-0.273,1.22,0.733,1.371,-1.309,-0.062,0.749,-0.309,-1.116,-2.273,-0.724,0.225,0.286,1.737,0.287,0.336,0.386,1.363,-2.359,0.464,0.797,-0.849,-0.083,-0.566,1.002,-0.133,1.774,0.149,0.574,Front Crawl,170,1079,0.377
1.052,-0.153,-0.466,-2.422,-0.771,0.504,0.973,-0.165,0.55,0.493,-1.557,0.118,0.569,0.26,0.996,-0.5,-0.678,0.25,-0.893,-0.832,0.231,-0.647,0.638,0.415,-2.008,-0.514,-2.065,-0.386,0.833,0.454,-0.643,1.882,-0.292,-0.164,-0.798,-0.237,0.25,-1.254,-1.102,0.806,-0.975,1.151,0.518,1.249,-1.345,-0.072,-0.682,-0.965,1.617,0.729,-0.225,-1.607,-1.09,-2.005,1.037,0.226,2.045,0.662,-0.128,1.084,Backstroke,1469,351,0.298
-0.0,0.622,-0.414,0.865,0.014,-0.433,-1.488,-0.041,0.42,0.667,0.134,-0.231,-0.122,-0.207,2.081,-0.678,1.754,-0.61,-1.062,0.53,-0.413,-0.474,-0.339,0.187,0.516,1.377,0.218,2.394,1.024,-1.05,1.601,-0.989,-0.827,-0.946,-0.358,-0.272,0.151,0.184,-0.547,0.574,-0.772,-2.258,1.224,-1.007,-0.512,0.114,1.261,-0.582,0.332,-0.778,0.113,1.319,-0.221,0.767,-0.038,0.573,-1.207,0.303,-2.611,0.252,Backstroke,398,1018,0.561
0.929,-1.889,0.857,-0.324,0.324,-0.466,-1.383,1.844,-0.971,-0.526,-1.159,0.677,-0.357,0.896,0.265,-0.751,1.051,-0.513,1.021,-0.692,-0.527,-0.205,0.713,0.898,-1.204,0.239,-0.63,-0.318,-0.486,1.453,0.55,-1.169,0.586,0.961,0.222,-1.694,0.453,0.054,-0.374,-0.88,0.466,-1.748,-1.212,-1.528,-0.053,-0.545,-1.421,1.593,-1.3,-1.398,-1.647,0.806,0.558,1.057,-0.445,0.015,1.25,-2.132,-0.26,0.333,Breaststroke,1070,820,0.362
0.47,1.497,0.351,-0.793,1.799,1.212,0.812,1.755,0.697,1.879,0.756,-0.482,-0.947,-0.148,-1.18,0.174,0.314,-0.732,-0.295,2.381,-0.214,0.627,0.538,0.256,0.952,1.446,1.557,0.678,-0.854,-0.097,-1.853,-0.145,1.316,2.013,0.487,-0.9,0.805,0.564,-0.233,-0.545,-0.224,-0.251,-0.064,0.409,1.326,-0.539,-0.184,1.371,0.624,0.456,-0.376,-0.882,-1.019,-2.232,0.745,2.931,0.253,-1.512,0.743,-1.982,Backstroke,1623,742,0.532
0.149,-0.219,0.258,0.35,-0.271,0.851,-0.727,-1.567,1.396,-0.194,0.574,0.59,0.486,-1.124,-0.311,-0.942,-0.377,-2.058,-1.33,1.543,0.197,-0.461,-0.949,1.243,-0.249,0.062,-0.523,1.054,-1.077,-1.166,-1.1,-0.841,-0.623,-1.197,-1.9,0.036,-0.873,1.711,-2.54,0.974,-0.374,-0.522,0.135,1.154,-1.672,0.308,0.011,0.116,-0.569,0.601,-0.256,0.373,1.625,-0.724,-0.91,0.505,-0.726,-0.943,-0.567,0.084,Front Crawl,1821,1058,0.253
-0.167,0.648,-0.735,0.77,0.139,-0.94,-1.172,0.122,-0.133,1.953,1.292,0.997,-0.275,0.117,0.583,0.853,-1.602,0.211,0.024,-1.55,0.512,1.714,-0.911,1.544,-0.674,0.007,-1.73,1.236,-0.67,-2.155,-0.046,0.134,0.439,-1.6,0.222,-0.373,0.324,2.023,0.147,-0.518,-1.575,0.091,0.216,0.183,1.769,0.331,-0.048,2.05,-2.105,0.119,-0.777,-0.787,0.515,-1.252,1.156,-1.324,-1.658,1.011,-0.323,-1.582,Backstroke,908,424,0.338
2.143,-0.172,0.51,0.726,0.336,0.962,-2.252,0.227,1.394,-0.293,-0.086,-0.838,0.657,0.283,-0.382,-0.203,0.719,0.582,0.155,0.575,-0.003,0.363,1.426,1.026,-0.242,-0.291,0.872,-0.526,-0.851,-0.793,-0.353,0.274,0.315,-0.978,-0.793,-1.198,-0.455,0.114,-0.104,0.594,-0.737,-0.303,-1.103,-0.423,-0.716,-0.717,0.264,0.685,1.34,-0.039,0.322,0.182,-1.237,1.284,-2.598,0.6,0.222,0.174,0.442,-1.1,Front Crawl,148,834,0.301
-1.868,0.509,1.293,1.431,0.567,-0.514,-0.185,0.751,-0.767,-1.24,0.121,0.274,0.175,0.192,-2.374,-0.632,0.463,0.079,1.044,0.234,1.682,-0.264,-1.864,0.343,2.08,-1.077,0.318,1.219,0.384,0.483,0.284,0.813,-0.99,-2.063,0.516,1.613,0.96,-0.335,-1.629,0.163,0.471,0.705,-0.301,0.603,-0.228,0.492,0.795,-1.359,-0.546,-1.357,0.956,1.154,-2.366,1.463,-1.221,-1.409,-0.813,-0.541,0.917,-0.928,Breaststroke,436,974,0.778
-1.049,-0.687,0.814,-1.502,-1.947,-0.007,-0.454,0.999,0.118,0.242,-0.926,-0.805,-0.152,0.368,0.176,-0.077,-1.097,-1.036,-0.829,0.058,-1.253,1.487,-0.184,-0.302,-0.168,-1.503,-0.781,1.622,-1.518,0.429,0.815,0.282,-0.781,-0.815,-0.779,0.247,0.079,-0.565,0.264,0.624,-0.28,0.445,0.903,0.248,-0.011,0.699,0.477,-0.501,0.121,1.906,0.557,-0.618,0.1,0.551,0.589,2.596,-0.196,0.257,-0.006,-0.499,Front Crawl,371,318,0.618
-0.088,-0.404,1.61,-2.562,-0.833,1.299,0.221,-0.635,-1.263,0.143,-0.85,-0.387,-1.359,0.742,0.318,0.7,0.38,0.022,-0.218,0.26,1.085,1.039,0.841,-1.151,-0.905,-0.84,0.768,-2.181,0.251,-0.778,1.897,-0.957,2.445,-0.003,0.526,-0.975,-0.38,1.331,1.771,-1.408,-0.225,-0.084,0.637,-0.011,-0.22,0.414,0.565,-2.305,0.838,1.171,1.806,1.835,-1.413,0.713,0.93,-1.011,-1.079,1.104,-0.425,2.395,Front Crawl,1801,1051,0.039
0.151,-1.555,0.812,0.031,0.539,0.571,0.37,-0.156,0.37,-0.307,0.501,0.087,1.495,0.446,-1.275,0.223,1.963,-0.173,0.532,-0.558,0.722,-1.317,1.069,1.124,-0.382,2.155,-0.741,-0.381,0.811,0.674,1.126,-0.178,-0.781,-0.151,-1.197,-1.191,-2.31,-1.677,-0.372,-0.366,-0.111,-1.569,0.409,-1.129,0.031,-1.435,0.547,-0.955,-1.292,0.588,-0.909,-0.986,-0.246,-1.164,0.039,0.783,-0.799,1.05,0.97,0.508,Front Crawl,1640,236,0.692
0.054,1.413,0.298,-0.845,-1.277,-0.134,0.909,1.497,-0.765,-0.476,1.088,0.045,-0.91,-1.835,2.453,-0.75,-0.149,0.169,0.016,-1.855,-1.596,-2.289,-1.034,-0.611,0.433,0.277,-0.065,-1.364,0.755,-0.392,0.257,0.254,1.414,1.839,-1.028,-0.4,-0.017,0.076,-1.371,0.402,-0.593,-0.205,-0.895,0.246,0.216,-1.181,0.709,0.206,0.063,-1.05,0.298,0.179,-1.166,0.008,-1.504,1.719,0.963,-1.69,0.135,0.384,Backstroke,1618,188,0.798
-0.553,-0.021,-1.291,0.274,-0.894,-0.138,-0.309,-1.914,0.184,-0.303,-0.22,1.51,1.014,0.525,-1.277,-0.453,-1.287,-1.232,1.076,0.437,-0.364,0.209,-0.546,0.332,-0.257,0.48,0.902,-0.236,-1.276,-0.709,1.075,1.824,1.255,0.381,2.175,-0.037,-0.865,0.256,-1.355,1.898,0.528,0.676,1.89,-0.172,0.84,0.672,0.325,0.696,-0.844,0.15,-1.026,0.508,0.257,0.327,0.559,0.058,-0.467,2.745,0.776,-0.925,Butterfly,364,425,0.162
0.817,1.722,0.806,-0.28,-3.208,-1.631,-1.22,2.077,-2.093,0.862,-0.064,0.566,0.242,0.534,-0.205,0.657,-0.865,0.342,1.811,-0.33,-1.342,-0.214,1.26,1.183,-0.145,-1.029,-1.815,-0.804,0.118,-0.538,0.977,-0.26,-0.281,-0.474,-0.787,-0.442,0.702,0.26,0.305,0.448,0.769,0.427,0.561,-0.998,-1.418,0.898,-0.732,-0.234,-0.647,0.96,-0.675,-0.226,-1.366,-1.399,0.482,-0.095,0.458,-1.149,-1.016,-0.443,Backstroke,591,1060,0.922
-0.513,0.609,-0.362,1.035,-0.382,-0.054,0.24,0.848,0.622,-1.318,0.784,-0.274,0.113,-0.123,2.546,0.23,-1.628,1.713,-0.636,0.773,-1.695,-0.325,-0.791,0.798,-1.713,1.583,-0.267,-0.519,-0.229,-2.88,0.573,-0.585,-1.583,-0.317,0.873,1.56,-0.969,-1.772,0.426,-0.613,-0.484,1.9,-0.349,-0.722,-0.203,1.204,-1.646,-0.552,1.426,-0.843,0.735,-1.545,-1.158,-1.939,-0.67,0.759,-0.188,0.187,-0.772,1.503,Freestyle,537,613,0.27
-1.027,0.132,-0.88,-0.025,-1.122,0.517,-1.697,0.643,-1.692,0.408,-0.429,0.101,0.98,-0.336,-0.758,-0.088,-0.254,-0.206,-1.052,1.472,0.293,0.247,-0.754,-0.002,2.141,-0.681,0.61,-0.206,1.198,-0.327,-1.007,0.43,-0.088,0.561,1.234,1.264,-0.771,-0.009,0.573,-0.066,1.248,0.485,-0.174,0.315,1.389,-1.777,0.601,-1.261,-0.754,1.056,1.631,-0.125,-0.205,0.254,-0.086,-1.423,-0.733,-1.697,-0.332,0.38,Breaststroke,767,683,0.35
1.186,-1.065,-0.21,0.158,-0.381,-0.886,1.677,0.29,0.553,-0.826,0.013,-0.099,0.822,-0.332,2.676,0.236,-0.233,0.195,1.067,1.338,0.397,-1.19,-0.343,0.434,0.816,0.055,0.224,0.624,2.552,-0.183,-0.325,0.011,2.12,-0.06,0.905,-1.574,1.328,-0.559,-2.772,0.323,-0.541,-0.341,0.348,-0.381,1.077,-1.222,1.088,-0.026,-0.176,1.674,1.337,1.184,0.533,-0.39,-1.292,0.474,0.203,-1.27,-2.271,-0.889,Breaststroke,878,971,0.864
0.81,-0.523,-0.796,-1.463,0.524,-0.1,-1.859,-0.972,0.36,-1.523,-0.397,-0.583,0.291,-0.447,0.64,0.366,0.601,1.785,-0.794,1.622,0.03,0.577,-0.333,-0.615,-0.504,-1.036,-1.279,-1.134,0.587,-0.702,0.267,-0.064,-0.576,-1.093,-0.573,-0.11,1.019,1.087,1.191,1.196,0.977,1.072,0.042,-1.646,0.216,0.326,-0.926,-0.981,-0.922,-0.84,1.08,-0.86,0.073,0.041,0.482,0.19,-0.187,0.056,-0.939,0.675,Backstroke,1006,627,0.264
0.138,1.075,0.892,0.757,0.079,0.887,-1.775,-1.351,-0.874,1.762,0.426,1.349,-0.441,-0.352,0.551,0.499,0.812,0.633,0.674,-0.028,1.457,-0.239,0.239,-0.391,-2.101,-0.032,-1.443,0.291,-0.64,1.076,-1.297,0.379,-1.316,-0.696,-1.54,-0.505,-0.842,-0.089,-0.709,0.303,-0.072,-0.107,0.221,-1.305,-0.13,-0.575,0.521,-0.342,-0.049,-0.271,-0.362,-0.303,0.563,1.391,0.762,-0.66,-0.109,0.258,0.621,0.469,Freestyle,1846,743,0.682
-0.57,-0.567,-0.267,0.878,0.696,-1.061,-0.417,-2.565,-0.919,-0.164,1.292,-0.249,-1.683,0.644,-1.121,-0.727,-0.393,-0.251,0.521,0.217,-0.641,-1.405,-0.133,-1.202,1.064,-0.564,0.792,1.625,-0.241,0.871,2.953,-1.333,0.363,-0.145,-0.325,-0.085,0.185,-0.569,0.328,0.936,-0.754,-0.931,0.307,0.947,-0.267,0.388,1.099,0.332,-0.678,-1.035,-0.479,0.201,0.017,0.204,-0.663,0.398,0.281,-0.287,0.367,-0.296,Butterfly,1249,940,0.715
-1.197,0.484,-1.636,1.915,1.88,-1.141,0.923,1.256,0.076,-2.216,1.296,1.691,2.68,0.523,0.859,0.506,0.102,0.649,0.589,-0.578,0.995,1.526,-0.97,0.689,-2.215,-0.008,-0.7,-0.397,-0.931,-0.446,-0.336,-1.461,0.381,-0.109,-0.86,1.959,0.013,-2.226,2.483,-1.173,-0.006,-1.031,0.048,0.717,0.072,-0.175,0.327,-0.34,0.557,-0.006,1.588,-0.676,0.278,0.161,-0.212,-0.964,0.657,0.405,-1.82,-1.099,Freestyle,1539,946,0.345
-1.088,-1.367,0.522,0.801,-1.461,1.481,-0.869,0.735,0.511,-0.722,0.777,-0.494,0.384,0.801,-0.202,0.15,1.772,-0.488,-0.168,1.729,-1.419,-1.454,0.869,-0.666,-0.841,0.317,-1.445,0.23,0.184,-0.605,-0.203,-1.062,-0.479,0.662,-0.441,-1.071,-0.57,-1.244,0.325,-1.818,-0.011,1.078,1.721,0.694,1.936,-3.263,-1.88,1.621,0.16,0.945,0.894,0.917,-0.543,1.731,0.974,0.272,0.796,-2.003,0.214,-0.043,Freestyle,1745,480,0.843
-0.464,-0.037,0.008,1.135,2.568,-1.113,-2.189,0.215,1.134,-0.865,-1.599,-1.088,2.71,-0.302,-0.267,-0.047,0.211,-0.982,0.351,-1.074,-0.255,-0.125,0.894,-0.752,-1.882,0.188,-0.117,-0.146,0.024,-0.235,0.901,0.386,0.786,0.635,-2.104,0.425,0.393,-1.838,0.058,-0.462,1.513,-0.327,0.511,-0.72,-0.692,-0.303,-0.355,0.451,1.293,-0.549,2.906,-0.933,-0.732,0.891,-0.421,-0.629,0.041,-0.588,0.047,-0.555,Butterfly,1911,669,0.628
1.684,0.189,-0.762,-1.941,-1.11,-1.755,1.489,-1.764,-0.813,-0.41,-0.443,0.377,-0.775,0.756,0.98,1.564,-0.417,-1.107,1.59,0.362,-2.037,-1.185,-0.48,0.364,-0.906,-2.048,0.286,1.84,1.979,0.395,-0.154,0.041,-1.77,1.544,0.276,0.131,-0.18,-1.096,-1.342,0.808,0.151,0.618,0.586,-0.794,-1.569,0.01,0.176,0.067,0.605,2.005,-0.261,-0.344,0.941,-1.595,1.37,1.016,0.197,-1.075,1.252,1.042,Breaststroke,1162,444,0.508
0.596,0.699,1.47,-1.428,0.335,2.01,-0.274,-1.104,1.065,0.531,-0.193,0.982,-0.154,-1.931,-1.317,-0.377,-1.459,-0.93,2.531,0.634,0.186,0.365,0.485,0.734,-0.842,0.398,0.306,0.878,0.276,0.807,-0.19,0.755,1.577,0.52,0.015,-1.032,-0.769,0.504,-0.1,1.377,0.728,-0.967,2.416,-0.312,-0.71,1.169,1.275,0.078,-0.272,1.196,0.245,-1.137,1.032,0.732,-0.328,0.206,-0.638,1.269,0.894,0.438,Breaststroke,371,453,0.659
0.981,1.668,-0.017,-0.389,0.672,0.408,-0.526,1.019,1.566,0.42,-1.324,0.901,0.451,-1.552,-0.452,1.118,0.936,-0.835,0.845,0.26,0.22,0.343,-0.739,1.97,-0.376,0.507,0.024,0.195,-0.866,-0.722,2.339,-1.208,0.203,-0.043,-0.823,0.658,-0.289,-0.95,1.383,0.659,-0.152,1.827,-1.042,-0.631,0.964,-1.018,-0.679,0.495,0.002,-1.555,-1.15,1.062,0.806,-0.48,0.31,-1.65,-1.055,-0.312,-0.194,-0.702,Front Crawl,531,1049,0.751
0.031,0.299,0.342,0.065,0.948,0.791,-1.42,-0.352,-1.853,0.456,-0.747,0.935,-0.589,-1.403,0.589,0.269,0.962,-1.828,0.535,1.152,0.059,0.512,-0.083,0.092,-1.103,-0.145,1.148,-0.276,-1.288,-0.338,2.969,-1.433,-0.684,0.491,0.721,-1.157,0.599,0.947,-0.61,-2.274,1.686,-2.961,0.13,-0.863,0.352,-1.845,-0.5,-1.798,2.461,-0.657,0.343,-1.338,-0.215,0.057,0.652,-0.44,-0.35,-0.385,1.882,-0.23,Backstroke,1771,929,0.538
1.056,1.984,0.167,0.48,-0.528,-0.532,1.412,-0.894,1.257,0.01,-0.921,-0.606,0.177,0.531,-1.503,1.577,1.088,1.046,-0.9,0.643,-1.122,0.069,0.724,1.099,-0.714,-1.001,0.27,1.053,-0.893,0.955,-0.895,-0.263,0.266,0.244,-1.198,-0.732,-0.333,0.083,-0.267,0.866,1.335,-0.792,-0.497,-0.326,-0.299,0.669,-0.617,-0.605,0.243,0.407,0.809,-0.324,-1.243,0.302,0.284,-1.048,0.241,-0.467,-0.416,-1.318,Butterfly,573,434,0.043
-1.139,0.567,0.134,1.4,-0.327,0.765,0.153,-0.562,0.336,-0.287,0.613,1.406,-0.125,1.485,-0.012,0.244,-0.153,1.008,-1.468,-0.542,0.063,1.096,0.868,-0.112,-0.432,1.236,0.238,-1.173,-1.224,0.998,0.729,0.079,2.157,0.184,-0.733,0.038,0.201,-0.026,-2.637,0.25,1.771,-1.036,-1.556,0.527,1.053,-1.481,-1.567,0.237,0.231,0.011,-0.509,-1.653,1.356,-0.019,-0.29,0.716,-2.102,-1.308,-0.245,-0.656,Breaststroke,887,725,0.554
-0.86,1.386,-2.42,-0.079,-0.33,-1.465,-1.323,1.704,-1.133,-0.485,-0.437,-0.344,-2.401,0.022,0.761,1.663,-1.171,-2.778,-0.973,0.904,0.533,-0.176,-1.357,0.397,-0.448,1.737,-0.445,-0.548,0.3,-0.245,0.59,0.388,0.04,0.764,1.077,1.091,0.204,1.084,-0.514,-0.326,1.035,-0.443,0.506,-2.143,-0.341,-1.067,-1.215,-1.042,0.483,0.587,1.435,-0.467,-1.315,0.244,-0.279,0.892,0.194,0.182,0.952,0.159,Freestyle,1909,458,0.445
-1.984,0.986,-0.373,-0.947,0.029,-0.44,1.091,-0.533,-1.231,-1.041,-0.25,1.175,1.541,-0.382,0.525,0.297,-1.689,-0.692,0.221,1.1,-0.47,-0.857,-0.33,-0.413,0.738,-1.209,-2.449,1.067,-0.112,0.23,-0.114,-1.856,0.981,0.034,-0.35,-0.03,-0.547,-0.722,0.789,-0.735,0.189,-0.976,-0.481,0.707,-0.644,0.682,-0.635,-1.071,0.757,-0.227,1.819,1.679,-0.581,1.581,-1.147,0.932,1.908,0.673,-0.053,-0.569,Breaststroke,287,807,0.377
0.978,-0.298,-1.702,0.692,0.52,-0.109,-2.122,0.357,1.46,0.187,-0.435,-0.406,-0.643,-0.781,-0.086,-0.457,1.419,-0.385,-1.817,-1.717,1.42,0.662,1.284,0.014,0.744,-0.285,0.283,-0.297,0.238,-0.062,1.084,0.651,-0.896,-0.425,-0.702,-0.149,0.544,1.316,0.485,-1.076,-0.614,0.067,-1.365,-0.527,1.354,0.893,-0.9,0.893,-3.137,-1.098,0.127,0.678,-0.06,-0.275,0.3,0.816,-0.866,0.346,-0.439,-1.263,Freestyle,1209,972,0.512
1.488,-1.477,-1.016,-1.033,-0.125,-0.597,0.573,0.821,-0.715,-0.683,0.25,1.103,0.579,-0.567,-0.142,-0.272,0.54,-0.168,0.241,-0.496,1.306,0.036,-0.287,-0.64,0.056,-1.347,0.023,1.246,-1.176,-1.238,-0.547,0.302,0.75,2.145,1.597,0.832,0.134,-1.169,0.282,0.413,0.872,0.235,-1.559,-1.256,-0.309,0.254,0.327,-0.602,-0.941,0.157,0.111,0.379,1.358,1.157,-0.604,0.46,1.061,0.631,0.752,0.514,Front Crawl,447,744,0.593
0.117,-1.183,-0.332,1.247,0.811,-0.251,2.022,0.881,1.518,0.36,1.064,1.243,-0.056,-0.062,-0.229,0.972,-0.296,0.533,-1.434,1.602,-1.218,-0.331,-0.244,-0.157,0.37,-1.298,-0.473,-2.757,0.024,1.063,0.397,0.025,-0.768,0.784,-1.264,1.015,-0.733,0.993,1.123,1.516,0.641,-0.791,-1.301,-0.355,-2.315,-1.019,1.773,0.404,1.062,0.714,0.149,0.345,-2.099,-0.668,2.706,-0.717,-0.591,0.271,-1.171,1.841,Freestyle,278,590,0.481
-1.03,1.038,1.438,1.058,-0.447,0.476,-0.492,0.009,-0.33,0.539,-0.485,0.096,-0.74,-0.953,0.079,0.359,1.66,1.163,-0.281,-0.246,0.757,-0.772,1.05,-0.228,-1.928,0.087,0.149,0.126,-1.704,-0.476,-0.378,-0.63,-0.441,-0.367,-1.624,2.254,-0.195,-1.852,-0.665,-0.47,1.48,0.78,2.092,-0.574,0.056,-1.206,-1.471,1.069,-2.03,0.259,-0.697,1.285,0.325,0.074,1.55,0.86,0.167,-0.116,1.282,0.288,Front Crawl,314,1036,0.748
-0.071,-0.883,0.278,1.563,-0.37,0.009,0.567,1.451,-0.483,0.374,-0.454,0.513,0.991,0.629,0.273,0.789,-0.265,1.731,-0.122,-1.204,-1.308,0.673,0.909,-0.531,0.461,-1.131,-0.606,-1.448,-0.942,0.453,0.05,0.284,-0.4,3.723,0.478,0.315,0.247,0.742,0.232,-1.656,-0.662,-0.377,-0.074,0.936,0.397,0.881,-0.082,-1.781,-0.051,-1.388,0.214,0.152,0.157,-0.261,-1.484,0.731,-0.189,-0.381,-0.773,2.275,Butterfly,602,642,0.527
-0.837,0.946,1.697,0.614,-0.805,-0.693,-0.456,-0.247,0.365,-0.133,0.305,-0.326,-1.293,-1.073,1.197,-0.303,0.376,-0.951,0.798,-0.833,1.245,0.386,0.814,-0.898,-2.327,1.837,-0.267,1.155,-0.92,0.945,-0.259,0.033,1.009,1.275,0.756,1.068,0.336,-0.899,-2.309,-1.841,0.539,0.077,-0.727,-0.219,-1.579,-0.502,1.76,0.868,-1.297,0.651,-0.098,-1.263,0.266,-0.027,0.949,-0.175,0.244,2.184,-0.874,0.376,Freestyle,1250,281,0.225
-1.397,0.573,2.04,0.015,1.908,0.799,-0.073,-0.628,1.402,1.001,1.123,-0.945,0.201,0.16,0.663,0.022,0.444,-0.857,1.672,-0.377,-0.125,-1.223,-0.304,0.264,-0.808,-0.078,-1.114,0.01,2.605,0.68,-0.811,-0.908,0.801,-1.081,1.509,-0.244,0.482,-1.333,0.523,0.338,1.496,-0.37,-0.378,0.053,-0.26,-1.198,-0.93,1.029,-0.351,-0.284,-0.532,1.663,1.159,-1.347,-0.745,0.752,-0.922,0.303,-0.492,-0.735,Butterfly,1687,165,0.415
-1.226,0.629,-0.435,0.145,1.451,2.069,0.12,0.045,0.354,1.425,-1.672,-0.832,-0.372,0.295,1.171,1.545,-0.311,-1.117,0.714,-0.187,0.056,0.507,2.613,-0.683,-0.996,0.499,-0.119,-0.387,-1.136,0.952,1.249,-1.529,-0.588,-0.129,-0.519,-0.143,-0.223,2.008,-1.642,-0.563,0.874,-2.091,1.028,0.247,-0.041,-1.287,-0.523,-0.179,0.25,-0.143,-0.317,-0.734,-0.402,0.447,1.986,1.9,-0.091,-1.462,0.106,-0.594,Front Crawl,225,217,0.184
-0.904,-0.773,-0.795,-0.356,0.688,-0.63,1.04,0.765,1.079,0.539,-0.438,-0.345,0.8,0.354,0.374,1.176,-1.333,0.23,-0.494,0.954,3.212,0.177,-1.576,0.166,0.76,0.492,-2.102,-0.022,1.104,0.295,-0.279,-1.515,-0.216,0.39,-0.293,1.163,-0.837,-1.191,0.759,-0.363,2.453,-2.246,1.882,0.417,0.577,0.008,0.629,0.515,0.592,0.037,0.896,0.115,-1.216,1.237,1.242,-0.387,-0.525,0.703,1.002,-0.219,Backstroke,1757,718,0.328
-1.598,0.952,-0.984,-0.151,0.126,-0.277,0.684,0.046,2.882,-0.627,0.704,-1.266,0.179,-0.462,0.346,0.944,0.658,-1.284,-0.233,0.278,0.291,-0.839,-1.627,0.683,0.233,-0.984,-0.553,0.391,1.172,-1.318,-0.13,0.553,0.112,0.35,-0.786,0.063,2.534,-0.415,-0.834,-0.576,1.47,-0.509,-0.16,-0.8,-1.242,-0.326,2.107,-1.853,0.301,0.053,-0.947,-3.218,0.003,0.715,0.691,-0.447,0.794,1.549,0.327,-1.509,Butterfly,902,452,0.192
-1.875,0.444,0.757,-0.242,-1.941,0.729,-0.586,0.509,-0.484,1.323,-0.845,0.461,0.92,-1.179,-0.207,-0.183,-0.221,-1.493,0.011,-0.386,-0.614,0.337,-0.778,2.187,-2.153,-0.068,1.425,0.043,-1.059,0.422,-1.259,0.313,1.043,0.062,0.842,1.458,-1.539,-1.133,1.555,0.243,0.431,0.752,-2.492,-0.736,-0.928,-0.515,0.072,-1.463,-1.464,-1.376,-0.576,0.26,1.452,-1.326,-1.333,0.908,0.919,0.783,2.756,-0.156,Backstroke,1631,183,0.276
1.443,1.314,-1.149,0.019,1.427,1.085,-0.911,-0.55,-0.914,1.143,0.674,-0.957,0.117,0.665,-0.049,-1.353,-1.235,0.291,-1.172,-0.293,-0.935,0.696,0.227,0.634,-1.09,-1.618,1.517,-0.878,-0.533,1.539,-0.65,-0.941,0.057,-1.311,0.317,1.188,0.738,-1.512,0.258,-0.802,0.568,0.052,0.984,-0.16,0.992,0.694,-1.115,0.342,-0.347,0.385,0.808,-0.391,-0.028,-0.554,0.625,-0.4,0.647,0.366,-0.746,0.045,Front Crawl,1014,1052,0.59
-0.208,0.462,0.824,1.05,-0.551,0.244,1.505,-0.16,-1.279,-0.479,-1.459,-0.4,-0.215,0.322,-0.991,1.14,-0.622,0.49,-1.026,0.792,-0.021,-1.719,2.863,-0.279,-1.108,-0.171,1.241,-0.24,0.56,0.143,0.263,0.572,0.139,0.014,0.062,1.483,-1.203,0.566,1.374,0.991,2.104,0.387,-0.388,0.743,-1.103,-1.201,1.85,-0.209,-0.133,-0.088,-0.798,-1.325,-1.912,-0.412,-0.979,-0.995,-0.24,-0.963,1.815,0.125,Backstroke,1458,184,0.422
-0.941,-1.133,0.168,0.763,-1.584,-0.585,0.87,0.069,1.362,0.605,-1.098,-0.774,-0.865,0.909,0.253,2.389,0.594,1.395,-0.323,-0.391,0.203,1.269,0.418,-0.996,2.014,1.232,-0.907,-0.99,-0.862,0.743,-0.098,0.872,-0.322,-0.57,0.231,0.032,-0.87,0.515,-0.551,0.708,-1.529,1.309,1.348,0.066,0.572,0.628,-0.714,0.249,1.148,-0.167,0.052,-0.104,-1.373,0.454,0.053,2.926,1.972,-1.064,1.691,1.388,Freestyle,1542,550,0.534
0.563,0.325,-0.138,1.858,-1.3,-0.248,-1.224,1.081,-0.466,0.371,0.989,1.242,1.292,-0.138,-0.446,-0.312,0.201,0.199,-0.953,0.006,-1.563,-1.199,1.018,-1.496,-0.143,0.804,-0.526,-1.083,0.486,1.912,0.784,-1.431,-0.696,-0.471,-0.292,0.914,0.268,1.517,-1.489,1.087,0.93,-1.069,0.592,-2.215,0.584,0.963,-0.526,-0.211,-0.998,-1.087,-0.522,0.465,-0.456,-1.385,0.009,-0.694,-0.265,0.911,-1.226,-0.734,Butterfly,415,954,0.62
-1.375,-0.73,0.163,-1.354,-0.019,0.953,-0.484,-0.014,0.539,-0.105,-0.356,0.145,-0.798,-0.206,0.696,-0.197,0.33,-0.16,-0.88,-0.831,0.591,0.323,-1.042,-0.52,0.258,-1.232,2.145,-0.04,1.275,0.275,-1.041,2.044,1.898,0.627,0.515,2.155,-0.312,0.712,-0.198,-0.142,-0.447,-0.208,1.579,1.231,0.211,1.615,-1.35,0.139,1.267,-0.525,2.315,-0.183,0.86,1.082,1.123,-0.157,-1.308,-1.802,0.759,-1.228,Butterfly,1353,256,0.659
-0.297,0.38,0.731,-0.929,-0.864,-0.886,-0.385,-0.288,0.047,-0.249,0.458,0.644,-0.606,-0.34,0.046,-0.135,-0.093,0.393,-2.11,-0.003,-0.642,-0.519,1.244,2.596,-0.923,-0.706,2.726,0.558,1.191,0.288,-0.325,0.193,0.878,-0.507,-0.221,-1.593,-0.666,0.582,-2.026,0.606,0.296,0.846,-0.132,0.959,0.323,0.114,0.408,1.195,-0.089,-2.004,-0.14,-1.507,-1.424,-0.691,0.128,-0.875,0.876,-0.178,0.505,-1.698,Freestyle,736,1013,0.6
-1.223,-0.629,-0.42,-1.693,0.027,-0.753,1.326,1.035,0.052,-0.188,-0.13,0.022,-0.582,-1.021,0.182,-0.253,0.283,0.586,-0.224,0.341,-0.029,0.606,1.937,-0.28,-1.483,-0.16,0.563,1.277,-0.333,1.22,0.922,1.454,-0.988,-0.481,0.621,-0.142,0.019,0.113,0.369,-0.716,-0.82,-1.023,-0.058,0.396,0.677,0.954,-1.387,0.438,0.064,1.659,0.239,1.221,0.296,0.386,0.353,0.581,0.738,0.197,-0.845,-0.419,Freestyle,886,358,0.486
0.347,-1.41,-1.269,0.274,-0.901,-0.684,-0.341,-0.444,-1.647,-0.675,0.288,-0.659,-0.568,-0.301,0.006,-1.298,0.124,0.1,-0.799,-0.108,-0.575,1.259,-0.786,0.096,0.879,-0.909,-0.286,-0.546,-0.833,-0.954,0.095,-0.042,-0.446,-0.279,-0.155,1.343,0.486,-1.103,-0.566,2.044,-1.434,0.283,1.534,2.261,-1.019,1.624,-1.044,-1.592,0.223,0.774,-1.325,-1.364,-0.611,0.107,-0.554,-0.056,-0.683,-1.947,-0.188,1.882,Backstroke,1893,817,0.481
1.891,-0.173,-0.555,0.839,-1.569,0.587,1.03,-0.48,-1.062,1.846,0.535,-0.197,0.222,-0.277,0.208,0.595,-0.809,0.389,-1.058,2.427,0.703,-0.674,-0.23,-0.452,1.3,0.555,-0.832,0.415,-0.474,0.43,0.909,-1.358,-0.961,-0.325,-1.625,1.203,-1.825,0.702,-0.591,-2.199,-0.029,-1.253,-0.543,-0.816,-0.52,0.608,-0.357,-1.106,-1.711,-0.307,2.682,1.154,-0.343,-2.208,0.503,0.12,1.174,1.728,-0.419,2.073,Breaststroke,405,107,0.616
0.043,-0.894,-0.899,-0.105,-0.931,2.543,-0.38,-0.586,-0.991,-0.447,1.174,-0.078,-2.647,-0.035,0.314,-0.728,-0.726,2.581,-0.773,0.555,-0.917,-1.549,0.71,0.171,-0.203,-1.097,0.74,-0.666,1.774,0.971,1.364,0.835,-0.676,-0.753,-0.351,0.573,-0.708,-0.283,-0.282,1.345,0.156,0.395,-0.663,0.646,-0.435,-1.034,2.036,-1.002,1.732,0.261,0.257,-0.258,0.197,-0.753,-0.312,-0.093,0.266,-0.767,-1.082,0.228,Breaststroke,852,574,0.529
-0.59,0.657,-1.271,0.689,0.808,0.327,0.136,-1.967,0.376,-1.511,0.951,0.164,-0.41,1.029,-0.822,1.216,2.024,-1.918,2.695,-0.571,0.819,-0.578,0.019,-1.982,0.076,-0.38,1.573,1.219,0.092,1.165,0.213,-0.064,-1.153,0.555,-0.072,0.467,-0.442,1.186,-0.973,0.981,-1.587,-0.457,1.257,1.698,-0.629,0.125,0.284,1.508,1.115,0.41,-0.212,-0.621,0.312,1.244,0.21,-0.537,-0.609,1.234,-0.883,0.615,Breaststroke,151,862,0.815
0.118,1.684,-0.732,0.985,-2.007,-1.04,0.36,-0.191,0.273,0.076,-0.127,2.224,-0.607,0.224,-0.931,0.207,-1.702,-1.091,0.052,-0.14,-0.033,1.254,-0.576,-1.474,0.685,1.67,0.178,-0.297,-0.435,-0.133,-0.395,-0.574,-0.215,0.77,1.02,0.194,-0.994,-0.518,-1.101,-0.157,-0.447,0.123,-0.099,0.169,0.17,1.533,1.197,0.489,-1.572,0.436,-0.133,0.669,0.395,-0.678,-0.308,0.574,1.804,0.246,-0.074,1.059,Breaststroke,1506,822,0.557
1.208,-0.748,-1.457,-0.665,0.705,-1.117,0.038,-0.866,0.016,1.369,-0.239,-0.085,-1.165,0.226,-0.816,-0.047,0.507,-0.522,1.711,-0.898,1.688,-0.846,0.846,-1.992,-0.543,-1.257,-2.36,-1.843,-0.264,-1.024,0.156,0.372,-1.035,-0.723,-0.517,-0.609,0.283,-0.442,-0.852,-1.295,0.502,0.044,-0.799,0.113,0.56,0.295,-1.373,-0.253,1.613,0.918,0.718,-0.397,-1.092,-0.136,0.92,0.002,-0.447,-0.879,-0.141,-1.068,Front Crawl,112,379,0.653
0.212,-0.294,0.209,-0.266,0.008,-0.736,-0.036,-0.664,-1.501,2.594,-1.206,-0.41,-1.347,-1.713,-0.383,-0.998,0.026,-0.75,1.39,0.678,-0.017,-0.278,0.303,-0.591,0.06,0.049,0.261,-1.46,-1.202,-0.747,-1.612,-1.298,0.598,1.041,1.853,-0.262,0.152,-1.131,1.799,0.694,-0.648,0.741,-1.952,1.17,0.344,0.671,1.178,-0.045,0.875,-0.658,-0.715,-0.295,0.21,3.238,-0.132,0.79,0.599,-0.224,0.11,1.525,Freestyle,116,489,0.532
-0.699,1.293,-0.385,-1.078,-1.514,-0.507,-0.963,0.233,-1.746,0.141,0.976,1.984,0.425,1.31,0.077,-0.509,0.196,1.313,0.302,-1.368,0.962,1.277,0.611,1.049,0.762,0.662,0.324,1.998,0.478,0.304,-0.695,0.179,-0.288,-0.781,-1.329,-0.425,0.419,0.078,-0.222,0.871,-0.202,0.217,0.06,-0.373,1.556,0.811,-1.535,-1.399,-0.876,-0.512,0.749,-0.29,-0.128,0.156,1.037,-0.263,1.885,-2.116,1.491,-0.71,Breaststroke,696,829,0.456
2.219,0.421,-0.765,0.86,-1.279,-1.239,-0.005,1.367,-0.714,0.086,-0.641,-1.156,0.051,-0.158,-0.194,2.537,1.185,-0.285,-0.354,0.05,-1.511,1.01,-0.417,-0.174,0.152,1.233,-0.801,0.079,-1.039,-0.59,-1.062,-1.274,-1.369,-1.11,0.35,-0.022,1.347,-0.557,0.017,0.42,-1.321,0.085,-0.029,-0.876,-0.596,-1.226,-0.488,0.064,0.313,-1.333,1.262,-1.114,-0.128,0.173,0.33,1.015,0.42,-1.372,-0.493,0.961,Backstroke,1651,391,0.186
-0.65,-1.446,0.615,-0.055,-1.035,-0.615,1.374,1.182,-0.853,-0.955,-2.32,0.324,0.627,0.195,0.694,0.746,-0.303,-0.422,0.925,0.7,-1.358,-0.516,-1.789,-0.337,-1.72,-1.179,-0.948,0.566,0.953,-0.284,1.112,-1.174,1.047,-1.431,1.869,-0.007,0.767,1.236,1.324,0.075,-1.162,0.21,0.905,-0.85,0.961,0.013,0.661,0.045,0.593,0.517,0.192,0.401,0.766,-0.039,1.064,-0.155,2.5,-1.008,0.833,-0.039,Butterfly,476,1070,0.517
-1.006,0.43,-0.771,-0.437,1.558,-0.214,-1.598,-0.17,-1.172,-0.889,0.457,-0.895,-0.567,0.3,-0.225,1.502,1.314,-0.443,-1.263,2.147,-0.272,-0.593,1.803,0.738,-0.572,-0.659,-0.784,0.317,1.365,0.343,-0.027,3.235,-0.689,-0.856,0.014,-0.092,1.081,0.033,-1.093,1.537,0.277,0.984,0.953,-0.267,-2.057,-0.186,-0.325,-1.583,-1.126,-0.622,0.026,-1.342,0.766,0.836,-0.087,0.446,0.324,-1.76,0.648,0.185,Butterfly,1383,824,0.687
0.65,0.443,-0.441,0.199,1.436,0.501,0.486,1.304,0.286,0.33,0.373,0.475,-0.652,-0.894,0.451,0.594,0.478,-0.462,0.462,0.168,-0.021,-0.041,0.979,-0.661,0.65,-2.901,-0.843,0.835,-1.142,1.121,0.048,-0.979,-0.993,2.121,0.077,0.236,0.755,-1.108,-1.486,-1.306,-0.393,-0.682,-1.918,-0.771,-2.15,-1.268,1.124,-1.66,-1.997,0.638,-1.314,0.255,-1.027,0.466,0.088,0.77,1.384,-0.444,-0.767,-0.101,Front Crawl,200,202,0.76
0.397,0.46,0.56,-0.292,-0.116,2.918,-0.884,0.495,-1.371,-0.627,-1.375,0.36,-0.187,0.228,-0.736,0.949,-0.744,0.535,0.946,-0.07,1.367,-0.854,0.431,-0.373,0.496,0.119,-0.252,-0.58,-0.794,-0.849,-2.851,0.004,-1.753,-0.527,0.291,-2.171,0.313,0.979,-0.438,0.529,-0.843,1.01,-1.056,0.809,-0.289,0.258,-0.717,-0.989,0.653,-0.288,0.11,0.241,0.722,-0.913,-0.86,-1.251,-0.974,0.55,0.887,0.943,Backstroke,1815,666,0.719
-0.076,-1.163,-1.211,-1.046,0.076,-0.377,0.062,1.076,-3.246,-0.794,0.479,-0.504,-1.043,-0.229,-1.547,-0.14,0.074,0.791,-0.197,-1.059,0.609,-1.432,0.23,-0.649,-0.698,0.886,1.784,-0.176,0.622,-0.236,0.784,-0.277,-0.989,0.39,0.679,-1.505,0.03,-0.288,-0.55,-0.086,0.614,0.024,1.437,0.903,-1.625,0.029,-0.051,0.478,-0.207,0.263,1.519,0.793,-1.083,-0.375,0.667,1.096,-1.674,-0.156,-0.95,2.109,Butterfly,1088,886,0.801
0.434,-1.563,-0.515,-0.536,0.928,0.443,-1.404,-0.302,0.538,-0.824,-1.104,0.227,0.29,-0.962,1.014,0.782,-0.831,-0.196,-2.075,-0.586,1.508,0.324,-1.155,0.232,0.051,1.616,1.381,-2.32,-0.032,0.611,0.122,-0.867,0.004,-1.372,1.136,-1.666,0.357,0.768,-0.939,-1.661,-2.768,-0.596,-1.269,2.543,-0.152,0.398,-1.277,-2.659,2.358,-0.105,-2.08,0.341,-0.522,1.687,-1.025,0.209,-1.029,1.677,0.833,-0.571,Backstroke,1283,498,0.402
0.628,-0.608,1.722,1.264,0.641,-0.055,1.548,-0.197,-0.469,-0.188,0.847,0.836,-0.772,-1.208,-0.995,0.652,0.291,-0.794,0.896,-1.46,1.459,2.774,-0.605,-1.346,-2.085,-0.629,-0.399,-1.271,1.128,0.405,-1.476,-0.132,-0.273,-1.002,0.63,-0.539,0.283,-1.024,-0.937,-0.359,0.696,-0.582,-0.493,0.79,-0.14,1.292,1.484,-0.375,-1.061,0.917,0.383,-0.016,-1.149,0.889,0.713,-0.097,0.09,-0.827,-0.183,-0.511,Breaststroke,459,858,0.4
0.394,-0.053,0.333,-0.418,1.026,1.04,0.097,-0.92,-0.079,0.607,-0.098,-1.402,-0.266,0.168,-1.176,-0.103,-0.689,-0.776,0.234,-2.307,0.282,0.142,2.821,1.01,-1.637,0.168,-0.238,0.22,0.773,-1.875,0.207,1.891,-0.91,0.328,1.191,1.268,-0.428,0.171,0.314,-1.129,0.183,1.819,-2.462,-0.541,-0.406,-0.05,-0.921,-0.028,-0.817,1.122,0.719,-0.478,-1.559,-0.251,0.882,-1.089,-1.171,0.703,-0.765,0.373,Freestyle,1286,858,0.121
0.045,1.863,0.783,0.484,-0.454,-0.046,-1.934,1.048,2.243,-0.091,-0.139,1.89,2.34,1.506,-0.05,-0.023,-0.402,-0.718,0.109,0.639,1.734,0.903,0.39,-0.445,-1.235,-0.179,-0.122,0.296,0.354,-0.237,0.211,0.371,0.649,1.004,-0.209,1.004,-0.363,-0.122,0.239,0.532,1.837,-0.376,-0.408,1.007,-0.764,-0.585,-0.788,-0.578,-0.431,-0.384,-1.749,-0.563,-1.973,1.292,0.062,1.931,1.826,-0.782,-0.105,-1.077,Breaststroke,542,884,0.59
-0.958,-1.902,-0.406,0.024,0.614,-1.801,-0.117,0.097,-0.786,0.259,0.422,1.675,0.964,0.032,0.009,-0.922,-0.27,-0.788,1.142,0.131,0.811,-0.752,1.133,-0.017,-0.147,-0.124,-0.746,0.418,-0.981,0.755,-0.768,0.637,-0.855,0.481,-0.661,-0.505,0.417,0.888,0.577,-0.679,-0.401,-0.555,0.962,-0.028,0.996,-1.317,0.814,1.396,1.001,-1.169,-0.754,0.398,-0.133,0.89,-0.497,-0.919,-0.268,2.859,-0.889,0.204,Breaststroke,478,213,0.47
0.496,-0.681,-0.338,-0.529,-0.469,-1.643,0.274,0.15,-1.249,-0.69,1.126,-0.71,1.392,-0.488,-0.636,-0.305,0.268,1.259,-0.144,1.332,-0.73,-0.599,-1.341,1.123,-0.245,0.678,-0.496,0.845,-0.477,0.896,0.214,0.038,-0.01,1.795,0.446,-0.275,0.012,-0.691,-0.673,-0.54,-0.775,0.812,0.344,0.216,0.247,0.608,-1.387,-0.363,-0.36,1.059,-1.102,0.163,0.586,-1.386,0.256,0.506,-0.157,-1.275,0.536,-0.218,Front Crawl,1367,363,0.587
-0.607,-0.621,-0.351,-0.983,1.686,-1.541,-0.212,1.187,-0.319,-0.82,2.731,0.379,1.731,-1.073,-0.365,-1.811,0.749,-1.32,-0.945,-1.09,0.168,-0.297,0.331,-0.976,0.539,-1.466,0.705,0.141,-0.253,-1.51,-2.779,0.331,-0.181,1.315,-0.035,-3.076,-1.331,-0.995,-0.451,-1.585,1.027,-0.175,-1.948,0.395,1.585,-0.66,-0.053,-1.68,-1.569,0.11,-0.61,1.459,0.933,-0.134,1.052,-0.196,-0.79,0.864,1.571,-1.366,Front Crawl,900,114,0.491
0.624,-1.182,0.741,0.13,0.345,1.344,0.403,0.166,-0.398,0.405,-1.906,-0.316,-0.424,-1.03,-1.084,-1.136,0.06,1.027,0.492,1.753,-0.013,0.464,-0.047,-1.146,-0.56,0.974,-0.831,0.918,0.256,0.05,0.206,0.783,-0.421,1.761,-0.84,-2.33,0.897,-0.522,0.385,-0.198,-0.511,0.31,1.905,-0.452,0.335,0.967,0.03,0.059,0.537,0.951,-1.472,-2.212,0.56,0.242,0.675,-0.524,0.923,-2.076,-1.164,-0.047,Freestyle,1891,1006,0.666
0.043,2.359,-0.755,0.096,0.72,-0.068,-0.22,1.712,0.644,1.239,0.89,-0.391,1.056,0.346,-0.736,-0.408,-2.314,0.176,-0.734,0.005,-2.209,-0.716,1.006,-0.407,-0.528,-2.303,-0.634,-0.366,0.822,0.669,-0.713,0.506,-0.479,-0.074,0.315,0.316,0.1,1.219,0.407,-1.63,-0.868,-0.05,-0.307,-0.154,-1.251,-1.45,-1.97,-0.983,0.245,0.525,-0.596,-0.941,0.279,-0.832,-0.443,0.689,-1.108,0.447,0.453,-0.464,Butterfly,1297,366,0.405
2.564,-0.265,0.66,-0.707,-0.702,-0.366,0.485,1.128,1.766,1.58,0.461,1.064,0.985,-0.044,2.575,0.686,-0.976,-0.479,1.455,-0.229,0.845,0.318,0.747,-1.03,-1.605,-1.052,0.384,0.145,0.814,0.886,-0.066,1.605,1.831,1.317,1.446,0.406,1.785,2.589,1.096,-1.626,1.684,-2.197,0.41,2.365,0.727,-0.027,0.079,-0.732,0.296,0.816,0.273,1.211,1.223,-0.899,0.499,-0.469,0.273,0.018,1.282,-1.949,Front Crawl,1612,250,0.655
0.668,0.433,0.76,-2.002,-1.206,-0.064,1.155,-1.989,0.502,0.06,0.556,0.08,-0.321,-1.396,1.434,0.283,1.287,0.669,1.305,0.722,-0.877,-0.139,0.61,-0.697,-0.775,0.048,-1.123,1.599,1.306,-0.258,0.676,-0.207,-1.028,-1.146,0.417,-1.637,-2.098,-0.3,0.735,0.57,-0.985,-0.924,2.107,-0.294,0.007,-0.711,-0.712,2.26,-0.279,0.838,0.789,2.64,-0.421,0.913,1.329,-0.757,-1.871,0.239,-0.257,-0.865,Butterfly,371,968,0.616
1.03,0.664,-0.031,0.137,-0.489,0.661,0.027,-0.582,-1.899,-0.738,-1.005,0.745,1.137,-0.643,0.541,0.756,-0.291,1.097,0.834,1.041,-0.305,1.211,-0.054,-0.357,-0.308,-0.885,-1.07,-0.657,-0.811,0.0,0.104,-1.169,-0.417,-0.66,-0.963,-0.265,-0.426,0.703,-0.789,-0.403,-0.253,0.272,0.156,0.605,-0.327,1.563,1.634,0.952,-1.02,-0.186,-0.918,1.692,-0.614,0.27,-0.748,-0.343,-0.212,0.311,-0.152,-0.211,Butterfly,1087,550,0.425
1.771,-1.181,-0.136,0.805,0.245,-0.636,-2.218,0.982,-1.539,-0.852,-0.54,0.13,-0.009,-1.098,0.067,-0.191,-1.583,-1.947,-1.946,-0.149,-0.08,2.862,-1.013,-0.557,-0.21,0.121,-0.417,-0.872,0.146,0.047,-1.371,-1.03,2.764,-0.957,-0.813,0.583,-0.892,-1.023,-0.49,1.123,0.586,-1.025,0.225,1.166,1.35,-0.879,-1.927,-0.413,-1.978,0.802,-1.712,-0.081,-0.125,0.716,0.562,-0.432,0.18,0.911,0.564,0.316,Freestyle,1484,541,0.497
0.543,-1.093,-1.409,-0.34,-1.868,-0.786,-0.857,0.569,0.748,1.459,-0.979,0.139,0.507,2.056,-1.673,-0.454,0.649,0.722,-0.728,-0.669,1.125,-0.485,0.133,-1.476,-1.097,0.76,0.42,0.282,-0.269,0.792,-0.192,-0.215,-1.766,0.705,0.327,1.054,-0.028,-0.913,-1.165,-1.379,0.968,1.629,-1.311,-1.6,0.035,1.905,0.595,1.386,0.745,0.615,1.538,1.317,-1.668,-0.507,1.232,0.406,0.527,-0.631,2.521,1.376,Butterfly,1779,723,0.58
1.208,-0.653,-0.618,-0.234,-0.201,0.171,0.832,-1.232,1.096,1.038,0.239,0.77,1.248,1.102,-2.477,-1.126,-0.61,-0.508,0.537,-0.191,1.081,-0.254,-0.186,1.096,1.232,0.31,-0.291,0.122,-0.021,-0.356,0.696,-0.704,1.275,-0.315,0.742,-0.13,0.316,0.419,0.384,1.411,-0.492,-1.038,0.38,1.146,0.48,-0.358,1.072,0.11,-0.233,-0.274,1.123,-1.196,0.185,-0.07,0.037,-0.364,-0.378,-0.291,-0.086,-1.971,Backstroke,1727,233,0.795
1.467,-0.515,0.678,-0.51,0.21,0.588,-1.127,-0.188,-0.799,0.837,-0.161,0.64,-0.592,-1.546,1.589,-1.503,-0.231,-0.1,-0.572,1.512,-1.024,0.013,0.4,0.06,0.414,-0.656,-0.788,-0.329,-1.879,-0.35,-0.187,0.0,-0.231,0.439,-0.819,2.139,1.332,2.434,0.22,-0.598,-0.948,0.273,3.29,-0.673,0.653,-2.394,-0.19,-0.71,-0.486,0.035,-0.98,0.094,0.624,-0.27,-0.412,0.886,1.85,-1.16,0.201,-0.602,Butterfly,1143,457,0.339
0.639,0.524,-1.505,-0.34,-1.08,-0.368,-1.734,1.074,-1.004,1.248,-1.446,0.45,-0.246,-1.229,-0.455,-0.001,0.149,0.632,-0.972,-0.692,-1.042,0.146,0.451,-1.342,0.173,-0.217,1.505,0.036,0.264,-2.032,0.313,0.15,-2.053,-1.148,-0.865,0.679,0.388,0.861,-0.315,0.4,2.185,0.475,0.752,-0.761,0.19,1.105,-1.111,0.194,-0.632,0.956,1.688,-0.849,-0.781,-0.001,-0.805,-0.71,-1.395,0.294,-0.388,1.471,Freestyle,963,1029,0.61
1.338,3.089,-1.047,-0.523,1.382,-1.275,-0.32,0.186,-0.482,1.592,0.755,0.264,0.488,0.511,0.598,0.108,-0.481,0.323,0.475,1.206,0.307,0.385,-1.349,-1.19,0.169,0.554,-2.509,0.9,-0.533,0.139,-0.681,0.27,-0.208,0.669,-1.299,0.213,0.555,0.12,0.182,-0.816,-0.737,-0.551,0.217,-0.088,-2.297,0.891,-0.839,0.562,-1.242,0.177,-1.482,-0.322,0.364,0.264,1.876,0.225,-0.872,1.747,-1.149,0.436,Front Crawl,107,406,0.083
1.878,-0.11,-0.668,1.74,-0.817,0.127,1.005,0.934,0.234,0.937,-0.876,0.943,-0.336,-0.098,-0.691,-0.175,1.44,0.883,1.508,0.008,-0.719,0.747,-1.297,0.176,0.352,0.57,-0.735,-0.384,0.172,-0.019,1.0,-0.123,-1.07,0.819,0.359,-1.024,-0.292,-0.195,-1.308,0.144,0.218,-0.214,-0.5,1.427,-0.881,0.092,0.969,-1.526,-1.044,-0.096,1.736,0.299,-1.291,-0.154,0.848,-1.025,-0.599,-0.226,1.337,0.109,Backstroke,1154,749,0.403
-0.56,0.965,0.439,0.62,0.2,-0.96,-0.909,0.408,-1.082,-0.898,-0.157,-0.129,0.148,-1.634,1.124,-1.667,0.341,-1.556,-0.193,0.979,-0.467,0.374,0.622,1.245,-0.403,2.313,-1.583,1.189,2.358,1.012,0.428,-0.429,1.602,-0.583,0.323,0.02,1.457,0.296,-0.115,1.317,0.018,-0.092,0.03,0.706,-2.254,1.115,0.873,0.955,-1.592,-0.455,0.749,0.31,1.228,-0.824,-1.85,0.302,-0.026,0.879,-0.047,-1.078,Butterfly,888,997,0.354
-1.589,-0.949,-0.142,0.639,0.324,-0.742,-1.022,1.037,0.069,-0.191,-1.779,-0.753,-1.69,1.518,-0.912,0.463,0.016,1.656,-0.481,1.966,0.307,1.652,0.973,1.541,0.198,-0.707,1.852,1.139,-0.813,0.886,-1.852,-0.367,0.802,1.704,0.455,0.729,-0.386,0.715,-0.191,-0.953,-0.063,0.809,-0.957,0.088,0.242,-0.977,-1.481,-0.227,-0.468,-1.194,1.358,-0.1,-0.453,0.747,0.567,-0.42,-0.373,-1.036,0.251,2.058,Breaststroke,251,433,0.621
1.844,0.794,1.462,0.362,-0.331,1.436,3.208,2.123,0.944,-0.549,0.764,-0.515,-0.258,-0.637,0.877,-1.613,1.065,-0.629,-0.045,1.237,-0.955,0.589,-0.055,0.69,0.108,0.702,-1.537,0.907,1.085,1.613,-0.393,0.688,-1.558,0.008,-0.345,0.389,0.6,0.673,0.491,-0.921,0.824,-1.554,-0.414,-0.074,-0.012,0.259,0.494,0.222,1.839,0.608,-1.024,-1.323,-0.053,-1.505,-1.382,-1.002,0.557,0.179,1.133,-0.167,Backstroke,1009,379,0.48
-0.573,-1.841,2.361,0.28,-0.193,0.081,-0.124,1.196,0.782,1.342,0.381,-1.36,0.704,-0.738,-1.058,-0.502,0.181,-0.04,-0.097,-1.158,0.58,-0.195,1.786,1.45,1.045,1.652,-0.897,-0.309,0.218,-0.256,1.037,-1.567,-3.089,0.105,-1.235,-0.198,-2.458,0.763,-0.624,0.553,-0.061,-0.317,-0.93,0.485,0.446,-1.923,-0.431,0.408,0.526,-0.547,-0.56,1.009,-0.599,-0.53,-1.71,0.534,0.222,0.763,-1.054,-0.048,Butterfly,813,814,0.658
-0.578,0.251,0.823,0.528,0.889,0.615,-0.673,0.224,0.176,1.334,-0.084,0.494,0.561,-0.502,-0.345,1.431,0.015,0.721,0.973,0.844,0.104,-0.63,-1.744,0.472,-0.553,-0.067,0.037,-0.034,-0.021,-0.31,-1.0,-0.829,-0.213,0.999,0.037,1.044,0.243,-4.008,1.575,0.835,0.195,1.084,0.551,-0.12,-0.872,-0.944,-0.568,0.741,0.876,0.309,2.644,-0.412,1.136,0.83,-0.162,-2.203,-0.566,0.791,-0.334,-1.804,Butterfly,1157,1034,0.057
-0.924,-0.487,1.202,-1.634,0.844,-0.431,-0.432,0.778,-0.575,0.004,1.73,-2.079,1.596,0.163,-0.08,0.138,-1.104,-0.636,0.254,-2.617,-0.013,0.258,-0.067,0.507,-0.707,1.013,0.562,0.277,0.69,0.721,-0.31,0.597,-0.479,-1.591,0.204,0.974,-0.273,0.486,0.427,0.844,-1.056,1.863,-1.468,0.359,0.52,-1.827,0.475,0.159,-0.438,0.326,0.827,0.854,0.922,-1.18,-1.437,-0.262,-0.437,-1.052,-0.21,-0.15,Freestyle,1320,999,0.32
-0.304,0.116,1.069,-0.352,1.021,-0.465,-2.212,-0.81,0.152,1.288,-0.507,2.179,0.425,0.317,0.188,1.196,-0.632,1.5,-1.598,1.351,0.307,2.141,1.707,2.37,-0.22,-0.731,0.087,-1.313,0.622,0.832,0.436,-0.471,0.485,-0.812,1.775,-0.493,-0.239,-0.651,-0.212,0.441,-1.654,0.975,-1.22,-0.768,-0.473,0.108,-1.222,0.121,0.203,0.762,-1.116,-0.698,-0.223,-2.006,-1.334,-0.291,0.939,0.118,1.0,0.751,Breaststroke,1557,815,0.381
-0.296,-0.83,0.642,1.103,-0.581,-0.533,-0.103,-0.817,0.662,1.793,1.043,-0.194,0.401,-0.273,-0.397,-1.185,-0.824,-0.337,0.587,-0.42,-0.687,-0.506,1.685,0.53,-1.516,-0.727,-0.799,0.034,-0.465,1.675,0.379,1.395,0.679,0.112,2.035,-0.379,-0.215,-0.345,0.663,-0.49,-1.352,-0.744,-1.863,0.339,-2.549,0.194,-0.302,-0.666,1.012,-0.593,-0.192,-2.465,0.061,-0.099,0.38,-0.463,0.481,0.725,0.803,0.703,Backstroke,1613,592,0.739
-0.9,-1.4,-2.066,-0.343,-0.786,1.077,1.372,-1.488,0.216,-1.527,0.784,1.759,-1.667,-0.434,0.679,0.182,1.129,-0.284,-1.349,-0.11,-1.279,0.398,0.868,-0.355,-1.784,-0.104,-0.078,-1.042,-0.371,-2.312,0.147,1.175,0.725,-0.19,-0.594,1.013,-0.07,0.33,-2.275,-0.702,0.512,0.564,0.479,0.565,-0.19,-1.04,-0.888,0.706,-0.646,0.241,0.327,-0.391,-0.309,0.87,0.486,1.479,-0.119,-0.685,0.752,-2.06,Freestyle,1362,144,0.677
-1.262,-0.523,1.096,0.656,-2.089,1.517,0.339,0.45,0.754,-0.046,-0.454,-1.936,-1.043,-0.054,-0.459,-1.176,-0.155,0.488,1.305,-2.552,-1.255,-0.991,2.193,-1.062,-0.459,0.911,0.523,0.551,-0.663,-1.327,1.403,-0.382,-1.975,-1.368,1.459,-0.151,0.206,1.774,-0.784,-0.33,0.752,-0.369,-1.556,0.741,0.272,0.412,2.115,-0.426,1.189,0.054,0.404,0.805,0.5,1.342,0.226,0.529,0.219,1.434,0.14,0.369,Butterfly,397,380,0.444
0.058,0.368,-0.648,-0.146,-0.393,-2.004,-1.127,1.934,-0.091,-0.42,1.757,-1.262,-0.286,-1.213,0.567,-1.658,-0.648,-1.043,1.376,-0.157,-0.354,0.531,-0.768,0.484,2.362,2.44,-0.834,-0.049,0.504,0.17,0.203,0.611,-0.283,-0.512,-0.36,1.605,0.052,0.117,0.062,-1.63,0.061,1.321,-1.119,-1.434,0.731,-0.028,0.389,-0.675,0.752,0.914,0.198,-0.386,-1.326,1.309,1.039,-0.865,2.225,0.021,1.2,-0.221,Breaststroke,271,742,0.515
0.367,-0.445,-1.13,-1.138,1.005,-1.178,-0.116,-1.209,-1.218,-0.798,1.11,0.06,-0.627,-0.528,-1.175,-0.095,0.14,0.625,-0.689,1.031,0.506,-0.181,-0.063,-0.322,-0.254,2.021,0.484,0.765,0.608,1.497,-1.18,0.263,-0.123,1.404,0.492,-0.553,1.047,1.557,-0.337,-1.18,1.283,-0.024,1.886,-1.402,0.105,-0.845,1.393,-0.393,0.555,-0.685,-0.496,-0.643,0.669,0.254,1.128,0.023,-1.419,2.44,-0.366,-1.328,Breaststroke,836,324,0.532
2.327,0.348,1.515,-1.271,-0.549,-1.811,0.193,-0.57,-0.031,0.045,-0.733,1.531,-0.322,0.903,-0.55,-0.573,0.39,0.226,-0.128,0.188,0.106,-0.935,-0.361,0.444,1.877,-1.495,0.134,2.188,0.318,0.146,-0.072,0.901,-0.124,0.658,0.27,0.568,0.371,-0.536,0.456,-0.768,-0.158,0.128,-0.899,0.686,0.693,-0.437,-2.236,1.433,-0.003,-0.263,-2.043,1.253,-1.038,0.304,-0.403,1.939,0.227,0.287,-0.063,-0.075,Front Crawl,1720,749,0.199
-0.601,-0.089,0.181,-0.699,-0.456,1.451,-0.792,1.163,1.248,0.262,0.795,0.134,-0.509,0.474,-0.338,0.385,-0.444,-0.849,-0.075,-0.123,-0.271,-0.99,0.377,-1.823,1.49,0.035,1.061,1.017,-1.296,2.184,-1.182,0.607,1.687,-1.212,-0.832,-0.459,0.301,0.966,-0.444,-1.612,-0.067,-0.924,0.793,1.532,-0.833,-1.661,-0.585,0.194,2.293,2.996,-0.871,0.612,-0.496,-0.227,0.834,-1.677,-0.824,0.607,-0.474,-1.622,Freestyle,141,1000,0.56
-0.299,-0.509,0.657,0.452,0.459,0.035,-0.678,0.768,-0.923,-1.144,1.671,1.491,0.336,-0.632,0.755,-0.731,0.166,0.483,-1.01,-1.587,-0.504,-1.537,0.165,-0.391,1.664,0.37,-0.001,0.947,-1.087,0.582,0.146,0.507,1.149,0.832,-0.614,-1.216,0.321,0.304,0.19,1.058,1.301,-0.581,0.31,-0.835,-0.274,1.02,1.511,1.242,-0.457,0.43,-0.906,1.22,1.548,1.296,-0.004,-0.53,0.67,0.833,1.358,1.411,Freestyle,523,298,0.16
-0.536,-0.482,-0.712,-0.753,-0.846,0.4,0.098,1.242,0.823,1.838,-0.424,-0.446,-0.846,-1.228,-0.075,-0.55,1.408,-1.03,1.075,-0.585,0.012,1.114,-0.18,0.1,-2.07,-0.226,-0.519,0.808,-0.627,1.981,1.666,0.774,1.621,-2.425,-0.795,0.923,1.15,0.043,1.355,-0.499,-1.146,-0.661,-0.6,0.348,0.865,-0.789,-0.652,0.613,-0.169,0.852,-0.765,-0.084,-1.316,0.061,-1.525,0.81,-0.975,-0.125,2.255,-1.567,Freestyle,1489,968,0.741
0.153,-0.025,0.218,-0.516,-0.713,-0.384,2.224,1.055,-0.92,-1.31,-1.544,-0.198,0.547,0.608,-0.503,0.93,0.017,0.07,1.339,2.406,0.116,1.06,-0.833,-0.328,0.155,-1.066,-1.007,0.609,-1.16,0.694,-0.311,0.13,0.75,0.106,1.819,0.627,0.767,-1.24,-0.064,-0.686,0.544,0.543,-0.191,0.04,1.511,1.139,0.246,-0.002,-0.262,-1.249,0.967,-0.082,0.145,-0.128,1.223,0.131,1.413,-0.265,-0.168,-0.151,Butterfly,1909,773,0.257
-0.672,0.409,0.254,-1.145,-2.237,0.3,0.486,-1.41,0.051,1.55,1.198,-0.377,0.216,-0.587,0.83,-0.771,-1.465,0.996,-0.343,-1.129,0.135,-0.132,0.174,0.406,1.026,0.017,-3.165,0.754,-0.429,2.864,-1.32,-1.842,0.012,0.311,-1.838,-0.315,-0.559,-0.73,0.193,-0.361,-0.193,0.894,-1.147,-0.947,0.964,0.49,3.154,-1.168,0.556,-0.73,1.246,2.049,0.652,0.155,1.098,1.253,-0.708,-0.073,1.015,-1.054,Breaststroke,186,455,0.746
-0.713,-0.124,0.052,0.947,0.098,0.187,-1.664,0.497,-2.044,-0.264,0.561,0.414,-2.03,0.157,-0.515,0.181,-0.866,-0.675,0.076,-0.051,1.39,0.346,-0.556,-0.703,-0.073,-1.204,2.01,0.646,-0.883,-0.567,0.608,0.664,-0.72,-0.187,1.116,-0.172,1.065,-0.483,-0.062,-0.219,-0.227,0.339,0.144,-0.188,0.514,0.447,0.378,-0.694,0.844,-0.562,0.955,1.029,0.209,0.725,-0.668,-0.706,0.625,0.848,-0.847,0.325,Freestyle,678,559,0.248
-0.107,0.939,0.214,0.202,-1.245,-2.54,0.809,0.966,-1.893,1.59,-1.124,-0.217,0.006,-1.764,0.814,-0.615,-0.705,-0.2,-1.708,0.624,-0.227,-0.233,-1.43,-0.317,-0.917,0.732,0.233,-0.419,0.863,-1.277,-0.116,0.15,-0.393,0.366,0.078,-1.393,-1.103,-0.415,1.69,-1.643,-1.179,0.894,-0.103,-1.519,0.477,0.246,1.326,0.077,-0.657,-0.866,0.357,1.933,0.088,-0.471,-1.303,-0.408,0.234,-1.75,-1.066,-0.226,Freestyle,415,451,0.608
-0.403,0.661,-0.26,0.107,0.383,0.91,-0.279,-0.774,1.156,-1.662,-0.134,-0.578,-0.679,0.129,-0.704,-0.197,0.611,-2.663,0.641,-0.482,1.494,-2.361,0.002,0.473,-1.142,0.386,-0.662,-0.489,2.731,1.121,-0.506,-0.399,0.514,-1.091,1.618,-1.7,-2.348,-1.776,-0.053,-0.11,-1.56,1.09,-0.63,-0.993,-1.053,-1.169,-1.951,-1.284,-0.258,-0.13,-0.584,0.996,1.705,0.894,-0.799,0.168,-0.399,-0.854,-0.338,0.18,Backstroke,1233,930,0.276
0.048,0.465,-0.644,0.382,-0.702,1.788,-2.211,1.245,-0.15,0.257,-1.255,1.237,1.951,0.706,-0.968,-1.097,0.786,1.484,2.32,0.619,1.722,-0.322,-0.144,-1.318,1.572,0.03,-0.527,0.042,-0.225,-0.142,0.688,-0.007,0.389,0.581,0.551,-0.042,0.83,-0.973,0.23,0.826,-0.837,0.401,0.405,1.658,-3.333,-0.311,-0.156,0.139,0.428,1.511,0.142,1.402,-1.187,-0.168,-0.14,0.267,-2.561,-0.371,-0.011,0.203,Front Crawl,453,893,0.393
-0.754,-0.331,0.072,0.463,-0.655,-1.431,1.164,1.131,0.526,0.255,0.436,0.176,1.234,0.067,0.955,-0.469,-0.593,0.791,-0.111,-0.194,1.491,-0.844,0.511,0.77,0.773,0.934,1.379,-0.88,0.781,-0.131,1.426,-0.897,-0.758,0.007,0.409,-0.095,0.944,-1.362,0.694,0.452,0.153,0.979,-2.25,1.412,0.129,0.799,0.134,1.48,0.792,-0.203,-0.7,-0.06,-1.295,0.885,-1.255,-0.924,0.999,0.151,1.375,-0.547,Backstroke,1136,1020,0.531
0.734,-2.415,-0.656,0.078,0.11,-0.078,-1.059,-0.507,0.718,0.364,-0.266,0.723,0.057,-0.111,0.923,0.825,0.168,0.045,0.026,-1.672,1.83,-0.846,-1.048,-0.719,1.895,1.978,-0.28,0.012,-2.048,0.414,-0.204,0.219,-1.532,0.888,-1.167,0.876,-1.164,1.285,1.108,-0.219,-0.656,-0.619,-0.518,1.353,-0.317,1.875,-0.338,0.553,0.68,0.757,1.044,0.613,-0.043,0.892,-1.262,1.841,-1.754,-1.494,0.168,0.86,Freestyle,1199,588,0.181
0.34,-0.805,0.786,-0.006,-1.533,0.371,3.083,1.351,-1.46,0.883,0.789,0.329,1.592,-0.304,0.023,-1.126,0.615,0.444,-0.272,0.518,-0.502,0.163,-0.608,0.267,0.599,-0.433,-0.382,0.219,-0.364,-1.665,-1.283,0.314,1.351,0.115,-0.827,-2.085,-0.931,0.362,2.188,-0.966,-0.017,0.905,-0.531,-0.813,1.003,-0.245,0.423,-0.091,-1.485,0.917,-1.288,1.257,-0.77,-0.878,-1.183,1.802,-1.044,0.061,0.522,0.16,Backstroke,480,510,0.72
-1.631,0.055,0.206,1.967,-0.399,0.885,1.367,0.743,0.619,-0.131,-1.433,0.983,0.313,-0.146,0.027,0.684,-0.654,-0.737,0.597,-0.584,-1.507,0.061,-0.823,-0.453,1.109,0.173,1.61,0.204,-1.189,0.512,0.115,-0.298,0.878,1.521,-0.295,-0.409,0.87,-0.608,-0.904,0.162,0.148,1.517,-0.129,0.204,0.419,-0.149,1.253,-1.123,1.038,-0.643,0.204,-0.897,0.682,0.866,0.373,-1.5,-1.61,-0.269,-1.864,-0.699,Backstroke,1225,601,0.647
0.31,-1.275,-0.9,1.736,1.807,-0.207,-0.792,-0.771,1.076,-1.808,0.232,-1.231,1.835,0.206,0.44,1.474,0.308,1.13,-1.118,-1.951,-0.92,-0.798,-0.847,-0.077,-0.344,-0.716,0.156,1.0,-0.241,0.56,-2.131,-0.247,-0.379,-0.801,0.634,0.456,0.498,0.273,1.377,-0.507,0.742,0.881,0.07,0.606,-0.164,-0.317,0.96,0.101,1.744,0.113,0.997,-0.285,-0.344,-0.227,1.321,-0.403,0.915,0.679,1.393,-0.645,Backstroke,1429,304,0.759
-0.313,0.209,-0.107,0.658,0.691,0.835,0.249,-0.34,1.61,1.053,1.22,0.113,-1.564,0.98,1.43,3.058,-0.33,2.256,1.514,0.586,-0.161,0.267,1.24,0.395,0.571,0.042,-0.087,-0.922,0.983,-0.14,0.568,-1.278,-0.642,-0.532,-1.714,0.143,0.835,0.069,-1.504,-1.42,-0.425,0.102,1.865,0.394,0.964,-0.202,1.217,0.527,0.245,-1.065,0.869,-0.048,1.358,0.412,-1.363,0.192,0.561,0.768,-1.471,0.455,Butterfly,1833,478,0.615
-1.483,0.191,-1.651,-0.447,0.235,-0.173,-1.536,0.058,2.93,1.118,-0.135,0.84,-0.275,-0.254,-0.794,-0.268,0.195,-2.248,-1.483,-0.385,1.578,-0.635,0.694,1.243,-0.826,0.654,-0.681,-1.604,-0.778,-1.167,-1.881,-0.738,1.916,-0.331,0.67,-0.847,-0.815,-0.487,1.801,1.612,1.824,0.278,-0.103,-0.11,0.407,0.796,-1.877,-0.661,-0.246,1.222,0.974,1.042,-1.959,-1.075,0.871,-0.012,1.232,0.28,-1.785,0.368,Backstroke,1486,752,0.397
-1.578,-0.519,-0.596,-0.72,-1.397,-0.181,1.198,1.074,0.051,0.972,1.775,-0.634,-1.091,-0.513,0.912,1.169,0.095,1.142,0.646,-0.214,0.47,0.046,-1.559,-0.254,-0.146,-0.032,-1.642,1.255,-0.988,-0.203,-1.057,-0.325,-2.174,-0.886,0.131,1.067,1.117,0.394,0.053,-0.324,0.659,-0.344,-1.131,0.919,-0.873,-1.469,0.43,-0.326,-0.698,-1.235,-0.225,0.481,0.103,1.277,-2.82,0.408,-1.341,1.456,-1.564,-1.742,Backstroke,1689,204,0.182
0.35,1.163,-0.766,-1.468,-0.355,1.323,-0.797,-0.076,-0.886,1.311,0.246,0.787,-0.956,0.167,0.716,-0.859,-0.09,-0.828,0.453,-0.547,-0.276,0.18,-0.456,0.881,0.276,-1.5,0.957,-0.71,-1.151,0.74,-0.107,0.867,0.523,-1.503,0.482,-0.12,1.005,0.154,1.909,-0.227,2.104,0.541,-0.019,0.362,-1.105,-1.713,-0.407,0.495,1.887,1.677,1.041,1.829,-0.58,1.26,-1.853,1.659,-0.092,-0.226,-0.567,-1.921,Backstroke,1344,883,0.452
-0.29,0.624,0.606,-0.191,0.531,1.586,-0.455,0.549,0.138,0.861,-0.029,-2.158,-0.17,1.143,0.372,-0.059,0.113,1.085,-1.078,1.112,-0.566,-0.441,0.776,-0.177,-0.673,1.371,-1.232,0.031,1.119,-0.08,0.133,1.248,-0.509,1.044,-0.593,0.781,-0.201,0.164,-0.876,0.635,0.034,-0.485,-0.722,0.232,-1.029,-1.463,0.512,-0.033,-0.29,0.015,-0.659,0.726,-0.221,-1.65,-2.163,-0.906,-0.198,-0.414,1.285,-0.428,Butterfly,919,260,0.673
-1.449,0.035,-0.265,-0.611,1.085,0.328,1.154,0.082,-0.541,1.041,0.816,0.345,0.513,0.493,0.518,1.946,1.258,-0.019,0.059,1.005,-0.464,-0.959,-1.651,-0.901,0.379,-1.195,1.73,-2.036,0.026,-1.619,-0.296,-1.356,-0.196,1.032,0.257,2.015,-0.318,-0.58,0.682,0.846,-0.243,2.766,-0.605,-0.492,-1.036,0.071,1.005,0.764,0.037,0.38,-1.511,0.835,1.416,1.125,0.39,-0.52,-1.371,0.09,-0.515,0.822,Freestyle,684,216,0.562
-0.676,-1.733,-0.569,0.981,-1.089,1.371,-0.937,-0.645,-1.203,-0.474,-1.781,-2.231,0.96,0.788,-1.529,-1.483,0.754,0.741,0.174,-0.4,0.141,-0.18,1.336,1.329,-0.823,0.78,0.966,-1.07,-0.521,1.361,1.582,1.091,0.442,-0.519,0.535,1.772,-0.501,1.206,-0.171,0.249,0.085,-1.751,-1.973,-0.229,1.388,-1.088,0.026,1.075,-0.993,-0.058,2.16,-0.798,-0.784,-0.856,0.336,0.057,-0.077,-0.267,-0.84,-0.542,Butterfly,1305,650,0.377
1.235,-1.102,-1.577,-0.379,1.843,0.692,1.164,0.447,-0.664,0.832,1.254,-0.377,-0.23,-0.448,-0.895,0.102,0.55,-0.63,0.542,0.315,0.35,2.482,-0.349,-0.669,1.178,0.529,0.46,-0.773,0.443,-0.36,-0.423,0.282,0.728,-0.321,1.287,0.852,2.255,-0.397,0.324,2.165,-1.79,-0.057,0.205,-1.047,3.057,-1.511,0.205,-0.009,-1.812,-0.218,1.037,-0.553,0.293,0.268,-0.759,-1.229,-2.272,-0.437,1.516,-1.672,Backstroke,933,1000,0.428
0.57,-0.36,0.194,0.887,-0.131,0.576,-0.406,1.436,3.409,-1.334,-1.128,-0.933,-1.704,0.43,0.471,-1.241,0.916,0.72,0.526,0.103,-1.27,-1.327,-1.281,-0.197,-0.272,-0.643,0.646,-0.383,0.519,-2.387,-0.474,-0.182,-0.008,-1.289,-1.04,1.516,0.211,-0.546,0.465,0.306,-0.577,0.304,-1.333,-0.59,0.617,1.571,0.018,0.162,-1.295,-1.881,0.08,-0.377,-0.464,0.439,-1.215,-1.564,0.849,-1.098,0.606,-1.047,Freestyle,959,138,0.657
-1.071,-0.887,-1.14,0.239,-0.277,0.524,-0.83,0.725,0.255,0.207,-0.272,-0.348,-1.002,-1.33,-1.5,2.118,0.069,0.666,0.457,-0.217,-0.665,-1.258,-0.887,0.769,0.113,0.228,0.186,-0.865,1.449,0.113,-1.713,-2.457,-0.108,1.377,0.586,1.392,1.045,-0.614,1.045,1.086,1.871,-0.086,1.74,0.28,0.332,0.725,0.013,-1.268,0.273,0.959,-2.633,1.459,0.001,1.112,0.321,0.601,-0.902,-0.343,-0.584,0.043,Backstroke,1553,338,0.372
-0.744,0.624,-0.691,-0.568,-0.546,-0.947,-1.852,-1.024,-0.297,0.057,-1.476,1.799,-0.258,-0.277,-2.591,0.032,0.433,-0.085,-0.391,1.236,-0.216,-0.434,-1.352,-0.774,-0.175,-0.531,0.126,-0.501,-0.725,-0.244,0.66,1.354,0.831,-1.87,-1.253,-1.77,-1.034,-0.863,-0.167,-1.072,0.785,0.638,0.476,0.009,1.805,-0.117,-0.992,0.914,-1.778,-0.931,0.467,2.679,-0.007,-0.872,1.046,-0.965,0.397,-0.039,-1.528,-0.803,Backstroke,244,1066,0.431
0.048,0.586,-0.988,0.033,1.933,-1.976,0.336,0.148,-0.87,-1.357,1.101,2.688,0.037,1.414,0.124,-0.444,0.395,1.269,1.152,-1.616,2.259,-0.225,0.134,-0.819,0.035,-0.084,-0.461,-1.569,-0.029,-0.513,-0.606,-1.255,-1.736,0.269,0.252,-0.878,-1.237,1.419,0.165,-0.973,0.727,-1.138,0.156,0.173,1.458,-1.026,1.025,-0.712,0.313,-1.02,-0.712,-0.22,0.118,0.1,-0.972,1.091,-0.214,1.016,-1.227,-0.356,Butterfly,1790,759,0.649
0.933,0.435,0.687,0.261,-0.013,-1.292,-0.115,-0.329,0.744,0.647,-0.04,-1.474,1.053,-1.71,-1.269,-0.3,0.738,-1.61,0.341,0.202,1.758,-0.079,-1.277,0.21,0.654,-1.201,-0.92,0.531,0.361,1.077,-0.324,1.476,-0.372,0.015,-0.815,-0.119,0.428,-0.854,0.006,1.29,-1.64,-0.706,-0.73,-0.019,-0.214,0.666,1.234,0.07,0.447,0.159,0.117,1.737,1.53,-1.453,0.104,-1.149,-0.32,-1.255,0.038,1.693,Breaststroke,924,766,0.341
1.348,-0.671,-1.648,-0.822,0.366,-0.604,-1.104,1.075,0.84,-1.756,0.145,-0.481,-1.039,-0.318,-0.298,-0.118,-1.405,0.751,0.165,1.179,0.132,-1.037,-0.555,1.135,2.055,-0.709,-0.471,3.031,0.898,-0.726,1.827,0.474,0.317,-0.76,0.428,-0.848,0.543,-0.107,-1.954,-2.198,-0.89,-0.466,-0.622,-0.223,-1.476,1.25,1.284,-0.455,0.053,-0.138,-0.975,0.99,-1.547,-0.581,0.658,-0.026,-0.262,-0.741,-1.173,0.655,Breaststroke,287,521,0.2
0.425,-0.75,-1.474,-1.375,-0.754,0.527,0.608,1.443,-0.634,-0.116,-0.248,0.765,0.535,-0.34,-0.461,-0.473,0.299,-1.523,-0.337,0.223,-1.823,0.371,-0.678,0.557,-1.824,-0.904,2.601,-1.104,-0.139,-0.68,-0.504,-0.112,-0.695,0.656,0.191,1.253,0.349,0.446,-0.809,0.288,0.525,-0.898,-0.498,1.115,0.257,1.221,-0.297,-1.871,0.904,-0.728,-0.998,0.845,-1.082,0.413,1.282,1.593,0.256,-0.047,0.412,0.594,Freestyle,655,255,0.247
0.384,-0.567,0.879,0.203,-1.68,-0.017,-0.952,0.433,0.354,1.044,-0.161,0.843,0.097,-0.614,-0.148,0.191,0.395,-0.128,-0.031,-1.043,4.201,-1.968,0.613,0.685,-0.442,1.421,-1.002,0.562,-1.631,0.176,-0.389,-0.855,-1.332,0.19,-1.109,-1.11,1.026,-0.729,-0.748,0.251,-0.309,2.003,-0.02,1.058,-0.453,0.868,0.775,0.269,-1.538,1.57,-1.975,0.693,-1.847,-1.632,0.267,2.327,0.078,-0.169,-0.836,0.235,Freestyle,504,277,0.491
-3.026,1.275,0.953,-1.62,-0.326,0.756,-0.382,-0.659,-0.658,0.888,0.699,-0.206,-0.743,0.379,-0.135,-0.219,-0.316,-0.862,-0.741,1.233,-0.059,0.125,0.413,0.236,-1.095,0.447,-0.246,0.209,-0.661,0.578,0.903,1.16,0.051,0.123,2.931,-1.028,-0.542,0.963,2.377,0.638,0.302,-0.88,-0.751,-0.468,0.744,-0.704,-0.772,-1.052,0.588,-0.347,-0.397,0.054,1.65,-0.08,0.884,-0.386,-0.649,-1.581,-1.904,0.053,Front Crawl,615,836,0.225
0.673,0.726,0.07,-1.635,2.551,0.858,0.722,-0.823,0.254,0.7,2.715,0.578,0.541,-0.783,0.363,-0.322,0.127,-1.112,0.01,-1.587,-0.847,-1.463,1.536,0.026,0.747,-0.954,-0.678,1.616,1.105,1.454,-1.041,1.704,-1.428,-0.436,-1.125,0.461,-0.105,-0.29,1.22,-0.69,0.361,0.938,0.256,1.371,-1.49,0.78,0.406,1.248,-0.905,-0.001,-0.252,-1.559,0.729,-1.971,1.672,-1.068,0.175,-0.603,-0.027,0.757,Butterfly,1291,598,0.893
0.548,-0.186,-0.052,-0.378,-1.088,1.195,-0.941,1.597,-0.204,-0.652,0.169,0.834,-1.15,-0.547,-0.847,-0.403,0.656,-1.07,0.804,1.106,2.62,-1.102,-0.181,-0.47,-1.171,-0.393,-0.16,-0.448,0.154,-0.376,0.032,1.285,1.767,2.199,-0.857,2.248,-0.864,-1.08,0.485,-0.637,-1.05,0.1,-0.36,1.513,0.176,-0.439,0.602,-2.033,0.107,-0.544,-0.039,-0.236,0.368,0.466,0.894,0.387,0.522,-0.465,-0.581,-1.026,Front Crawl,1162,145,0.43
-0.301,-1.282,-1.613,-0.063,-0.271,-0.351,-0.004,1.58,0.131,-0.056,0.036,0.479,-1.252,0.893,1.317,-0.97,-0.446,-0.77,0.318,-0.165,-1.629,-0.772,-1.335,0.11,-0.915,-0.418,0.555,1.107,-0.276,-1.09,1.166,1.751,-1.049,0.19,-0.952,1.303,-0.692,-1.077,0.338,-0.317,0.734,0.108,-0.246,2.777,0.416,-1.285,0.228,0.835,0.485,-0.935,-1.329,-0.843,0.401,0.492,-1.283,2.131,1.375,-0.618,0.64,0.355,Butterfly,766,799,0.36
0.83,0.745,-1.139,1.263,-2.124,0.469,2.252,-1.041,2.461,0.987,-1.499,0.128,-0.188,-0.168,-1.786,-0.599,-0.179,-0.043,-1.188,0.884,-1.748,2.136,-1.554,-1.037,-1.695,1.131,-0.628,-0.543,-0.135,-0.812,-0.466,-0.741,0.113,0.496,-0.774,0.922,-1.287,0.493,1.098,0.557,1.157,0.98,-0.65,-1.805,0.641,-1.442,-0.168,-0.207,0.053,-0.789,-0.639,-1.45,-1.921,-0.93,-0.059,-1.453,-1.308,0.442,-1.291,0.382,Breaststroke,1430,685,0.32
-0.221,0.134,0.355,-0.963,0.343,-1.598,0.723,-0.541,-0.173,-0.552,-0.473,1.025,0.513,0.046,1.989,1.744,-0.724,0.609,-0.502,-0.366,0.109,0.953,-0.214,-0.747,-0.002,-1.839,0.066,-0.325,0.758,-1.221,-2.381,-0.071,-0.322,-0.323,-1.153,-0.184,-3.598,0.327,0.257,1.076,0.713,0.422,-0.865,1.296,-1.785,-1.876,0.716,-0.334,2.227,0.726,-0.796,1.858,1.947,0.228,0.838,0.632,-0.866,0.011,-0.092,-0.363,Butterfly,1341,469,0.399
1.096,-0.748,-1.361,-0.378,-2.02,0.556,-1.309,-1.273,-0.928,1.434,0.005,-0.926,0.507,0.71,-1.442,0.674,-1.236,0.46,0.702,-2.574,-1.344,1.794,0.244,0.741,-0.018,1.096,0.071,0.665,0.845,1.342,0.638,0.699,1.016,0.901,-0.7,-0.042,0.043,0.639,1.201,-2.62,-0.713,-1.006,0.266,1.175,1.303,-1.217,0.616,0.359,-0.174,-1.637,0.446,-1.622,-0.635,0.389,0.093,1.864,0.637,-2.096,0.211,-0.865,Freestyle,205,584,0.349
1.391,-2.875,-0.012,-0.774,1.002,-0.35,-0.453,-1.612,-1.135,-1.484,0.389,-0.602,-0.543,-0.132,-1.066,-0.098,-0.203,0.135,-1.827,-1.582,0.81,-1.119,-1.802,-0.112,1.502,-0.678,0.198,0.425,-0.297,-0.972,0.047,0.621,-0.752,0.495,-0.565,1.344,0.24,1.449,-1.572,0.152,1.773,0.17,1.029,-0.7,0.222,0.625,-0.82,-0.05,0.627,1.131,3.171,1.54,-0.26,0.3,-0.038,1.726,1.014,0.86,-1.664,-1.759,Breaststroke,638,728,0.597
-0.255,0.029,-0.415,0.186,2.143,1.047,-2.717,-1.576,0.207,-0.664,0.042,-2.615,-0.006,2.375,-0.278,-0.506,1.484,1.641,1.069,0.229,-0.931,-0.584,0.416,0.197,-0.766,-1.172,-1.448,1.146,-0.069,0.505,1.078,-1.232,-0.778,1.056,-0.48,-0.446,0.186,-0.306,-1.162,0.327,0.578,-0.577,1.298,-0.051,2.247,0.274,0.568,1.135,0.5,2.54,-0.017,1.548,-0.673,0.588,0.796,-2.091,0.751,1.02,-0.835,0.506,Freestyle,1480,155,0.087
-1.326,-0.508,-1.35,0.115,-1.133,1.637,-0.58,-0.687,0.111,-0.211,-1.02,0.004,-0.037,0.618,-0.071,0.185,-2.089,1.395,0.042,0.436,-0.415,-1.192,-1.46,0.375,0.283,-1.585,0.883,1.035,1.41,0.285,1.624,-0.137,1.193,1.147,0.627,0.531,-0.675,1.775,1.258,-0.825,0.863,-1.351,-0.427,-0.054,0.134,0.969,0.41,0.547,0.499,1.869,-0.594,-1.047,-0.127,0.534,-1.672,-0.253,0.968,1.502,-0.428,0.431,Backstroke,167,471,0.487
-0.986,0.408,0.667,1.006,-1.004,-0.935,0.976,0.807,0.67,-0.606,0.123,-0.728,-1.17,-0.63,-0.023,-0.184,-0.209,0.804,1.265,0.096,-0.062,-0.93,-0.131,-1.075,1.912,-0.049,-1.316,0.296,1.159,0.632,1.715,-1.067,1.144,-1.443,-0.283,0.751,1.133,0.051,1.194,-0.403,0.123,0.5,0.055,-0.993,-0.327,0.916,0.278,-0.62,0.844,0.444,-1.235,-0.957,-1.503,-0.623,2.22,1.108,-0.049,-0.552,-1.057,1.094,Backstroke,1856,429,0.45
-0.396,-0.925,-1.599,2.061,0.342,1.314,1.678,-1.544,-0.135,0.925,-0.553,-0.428,2.228,2.218,0.843,0.66,-1.386,-0.89,0.689,0.812,0.5,0.056,0.789,-0.866,-0.509,-0.716,-0.966,0.208,-0.943,-2.529,0.443,-0.434,0.572,1.024,-0.275,1.308,-0.361,0.177,0.04,0.84,0.927,0.164,-1.271,-0.359,-0.785,1.297,1.609,-0.195,0.535,0.181,0.262,0.171,-0.146,0.178,-0.007,-0.523,-0.108,-1.073,-0.303,-0.138,Backstroke,592,746,0.484
-0.844,0.871,-1.071,-0.297,-0.099,-0.227,1.304,-1.387,-2.197,-1.802,0.397,1.287,-1.187,1.216,0.866,-0.679,0.775,0.837,-1.499,-1.768,-1.71,-1.241,-2.178,-0.005,2.193,1.829,-1.166,0.018,-0.486,1.8,-2.248,0.495,-0.094,-0.005,1.066,-0.851,-1.128,-0.357,0.222,0.129,-0.818,-0.737,0.261,0.745,0.502,0.226,0.027,-1.222,0.602,0.513,-0.229,0.127,0.949,0.077,-0.419,-0.538,0.409,-1.261,-0.056,1.378,Backstroke,321,814,0.852
-0.393,0.552,0.152,-0.76,0.476,-0.764,0.92,-0.168,-0.526,-0.74,-0.978,-1.76,-0.261,-0.854,0.882,0.263,0.495,1.163,-1.71,-0.425,1.388,0.258,-1.913,0.496,0.042,-2.129,0.697,0.603,-0.771,-0.058,-0.08,-0.038,1.994,0.701,0.124,-1.579,-2.524,-1.288,0.667,-0.265,0.185,0.17,0.271,0.729,-0.691,-0.927,-0.722,1.035,0.119,0.551,-0.016,-0.202,0.201,-1.281,-0.153,1.301,-0.564,-0.163,-1.201,-0.638,Butterfly,1694,377,0.69
-0.012,-0.635,0.745,0.341,-0.43,1.167,-0.794,-0.161,-1.915,-0.91,1.763,1.273,0.77,1.176,0.467,-0.832,1.667,-0.722,-0.776,-0.36,0.023,-0.904,0.834,0.176,-0.292,-0.434,-0.391,-1.223,-0.179,-1.164,-1.945,1.084,-0.899,1.484,-0.641,0.076,-1.04,-0.084,0.145,0.29,-2.564,0.748,-0.441,0.144,-0.411,0.203,0.52,-1.218,1.651,3.055,0.448,1.058,-2.172,1.306,0.784,-0.31,-0.344,-0.039,-1.27,-0.614,Front Crawl,487,817,0.504
0.673,-0.3,-0.063,0.184,1.296,0.289,-0.107,0.733,1.268,1.257,-0.526,0.11,-1.435,0.676,-0.569,-0.888,0.467,0.809,-0.956,0.588,-0.869,0.411,-1.601,1.09,0.062,0.948,0.325,-0.774,0.882,-0.03,0.513,0.406,0.652,-0.634,0.816,0.16,1.63,-1.26,-0.544,-0.338,0.888,1.172,-1.461,0.736,1.616,-0.972,0.473,-0.395,0.296,0.024,-0.386,0.687,-0.453,-1.001,0.164,0.818,1.718,1.135,-0.216,-0.852,Backstroke,227,154,0.562
-0.13,0.799,0.353,-0.55,-2.092,0.69,-0.064,-1.805,0.32,-1.305,-2.225,0.947,0.905,-1.254,-1.247,-0.459,2.312,1.222,0.166,1.592,-0.189,-0.947,0.362,0.144,-0.806,0.527,-0.267,-1.219,0.653,1.563,0.025,-0.823,-1.3,0.888,0.789,-1.018,-0.936,-0.704,0.934,0.634,-0.454,-0.798,-0.737,-1.09,1.115,1.618,-2.068,1.483,-0.244,-1.145,0.89,-1.324,-1.54,-0.446,0.81,-0.274,-1.132,0.873,1.994,0.128,Butterfly,321,1034,0.447
-0.901,-0.135,0.375,0.424,-1.006,0.484,-0.274,-0.103,-1.354,0.741,0.671,0.76,-1.6,-0.863,0.225,0.162,-0.511,1.329,1.442,1.233,-0.728,0.565,0.771,1.251,-0.42,0.021,1.094,1.073,0.456,-1.647,-0.205,0.479,0.411,0.194,-1.137,-1.021,-1.676,-1.711,0.626,0.578,0.616,0.424,2.092,0.318,-1.665,0.198,0.414,0.017,1.074,-1.333,1.788,0.158,1.034,1.146,-0.55,3.078,0.725,0.004,-0.705,0.811,Backstroke,573,660,0.135
-0.487,0.123,2.111,0.934,0.55,-0.467,0.981,-0.31,0.078,0.908,0.498,1.082,-0.478,-1.189,-1.052,0.111,0.66,0.545,0.038,-0.684,1.654,0.283,1.17,-0.821,-0.528,-0.028,0.821,0.341,0.953,-1.513,0.355,-1.612,1.329,-0.147,-0.684,0.913,0.907,-0.821,-0.77,-0.349,-0.123,-0.052,1.318,0.333,-1.225,0.262,-0.39,-0.185,2.179,-1.773,0.181,0.404,1.315,0.805,-0.939,0.956,-0.932,1.038,0.085,-0.118,Freestyle,595,212,0.507
-0.645,1.555,0.131,-1.082,-1.538,-0.218,-0.924,-0.048,-0.076,0.232,-0.356,-0.565,-1.452,0.179,0.629,-0.488,0.35,-1.422,0.545,0.487,0.703,0.819,-0.801,-1.348,-0.16,-1.04,-3.27,1.07,-0.455,-0.997,0.568,0.935,0.979,0.507,-0.409,-1.155,-0.213,0.881,1.141,-0.636,0.093,0.253,2.26,-0.324,0.045,1.064,0.308,1.248,0.04,0.475,-1.568,0.155,-0.251,-0.34,-0.116,-1.052,-0.463,1.56,-1.176,-0.036,Front Crawl,556,687,0.262
0.451,0.971,-0.897,-0.32,0.18,0.888,-1.064,0.361,-0.16,-0.588,-0.736,0.673,0.056,-1.672,1.698,0.734,0.138,2.176,-0.735,-1.007,1.301,-0.205,-1.274,-1.384,0.028,-0.672,-0.237,-1.322,-0.817,-0.341,-1.445,-0.043,0.397,0.34,0.282,-0.999,1.331,-0.689,-0.646,-0.379,1.669,0.025,-0.16,0.177,-0.34,-0.138,-0.622,-0.935,-0.922,1.767,1.472,-0.264,-0.26,0.359,0.238,-1.214,-0.583,0.893,1.731,-0.2,Freestyle,1556,407,0.404
1.551,-0.197,1.843,0.683,-0.373,-1.59,-0.466,2.276,0.948,1.087,-1.173,0.171,0.651,-0.4,-1.211,-0.624,-0.325,-1.619,-0.683,-0.872,-1.633,-0.188,-1.056,-0.643,-0.156,-1.76,-1.0,1.242,1.15,-0.866,0.142,-0.326,0.059,0.806,-1.981,-1.636,1.494,-0.591,-0.25,0.368,-1.058,1.822,-1.641,-0.736,-0.055,-0.306,-0.178,1.36,-1.389,-1.101,-1.855,0.062,-0.326,1.691,0.428,0.957,-0.518,0.69,1.252,2.207,Front Crawl,204,442,1.0
-0.393,-0.395,-0.193,1.032,0.433,-0.129,-2.416,-1.94,-1.207,-0.13,1.826,0.681,-1.611,0.488,0.329,-0.272,1.634,0.722,0.346,-0.788,-1.573,0.809,-1.176,0.361,0.887,-0.426,1.05,0.445,0.326,0.314,-0.662,-0.365,-1.32,-0.29,-0.154,1.111,0.218,1.292,0.4,0.008,-0.456,-0.349,-0.774,0.701,-0.058,-1.777,0.486,0.66,-0.758,-1.308,0.997,0.719,2.27,0.078,0.727,0.257,-0.618,-1.561,0.412,-0.93,Breaststroke,235,768,0.679
-0.381,0.506,-1.794,1.093,-0.899,1.25,0.455,-0.015,-0.487,0.497,-0.027,-0.308,-0.225,0.839,0.597,-0.591,-0.114,0.952,1.652,0.16,-0.392,-0.146,-1.422,1.371,-0.247,2.293,-0.534,2.325,0.225,0.631,1.24,-0.339,-0.029,0.314,-0.334,-0.248,-0.149,-1.241,-1.799,0.042,-1.211,0.809,1.802,0.27,0.595,0.553,-1.556,0.981,-1.764,1.105,0.754,0.384,0.285,-0.993,1.434,0.399,0.776,-1.536,-0.16,0.418,Front Crawl,1173,328,0.482
1.586,0.065,-0.58,0.15,-0.677,0.104,-0.415,1.54,-0.082,0.99,-0.343,0.529,-1.058,-0.97,0.157,1.796,1.368,0.231,1.077,0.092,-0.223,-0.313,-0.964,-1.176,1.891,0.471,1.533,-0.623,1.549,-1.062,0.828,-0.36,-0.409,0.194,1.136,2.557,-0.097,0.306,-0.492,-1.359,0.82,-1.201,0.026,0.178,0.916,0.714,1.189,-1.029,-0.115,-1.471,0.089,-0.091,-0.362,-1.593,-0.691,1.582,-0.402,-1.118,-0.471,-0.05,Freestyle,1715,170,0.376
0.107,0.022,-1.006,0.742,0.304,1.313,-0.2,0.027,-0.695,0.152,-0.587,1.606,1.636,0.608,-0.769,0.239,0.009,0.574,0.274,-0.792,-0.501,-1.561,0.78,-0.046,1.414,-0.393,-1.313,0.153,0.35,-0.76,-0.815,-0.407,0.488,0.035,-0.566,-1.081,0.131,0.042,0.925,0.084,-0.364,1.144,0.569,-0.179,-0.344,-0.774,-0.86,1.428,0.616,-0.504,0.472,-0.496,-0.115,0.17,-0.486,-0.858,0.603,0.501,0.786,-0.36,Backstroke,1889,176,0.646
0.634,-1.112,0.506,1.003,-1.025,0.071,-0.141,-1.027,-1.185,1.022,-1.001,0.304,-2.578,0.089,1.69,-0.309,-1.887,1.113,0.598,0.59,-0.418,-0.244,0.849,0.141,-0.426,-0.296,0.522,-0.214,-2.201,0.838,-1.145,1.644,1.535,0.538,0.277,-2.03,0.695,0.759,0.457,1.505,0.885,-1.909,-0.525,1.624,1.563,-0.123,2.398,0.003,-0.729,0.081,-1.069,1.027,-0.45,0.525,-0.149,-1.624,-0.001,-0.959,-1.591,1.761,Breaststroke,1899,254,0.53
-0.161,-1.678,-1.248,0.948,0.015,-1.289,1.639,0.453,0.989,-1.05,1.03,1.558,-0.349,-1.392,1.491,-0.077,-1.115,-0.815,-0.379,-1.957,0.399,1.03,0.476,1.187,0.917,0.176,-0.313,-0.621,-0.36,0.929,0.641,0.784,0.175,-0.436,1.416,0.269,-0.026,1.763,-1.268,1.31,2.585,1.083,0.269,-0.816,-1.452,-0.119,0.519,-1.02,-0.271,-1.185,-0.39,0.012,-0.135,-0.022,-0.625,-0.055,-0.406,-1.194,1.126,-0.591,Backstroke,302,339,0.426
1.713,0.141,-0.659,-0.091,1.181,-0.14,1.759,0.442,-0.185,0.165,0.497,-0.668,-2.043,0.454,1.428,-0.197,-1.591,-0.725,1.059,-0.138,0.306,1.418,1.477,0.825,1.404,-0.621,1.212,0.191,-1.456,0.373,0.023,-1.856,1.396,0.976,0.024,-0.522,-0.232,0.964,1.613,-0.103,1.339,0.141,1.063,0.196,0.446,-0.247,0.622,1.197,-0.637,1.503,1.59,1.491,-0.165,0.139,0.051,-0.86,-0.849,0.68,-0.991,0.127,Backstroke,821,810,0.312
-1.96,1.238,-1.196,0.827,0.463,-0.523,0.834,0.205,0.844,0.989,0.04,-2.277,-0.942,-1.792,1.635,-0.626,-0.418,-0.955,-0.691,0.278,-1.409,-1.066,-2.049,0.396,-2.082,0.359,-0.401,-0.834,0.118,0.54,0.526,0.595,0.483,0.23,1.12,1.078,-2.124,1.378,-0.954,0.719,-2.301,0.819,-0.073,-1.445,-0.675,-2.012,1.215,0.289,1.041,-0.564,1.139,1.004,-0.289,0.301,-0.16,-0.596,-0.452,0.322,-2.184,0.548,Front Crawl,1215,844,0.489
-0.44,-0.473,0.521,0.517,1.962,-1.486,1.089,0.827,1.342,0.454,0.28,-0.27,-0.876,1.856,1.526,1.699,1.507,0.73,-0.902,-0.391,-0.292,0.198,0.93,0.463,-0.844,0.593,1.326,-1.641,-0.455,0.528,-0.147,-0.324,-0.927,0.221,-0.238,-2.069,1.505,0.846,-0.747,-1.486,0.298,-0.22,0.082,-0.055,-0.022,-0.493,1.087,-1.299,0.46,-2.485,0.734,1.38,-0.327,0.209,0.715,1.629,0.952,-2.19,-0.527,1.469,Butterfly,1753,952,0.842
-2.285,-0.718,-0.748,0.139,-0.069,-0.613,0.683,-0.143,1.47,-0.069,0.28,0.172,-0.57,1.846,-0.105,0.023,-0.132,0.47,1.739,-1.88,0.815,-0.223,-2.788,-0.286,0.079,-0.113,-1.384,-1.794,-0.455,0.167,0.248,0.468,-1.051,-1.061,0.869,0.265,-0.894,1.276,1.832,-1.177,-0.648,2.682,1.474,0.761,1.438,1.799,-0.678,0.88,-1.394,0.807,-2.469,1.307,-0.064,0.655,1.369,-0.01,1.516,0.69,-0.6,-1.405,Front Crawl,1659,1027,0.422
-0.243,1.903,1.312,-0.389,0.379,0.05,0.573,-0.95,0.856,1.401,-0.88,-0.917,-0.571,2.756,1.1,-1.664,0.551,-0.702,0.91,0.579,0.218,-0.716,1.149,1.453,-0.576,-0.26,0.453,0.225,0.554,-2.324,-0.816,-0.652,-1.164,-1.132,2.819,1.215,-1.074,-0.226,0.308,-0.353,-0.863,-0.724,0.197,1.156,-0.17,-0.495,-1.056,0.231,1.054,-1.306,-0.671,-1.484,0.149,-1.413,-0.917,1.025,-1.495,-0.774,-0.245,-0.225,Front Crawl,764,106,0.753
0.321,0.597,-2.22,1.09,1.435,0.282,0.531,-0.206,-1.612,0.879,0.173,0.231,-1.778,0.257,-1.172,-0.4,-0.841,0.183,0.012,-0.704,0.323,0.29,-1.315,1.013,0.81,0.226,-0.02,0.516,-1.548,-1.121,-1.448,-0.975,-1.217,-1.516,-1.055,-0.914,0.821,1.472,-0.01,0.667,-0.972,-0.164,0.71,1.58,-0.292,-1.141,-0.726,0.279,-0.38,-2.964,0.482,0.921,-0.137,-0.406,-0.291,2.002,-0.986,-0.908,-1.787,2.135,Front Crawl,1640,923,0.206
-0.615,1.22,-1.1,-0.307,-0.196,-0.399,0.202,0.641,-1.628,-1.173,0.112,2.019,-0.073,-1.937,-0.904,0.871,0.086,-0.122,-0.41,1.458,0.313,0.519,1.948,0.663,2.032,-1.094,-1.195,-0.435,-0.555,-0.33,0.591,0.488,1.781,-0.832,-1.075,0.044,0.532,0.118,1.461,-1.467,-0.412,-0.322,2.478,0.862,0.077,-0.913,-0.403,-0.581,0.188,-0.114,-1.369,1.901,0.111,-0.197,1.795,-1.245,1.018,0.513,-1.775,-0.042,Breaststroke,380,423,0.303
0.509,-0.666,-1.583,-0.939,-1.181,0.701,-0.03,-0.029,-0.855,1.308,-1.101,1.06,-0.104,-0.374,-0.784,-2.113,0.573,-0.014,-1.165,0.206,-0.837,-0.567,-2.448,0.324,-1.108,-1.576,1.348,1.742,0.141,0.276,-0.529,1.565,0.419,0.14,0.069,0.029,-0.48,-0.308,0.302,1.619,-1.314,0.916,1.485,-0.625,-1.735,-1.493,-1.591,-1.471,-0.551,0.643,0.183,-0.038,-1.796,-1.06,0.188,0.262,0.235,0.309,-1.408,-0.318,Freestyle,1334,953,0.247
-0.462,-2.261,-1.146,1.193,-2.504,-0.208,-1.851,0.503,0.466,-0.048,-1.254,-0.984,-1.504,1.49,1.28,1.253,-0.054,-0.948,-1.285,1.013,1.566,-0.456,-0.115,0.606,-0.227,-2.298,-0.022,0.757,0.788,1.984,-1.364,-0.739,0.756,0.106,0.242,-0.163,0.256,1.181,0.8,-0.709,0.704,2.034,0.943,-0.483,-0.241,0.477,1.648,0.851,1.166,-0.651,0.875,0.473,0.526,1.945,0.065,-0.949,-0.257,-1.212,-0.876,0.636,Front Crawl,1231,1007,0.758
0.9,-0.494,-1.098,1.538,-0.566,-0.822,0.822,-0.843,-0.123,0.94,0.436,-1.745,-0.039,-0.738,-0.536,-0.966,0.619,-1.318,0.645,-0.732,-1.342,1.008,-0.905,-0.636,-1.308,-1.324,-0.619,0.556,-0.779,0.08,0.626,1.326,0.738,0.437,0.326,0.747,0.126,0.144,-0.919,-0.692,0.207,0.664,-1.749,-1.5,-1.306,-0.953,-0.432,0.245,0.32,-0.001,-1.033,-0.972,0.379,-1.469,0.976,0.196,-0.794,1.14,0.784,0.197,Front Crawl,1264,1058,0.682
0.181,-0.002,0.502,1.479,2.017,1.64,-0.367,2.696,-0.515,-1.747,1.585,-0.437,0.033,1.141,0.123,0.87,0.527,-0.999,-0.102,1.31,0.348,0.035,0.228,-0.907,0.228,0.017,0.307,1.054,-1.41,0.102,-1.029,-0.21,1.65,-0.961,0.831,-0.69,1.325,0.264,-0.091,1.02,0.493,-1.016,-0.128,1.376,0.624,0.513,-0.635,0.641,-0.53,-0.001,-0.746,1.261,0.205,0.005,1.978,0.369,0.715,-0.31,-1.14,0.301,Freestyle,242,122,0.837
-0.068,-1.308,-2.006,-0.994,-1.381,-0.552,-0.131,-2.042,-1.585,0.83,1.026,0.098,-0.122,-1.548,-0.586,0.002,1.363,-0.074,0.992,-1.354,-0.297,0.105,-0.506,-0.237,-1.281,1.709,1.818,-0.665,-0.468,-0.633,-1.213,0.603,0.469,0.698,1.751,0.282,0.185,0.823,-1.222,0.616,-1.935,0.091,-0.211,-2.156,1.335,-0.567,-0.79,-0.848,1.381,-0.587,0.67,-0.601,-0.426,0.749,1.624,0.416,0.425,-1.165,0.723,1.655,Butterfly,703,219,0.613
-0.05,-0.24,1.109,0.489,-0.484,-1.157,-0.535,1.337,1.193,-1.291,1.521,-0.286,0.132,-0.397,0.085,0.718,0.19,-0.258,0.185,1.984,0.862,0.288,-1.758,1.712,0.253,0.328,-0.33,0.179,-2.486,0.533,1.077,0.81,-1.639,0.748,0.868,1.117,0.268,-0.218,-1.483,1.179,1.117,0.778,1.262,0.601,-0.113,-1.626,-1.68,0.248,1.11,-0.733,-0.973,0.402,1.027,-0.021,-1.037,-0.952,-0.819,0.569,-0.434,-1.647,Backstroke,387,567,0.613
1.316,0.561,1.23,0.664,-0.081,0.046,-0.269,0.648,1.328,-1.568,-0.775,-0.656,-0.5,2.21,-0.977,0.57,1.104,0.889,-0.138,-2.291,0.453,0.758,-0.546,0.225,-1.627,-1.092,-0.704,-0.249,0.894,0.337,0.273,1.594,0.572,-0.205,-0.304,0.777,-0.811,-1.432,-0.049,0.387,-0.575,0.432,-0.408,-1.396,0.513,-0.406,-0.637,-0.023,-0.67,2.172,0.45,-1.51,-2.172,1.866,-0.631,0.668,-0.302,0.17,1.266,0.35,Front Crawl,1731,938,0.159
0.009,0.048,-0.946,-0.772,0.264,0.397,-0.951,1.292,0.11,-0.958,-0.024,-0.523,1.227,-0.42,0.485,-1.732,-0.815,1.369,-0.583,-0.463,-0.114,0.411,-0.055,0.922,-1.053,-0.124,-0.028,0.374,0.683,-0.577,0.44,-1.483,0.56,0.413,-0.107,-1.222,0.051,0.853,-0.978,0.767,-0.659,0.671,-0.096,0.568,1.512,-2.372,-0.445,0.773,-0.288,-0.648,0.04,1.281,-0.378,-0.986,0.655,-1.605,0.464,-2.8,-1.523,0.313,Butterfly,1322,880,0.511
0.119,-0.907,-0.41,-1.201,1.557,1.05,0.463,1.41,-0.456,-0.638,0.258,0.552,0.367,0.727,0.006,1.566,-0.923,-0.855,0.708,-0.312,1.857,-0.138,0.321,0.256,-1.049,-1.005,-1.571,-0.175,0.413,-0.121,-1.665,0.291,-0.508,0.165,0.129,0.929,0.262,-0.74,0.314,-0.453,0.252,1.634,-0.847,-0.191,0.161,-2.656,0.35,0.102,0.989,0.087,-1.265,0.427,-0.501,-0.744,-1.221,0.84,1.425,0.881,-0.525,0.54,Backstroke,1614,177,0.218
1.049,-0.585,-1.495,0.714,0.282,1.241,0.293,-0.67,1.298,0.101,2.269,0.01,0.878,-0.811,-0.354,0.31,0.32,-1.146,-1.064,1.286,-0.386,1.487,-0.768,-2.067,0.234,-0.765,-0.58,1.31,0.955,0.915,-0.97,-0.962,0.646,-2.139,2.25,0.102,-0.589,0.009,-0.05,1.03,-0.409,1.473,-1.158,1.549,0.264,-0.505,0.385,0.275,1.148,-1.201,1.706,-2.453,0.169,1.123,0.826,-0.93,0.342,0.179,1.137,1.731,Butterfly,1379,958,0.656
1.662,-0.475,0.56,-0.218,1.264,-1.33,-0.612,-0.431,-1.103,-3.131,0.513,0.961,-0.532,-0.718,0.378,-1.699,-1.249,-1.141,0.54,-1.091,0.874,1.717,-1.888,-0.351,0.027,0.531,-0.179,-1.029,-1.691,-0.33,0.319,1.031,-1.065,-0.189,2.174,-1.185,-1.651,-0.028,-1.93,-0.045,0.169,1.853,-0.749,-0.024,1.33,1.543,-1.279,-1.119,-0.195,-0.023,2.417,-0.507,0.632,1.864,1.601,-0.494,0.713,1.062,1.524,0.879,Freestyle,1881,137,0.225
-0.462,0.57,-0.74,0.157,-0.133,0.407,-0.861,0.798,1.213,-0.411,0.415,1.144,0.371,-0.067,0.394,-0.282,-2.306,0.213,0.216,0.052,-0.69,-0.904,1.165,2.232,1.149,0.547,-2.041,-0.229,-0.731,0.985,-0.874,-0.9,1.302,-1.624,-1.108,0.143,2.0,-0.319,-0.666,1.167,1.094,-0.784,-1.44,-3.039,0.277,0.983,-1.44,0.83,0.002,-1.527,1.072,0.462,1.158,1.224,-0.51,0.41,0.341,-0.052,-0.077,0.615,Front Crawl,164,626,0.497
0.17,1.867,1.301,-1.599,-0.246,0.188,0.62,0.313,0.287,-1.463,0.558,1.397,0.801,1.361,0.061,0.376,0.154,0.978,-1.641,-0.061,0.136,1.064,0.331,-0.492,-0.25,1.19,-0.015,0.547,-0.429,0.711,-1.252,-1.487,0.036,1.377,-1.258,-1.311,0.766,1.324,0.671,0.638,0.149,-2.342,-0.051,1.269,-0.085,-1.834,-0.424,-1.023,-0.169,2.82,0.684,1.157,-0.239,-0.844,0.099,-1.626,-2.015,-0.484,-2.2,-1.081,Butterfly,580,151,0.229
-0.388,-0.963,0.363,0.371,-1.698,-0.8,0.573,0.358,-1.836,-0.735,1.345,0.061,-0.189,0.076,-0.305,-1.067,-1.262,-0.516,1.63,-0.286,2.005,-0.185,1.089,1.289,-1.444,-0.524,0.645,-2.236,0.245,0.11,-0.397,-1.608,1.119,1.01,-0.147,0.289,0.517,0.627,1.31,0.309,1.386,-1.096,-1.493,-0.166,0.885,-0.607,-0.833,0.084,0.255,-0.328,1.152,-0.436,0.31,0.168,-1.702,-1.46,-0.002,0.482,-0.374,-0.056,Backstroke,403,747,0.126
1.146,-0.641,-0.628,1.114,0.878,-0.406,0.061,-0.737,-0.087,-1.256,-0.023,0.537,-1.334,0.372,-0.04,-1.771,0.082,1.293,-0.914,0.956,1.106,-0.3,0.204,-0.881,-1.149,0.511,0.102,0.305,0.089,-1.284,1.141,-0.928,-2.13,-1.433,-1.214,0.486,0.977,0.432,-0.61,-1.155,1.599,-0.441,-0.881,-0.195,0.233,-0.928,-0.205,0.622,1.427,1.097,1.513,-0.307,-0.865,1.838,1.189,0.887,-0.989,-1.05,-1.01,0.282,Butterfly,1070,860,0.287
1.054,-2.787,-1.373,1.591,-0.092,0.23,-0.367,-2.396,-1.173,0.021,0.396,0.958,1.239,-0.417,-2.548,2.487,0.702,-0.581,-0.624,-0.498,0.719,0.32,-1.692,1.029,0.253,0.186,-0.122,0.773,0.656,-0.492,0.119,0.844,0.99,0.256,-0.027,0.51,0.497,2.766,-1.689,-2.477,0.856,1.922,0.415,0.038,-0.506,-0.785,0.391,0.315,0.227,0.699,0.222,0.638,-1.687,1.289,-1.089,-1.599,-0.377,0.108,1.354,0.337,Front Crawl,244,115,0.657
-0.609,1.563,1.954,0.561,0.731,0.051,-0.545,0.582,-0.378,-0.106,1.629,0.521,0.189,-1.165,0.645,-0.422,1.26,-1.128,-0.424,0.712,1.81,-0.589,1.972,0.46,-1.059,1.103,0.554,-0.702,1.642,0.647,-0.002,-1.87,-0.098,-0.04,-0.183,-0.137,-0.203,-0.529,1.141,-0.529,0.315,-0.753,0.138,-0.569,-0.642,0.34,-0.136,-0.58,-0.967,0.347,1.081,-0.91,-0.613,-0.009,1.282,-0.978,2.558,-0.674,-1.906,-0.049,Backstroke,491,319,0.229
1.172,-0.721,-0.106,-0.161,-0.151,0.211,0.05,-0.401,0.276,-0.144,1.03,-0.439,1.131,0.496,0.235,0.462,1.055,-1.314,0.619,-1.56,-0.351,0.859,-0.366,-0.847,1.817,1.567,-0.439,-0.05,0.934,0.609,-0.196,-0.864,0.403,-0.628,0.307,0.398,0.778,-0.676,0.544,0.002,-2.128,-0.641,-1.746,1.962,-0.446,0.561,1.916,0.15,2.771,-0.965,-0.71,-0.937,-1.274,0.703,0.782,0.283,1.006,-1.073,0.873,0.459,Butterfly,1094,955,0.516
-0.069,-0.369,2.07,0.062,-0.631,-0.217,0.681,-0.8,-1.065,0.88,-0.598,0.061,1.067,2.019,-0.457,-2.672,0.099,0.347,1.113,-0.613,1.961,-0.914,-0.871,-1.994,-1.845,-0.408,-0.299,1.406,1.691,-0.103,-0.339,1.152,1.312,0.117,0.868,0.003,0.81,1.011,-0.405,-0.901,0.425,2.636,-0.582,-0.515,-2.248,0.808,1.04,2.139,0.785,1.279,-1.883,-0.861,0.191,1.345,1.086,-1.02,-0.293,1.404,-0.025,-1.686,Front Crawl,206,584,0.793
0.246,-0.909,-0.647,1.629,-0.142,-0.002,-0.041,0.506,0.121,1.425,-0.136,-0.85,-0.782,-0.258,-0.218,0.223,0.998,-0.702,1.429,-0.645,1.107,-0.42,1.31,-1.016,-0.381,1.611,-0.273,-1.539,-1.837,-2.048,-0.041,1.354,-0.22,-0.096,1.153,-1.351,-0.466,1.309,-1.666,0.673,-0.676,0.039,-1.492,1.211,0.667,1.096,-0.704,0.826,-0.089,-0.181,-0.29,1.299,0.473,-0.532,0.629,-0.049,1.631,-2.208,-1.131,-0.256,Front Crawl,927,704,0.337
0.069,0.795,0.574,1.588,-0.153,-0.609,-0.452,-0.057,0.716,-1.9,1.445,1.885,1.467,0.878,-3.554,0.007,2.221,0.438,-1.248,-0.712,0.102,-0.644,0.022,-0.575,-0.515,-0.003,1.312,-0.224,-1.09,0.584,-0.944,-0.801,-0.596,-1.495,0.55,1.659,0.496,-0.879,-0.31,1.897,0.316,1.935,2.179,0.08,-0.15,-1.005,0.77,-1.247,0.728,0.249,0.546,-0.42,0.755,-0.138,-1.637,0.415,-0.856,0.436,0.986,-0.718,Freestyle,1635,499,0.425
-0.182,-1.132,0.858,0.516,0.022,-0.726,0.15,-0.716,0.128,0.214,-0.767,0.488,-0.09,-0.061,-0.797,1.548,0.058,-1.758,-1.117,-0.662,-1.063,1.178,-0.674,0.428,-0.623,0.332,-0.094,-0.706,0.059,-0.452,0.279,-0.269,0.326,-0.861,0.374,-0.414,0.173,-0.953,-0.121,-0.032,-0.445,-1.341,-0.158,0.602,0.195,1.017,0.913,0.711,-0.558,0.502,0.465,-0.686,-0.406,0.613,-1.068,-0.933,-0.816,2.045,-0.379,-1.668,Breaststroke,1223,754,0.62
-0.099,0.393,0.484,1.826,0.077,-1.466,-2.372,0.101,1.54,0.58,-0.055,-2.212,1.672,-0.779,-0.036,0.46,0.952,-0.877,0.052,-0.54,-0.551,0.685,-0.484,-1.068,1.009,-2.122,-0.703,1.999,-0.267,0.068,2.283,0.803,0.565,1.828,0.111,0.546,1.46,-0.962,0.557,0.986,1.657,1.501,-1.297,-2.052,3.339,-1.38,-1.946,0.086,1.045,1.276,0.078,0.025,-2.65,-2.03,-0.863,0.737,1.063,-0.677,2.107,-1.247,Breaststroke,917,671,0.309
1.055,0.69,0.658,-1.391,-0.608,1.191,-0.987,-0.583,-1.044,-0.743,-0.232,-0.972,-1.612,-0.545,-1.76,1.874,-1.229,-2.067,0.063,-0.144,-0.389,0.804,-0.641,-0.879,-1.468,0.558,0.966,-0.275,0.422,0.883,-0.463,0.962,0.911,0.478,-1.332,-0.283,-0.417,-3.057,-1.483,-0.396,0.525,1.002,1.166,-0.523,-0.81,-2.067,0.86,-0.518,0.568,-0.884,-0.046,-0.272,0.373,-3.469,-0.351,0.11,1.284,0.468,-0.349,-0.361,Front Crawl,1477,1073,0.207
0.33,-0.488,0.255,0.976,1.297,-1.394,0.851,-0.376,-0.421,-1.494,1.534,-0.62,-0.036,1.467,0.004,1.414,-1.192,-0.989,-1.999,-0.337,1.325,0.72,-0.017,-0.098,1.996,-0.132,-1.315,-0.745,-0.227,0.587,-0.326,0.748,-0.952,-0.016,-0.399,-1.721,-1.81,0.162,-0.765,-0.763,0.701,0.501,1.411,-0.056,0.15,0.099,0.205,-0.301,-1.218,-1.054,-0.224,0.579,-0.352,2.039,0.361,-0.491,0.001,-2.007,-1.199,0.994,Front Crawl,424,840,0.734
0.24,-0.72,-0.752,0.803,1.326,1.127,0.494,-0.358,-1.595,-0.034,1.359,-0.134,1.178,0.114,1.023,-0.13,-0.594,0.846,-0.681,-0.423,0.169,1.178,-0.731,-0.146,2.231,0.034,0.189,0.495,-0.028,-0.695,0.398,-1.337,-0.753,-0.031,1.177,-0.763,0.587,-0.683,-0.784,0.105,-0.433,1.39,-1.264,-1.148,1.717,1.175,-0.598,0.294,-0.195,-1.771,0.545,-0.738,-0.625,-0.832,-0.194,0.216,-2.037,-0.586,-0.056,0.955,Backstroke,751,554,0.947
1.424,0.243,0.073,-0.89,1.453,-0.564,-0.758,-1.558,-1.912,-1.389,-0.198,1.044,-2.022,3.533,-0.993,-0.418,1.639,0.857,0.759,-1.069,1.297,-0.393,0.318,3.009,0.187,0.514,0.754,1.574,-0.844,-0.808,1.286,-0.601,1.051,1.552,0.102,1.35,-0.754,2.062,0.489,-0.267,-0.359,0.189,-1.185,-0.775,0.466,0.066,1.476,-0.507,-1.556,1.065,-0.812,-0.393,0.555,-0.657,0.385,-0.612,-0.073,-0.326,-0.054,-1.384,Butterfly,1841,687,1.0
0.868,0.57,0.389,0.365,-0.461,-2.078,0.629,1.017,0.344,0.527,-1.084,1.437,-0.775,-0.077,2.084,0.287,0.076,-0.748,-0.194,-1.424,0.401,-1.236,-0.565,-1.22,-0.968,1.98,0.222,-0.671,0.201,1.892,2.052,-1.361,-0.61,-1.513,-0.733,0.484,-0.24,0.835,-0.835,0.163,1.104,-0.699,0.367,-0.653,0.264,0.149,-0.069,1.647,0.465,2.573,0.415,1.207,-1.997,0.214,-0.542,-1.543,-0.515,-1.279,1.578,1.07,Butterfly,1344,850,0.441
-0.911,-0.355,-1.606,0.374,0.373,-1.16,0.403,-0.01,1.787,1.05,-1.846,0.303,-0.799,-0.31,-1.394,1.738,0.232,0.142,3.149,0.092,0.871,0.025,0.186,0.243,0.051,-0.947,0.427,0.705,0.476,-1.86,-0.987,0.464,1.316,0.327,2.211,-0.117,-0.724,-0.403,-0.346,0.864,-2.389,1.864,0.777,-0.348,0.018,-0.003,-0.691,-0.001,0.949,1.189,-0.038,-0.579,0.132,-0.522,-0.91,-0.642,-0.825,0.951,1.211,1.114,Backstroke,1901,351,0.278
-1.575,0.049,0.645,0.754,-0.293,-0.419,0.546,0.005,-0.352,0.124,0.123,-1.44,-0.281,-0.376,-0.832,0.311,0.024,-0.189,0.141,-0.982,1.598,-0.817,-0.139,-0.452,-0.259,0.708,-0.812,-1.838,1.222,-1.443,-1.913,-0.802,-0.232,0.749,0.097,-2.046,0.187,-2.144,-1.498,-0.093,-0.5,1.457,-1.156,0.811,-0.027,0.54,-0.119,0.313,-0.63,-0.333,-1.136,-0.655,0.112,0.735,1.15,1.128,-1.087,0.058,-0.164,-2.483,Breaststroke,827,701,0.661
-0.818,1.08,-0.302,-0.168,-0.551,1.185,1.685,-0.244,1.226,-0.669,0.544,-0.668,0.135,-1.094,-1.993,1.13,0.251,-0.967,-0.99,-1.026,-0.746,0.295,-0.344,-0.165,-0.312,0.898,-0.492,0.203,-1.185,-0.411,0.005,0.894,-1.237,-0.725,0.097,0.124,-0.287,1.293,0.211,-0.654,1.338,0.199,0.041,-0.858,-0.688,-0.626,-1.825,-1.26,-1.347,-0.512,1.262,0.766,0.028,0.228,1.25,1.124,0.52,0.868,-1.575,-0.17,Breaststroke,897,341,0.34
-0.355,-0.638,1.638,-0.317,0.54,-1.899,1.164,-0.361,-0.057,2.202,0.712,-0.603,1.567,-0.099,-0.203,1.0,-1.808,1.065,-0.914,0.752,0.643,0.49,-0.102,0.419,-0.22,-0.385,0.589,-0.234,-0.16,-1.154,0.561,0.49,0.947,0.474,0.238,-1.554,-0.973,-2.3,-0.396,-0.596,1.256,0.819,-0.75,1.109,0.943,1.822,-1.597,-0.947,1.5,-0.141,-0.091,1.117,0.106,-0.87,0.127,-0.468,0.056,-0.298,0.312,-0.462,Freestyle,1329,428,0.47
-1.346,0.324,-0.059,-1.411,-0.246,-0.541,0.078,-0.66,0.971,-0.984,0.113,1.3,1.289,0.47,1.03,-1.371,1.392,-1.912,0.294,-1.669,0.449,-1.554,-0.485,-0.829,1.008,0.244,-1.966,1.266,-1.985,-0.847,-1.048,1.303,0.029,0.577,0.557,0.088,-0.805,-1.943,0.079,-1.774,-0.219,0.305,0.546,0.428,0.109,0.111,1.675,-0.538,0.391,0.542,1.035,0.783,-1.752,-0.681,-0.156,1.019,-0.062,-2.039,1.549,-1.335,Breaststroke,1603,193,0.333
-0.238,0.311,1.476,-0.116,-2.001,1.433,-0.424,0.103,1.732,0.514,-0.737,1.343,-0.213,-0.744,0.841,0.988,0.378,2.095,0.344,0.137,-1.63,0.246,0.491,1.298,0.013,0.796,-0.03,-0.185,-0.168,-0.688,0.307,0.777,0.695,-0.839,0.596,1.013,-0.52,0.723,-0.241,-1.365,0.202,-0.873,0.019,-0.481,0.949,-0.968,-0.431,0.174,-0.521,0.309,-0.588,-1.704,-0.094,-0.229,-0.399,0.23,-1.571,0.802,0.257,0.493,Front Crawl,412,646,0.73
-0.406,1.351,-0.583,-0.694,1.28,-0.224,-1.237,-0.949,1.361,1.758,-1.899,-1.05,-0.84,-0.931,-0.535,-0.08,-1.133,-0.311,1.869,0.446,0.94,-0.325,0.494,1.05,-2.437,1.08,0.323,0.613,1.882,0.329,0.216,-0.882,-0.72,0.154,-1.687,0.132,-0.61,0.549,0.598,-0.164,1.298,0.493,0.613,0.347,0.315,-0.488,-2.127,1.395,-0.281,0.156,-1.508,-1.208,-1.288,-0.813,-1.932,1.183,-1.538,1.855,-1.287,-0.801,Backstroke,791,723,0.46
0.267,-2.028,-2.786,-0.619,2.323,-1.606,1.196,0.36,0.389,0.998,-1.594,0.814,1.069,-0.489,0.411,-0.961,-1.525,0.283,0.176,0.32,-0.808,-1.533,-0.966,0.581,-1.466,-0.333,-0.888,-1.072,0.984,1.786,0.864,0.742,0.716,0.255,-0.028,1.326,-0.713,-0.437,-0.433,-0.582,0.858,0.085,1.432,0.161,-0.791,-0.711,0.421,0.133,-0.002,0.502,-1.752,-1.688,-1.347,1.724,-0.136,-1.243,-1.786,-0.994,0.604,0.688,Freestyle,1473,430,0.647
-1.418,-0.673,-0.125,0.461,1.546,-1.574,0.393,0.418,0.329,-0.245,1.048,-0.381,-1.077,0.503,-0.429,0.1,0.265,0.74,0.391,0.41,-1.388,-0.345,1.515,0.358,0.656,1.059,0.073,0.557,-0.425,0.471,0.866,-0.35,0.329,-1.536,1.006,0.444,0.946,-1.296,1.065,0.83,0.309,0.206,0.283,1.885,-0.25,0.726,1.224,-0.298,1.133,-0.549,0.02,1.115,0.014,-0.683,0.886,-0.682,0.226,0.951,0.116,-0.64,Butterfly,381,957,0.639
0.998,0.431,1.569,-0.002,1.065,1.051,-0.706,-0.198,0.659,-0.064,0.511,0.562,0.815,-0.787,-0.346,0.302,-0.12,-0.468,1.256,0.098,-0.054,0.553,1.09,2.174,-0.291,1.311,-0.136,-0.92,0.695,1.012,-0.688,-0.063,-0.821,1.826,0.645,-0.006,-1.839,1.086,-0.696,0.687,0.329,-0.026,-1.714,0.486,-1.804,-0.315,0.753,-0.184,-0.21,-0.918,0.519,-0.764,0.94,-0.418,-0.582,-0.942,1.528,0.083,-0.164,1.004,Breaststroke,1050,305,0.706
-0.134,-0.103,-0.28,-1.232,0.752,0.676,-0.817,-0.271,-1.083,1.02,-0.047,-0.981,-2.093,0.131,-2.583,0.379,-0.555,-0.664,0.5,-0.213,0.744,0.141,-0.05,-1.481,1.298,-1.255,0.214,-1.553,0.633,0.297,-1.44,0.846,0.698,-0.737,-0.304,0.848,-0.644,0.201,1.657,1.738,0.72,0.89,-1.069,1.027,1.204,-0.971,1.577,-0.393,0.196,0.082,-0.985,-0.231,-1.968,1.1,0.814,0.516,0.223,1.204,1.017,-1.308,Butterfly,698,566,0.391
-0.138,0.295,-0.19,-1.024,0.836,-0.475,-0.112,0.671,0.041,0.396,0.654,-0.414,0.535,1.424,1.558,-0.21,-0.387,-0.157,-0.553,0.466,-1.643,-0.63,-0.306,0.965,-1.888,-0.409,-1.681,-0.567,-0.015,1.602,1.849,-0.04,0.356,-1.996,0.74,-1.658,1.343,1.333,-2.069,-0.465,-1.041,-0.305,-0.101,0.036,0.618,-0.995,-0.216,1.066,-1.667,0.141,-0.528,0.325,0.378,-1.054,0.018,-1.585,-1.216,-2.339,-0.207,-1.037,Freestyle,502,363,0.278
0.246,-0.851,0.096,1.373,1.492,0.249,-0.819,1.031,1.031,1.758,-0.918,0.141,-1.908,-0.581,0.248,-0.068,0.821,0.665,1.342,0.301,-2.407,-1.157,-0.012,1.367,2.336,0.455,-0.223,-1.067,-0.379,1.304,0.676,1.004,-0.149,1.873,-0.115,1.203,0.034,0.392,-0.402,0.365,2.149,0.021,-1.538,0.438,1.385,-0.635,1.62,-0.135,0.424,0.986,1.23,0.405,-0.155,-0.24,1.42,0.433,0.74,-0.84,1.2,1.061,Freestyle,396,296,0.365
2.226,-0.713,1.028,0.128,0.879,-0.07,-0.5,1.057,-1.219,-0.747,-0.291,-0.312,0.43,-0.463,0.456,1.001,0.066,0.79,1.078,-0.339,0.725,-0.666,0.095,-0.969,-1.678,-0.436,1.487,-0.526,0.547,2.41,-0.05,1.482,-0.596,1.7,-0.16,-0.457,0.576,0.557,-0.425,0.166,-1.821,0.585,-1.056,-1.294,0.468,-0.438,1.359,-0.936,0.261,0.801,-0.439,-0.541,-0.5,-0.535,-0.133,-1.085,-0.994,-2.054,1.121,0.012,Freestyle,1827,770,0.678
-0.778,-0.106,-2.579,-0.67,1.297,0.026,0.145,-0.549,0.254,-1.202,-0.291,0.578,0.076,-1.034,-0.625,-1.263,-0.143,0.522,0.257,-0.083,1.087,-1.07,-0.187,0.163,-0.408,-2.06,-0.42,0.288,-2.709,-0.459,-0.482,1.315,-0.877,-0.288,1.835,-0.161,0.673,0.357,-0.385,1.484,-0.483,-0.169,-1.636,-0.906,-0.116,1.012,1.197,0.142,1.175,0.492,0.97,-0.176,-0.187,-0.255,0.248,-0.557,-0.671,2.372,0.963,0.449,Freestyle,1615,729,0.393
-0.491,-0.146,0.458,-0.844,2.006,-1.468,-0.284,1.855,-1.133,-1.357,-0.102,0.113,0.371,-1.647,0.561,-1.363,-1.712,0.828,1.221,0.245,0.504,2.789,-0.171,-1.876,0.881,-0.378,0.54,-1.414,0.606,-0.478,0.757,-0.428,-0.677,1.311,-0.975,-0.387,-2.429,0.533,-0.702,0.562,-0.003,0.699,-2.286,0.542,-0.945,0.083,-1.406,-0.065,0.447,1.237,-1.568,-0.017,-0.849,1.208,1.13,-0.24,-1.199,-1.158,-1.726,-0.548,Butterfly,1261,838,0.52
0.159,0.436,0.904,0.714,-1.033,1.754,0.233,0.354,1.414,0.798,0.081,0.745,-1.918,-0.544,-0.754,1.064,1.873,1.246,0.629,-0.704,1.55,1.154,0.597,-0.656,1.093,1.812,-1.526,0.923,-1.074,-0.212,-0.368,2.533,0.54,0.854,0.527,0.675,-0.463,-1.307,0.174,-0.658,-0.744,-1.112,-1.135,0.274,-0.89,0.402,-2.069,1.758,0.434,0.08,-0.637,-1.267,-0.872,-0.236,1.269,-0.36,-1.619,-0.004,-1.055,0.239,Breaststroke,259,474,0.405
-1.06,1.246,0.062,0.781,0.3,1.995,0.679,0.979,0.612,-0.472,1.121,-0.986,0.168,-0.443,-0.385,0.899,1.311,0.732,0.315,-0.466,0.066,0.998,0.007,0.352,1.743,-0.859,2.174,-1.01,0.429,0.532,0.547,0.119,-0.227,-1.119,0.969,-1.244,-1.208,1.151,0.15,-0.421,0.826,0.665,-0.732,0.608,0.942,1.912,-0.779,0.182,-0.778,-0.643,1.078,0.742,-0.611,0.657,1.444,0.105,0.46,1.725,-0.359,-0.534,Backstroke,822,954,0.631
-0.731,1.85,0.964,0.871,0.998,0.0,1.618,0.491,0.783,-0.167,-0.205,-0.761,1.197,0.776,0.546,-0.579,-0.824,-1.397,0.239,0.019,1.24,1.611,0.379,0.415,1.313,-0.144,0.415,-0.426,2.081,0.165,0.495,-0.272,-0.517,0.199,0.636,-0.842,0.711,-0.012,-0.471,0.202,0.613,-1.351,1.088,-0.174,1.316,0.124,0.176,-1.558,0.788,-2.821,1.228,-0.567,-0.068,0.999,-1.775,0.862,-0.219,-0.191,-0.512,-0.843,Butterfly,818,152,0.23
1.095,1.019,0.393,3.04,1.208,0.373,0.775,-1.259,-0.227,-1.747,-0.391,0.04,0.563,-0.017,0.78,1.266,1.915,1.989,0.989,-0.807,1.246,-0.788,-0.431,-1.427,-1.332,-0.438,-0.015,-0.98,1.23,-0.618,-1.541,1.443,-0.229,1.277,-0.069,-0.746,-0.623,-0.503,0.665,0.107,-1.789,0.665,0.141,0.275,-0.184,-0.813,1.121,0.458,0.626,-0.833,0.593,1.039,-0.105,-1.03,0.711,-0.282,-0.336,-0.481,1.44,-0.325,Backstroke,508,683,0.434
-0.37,2.985,0.753,-0.105,-0.726,1.178,-0.056,-0.49,-0.991,-0.988,1.731,0.045,0.609,0.057,-0.299,-0.221,1.898,-1.025,0.607,-1.79,0.568,-0.248,-0.482,-2.11,-1.045,-0.371,0.302,0.574,1.037,-0.422,0.613,0.368,-0.874,-1.874,1.077,0.47,-1.574,1.206,1.266,-1.162,-2.419,0.345,-0.631,0.453,1.101,0.616,0.254,-0.152,-1.161,-0.138,-0.857,-1.353,-1.691,0.655,0.392,-1.976,0.444,-0.083,-0.201,-0.074,Backstroke,1844,367,0.8
0.64,-1.122,0.188,-1.524,-0.552,-1.253,0.197,-1.308,-0.384,-0.131,-0.425,-0.624,1.273,1.871,-0.959,-0.362,-0.255,0.805,0.96,-0.064,-0.149,-1.234,-0.834,-1.315,-1.108,-1.322,-1.113,-0.395,0.626,-1.191,0.528,1.134,-0.904,0.362,0.852,0.18,-1.756,1.279,-0.341,0.032,0.404,-0.393,0.144,-0.655,0.698,1.148,-1.041,-0.037,0.035,0.967,-0.389,0.796,-2.71,-0.79,1.19,-0.689,0.457,-0.691,0.647,-0.497,Front Crawl,1654,957,0.719
0.935,-0.365,1.259,-0.319,-1.196,-0.907,-0.98,0.096,-2.172,0.799,0.81,1.199,0.198,0.441,0.192,0.217,0.49,1.202,-0.068,1.064,0.942,0.298,0.28,0.952,0.812,1.712,-1.099,-1.624,-0.415,-0.009,-0.542,-0.372,-0.184,-0.019,-0.558,1.348,1.155,2.144,0.074,-1.131,2.214,1.019,-0.979,0.631,0.802,-1.193,-1.478,-0.056,-0.972,-0.028,-0.09,0.564,0.775,2.312,-0.09,0.42,-0.611,0.651,-1.597,-1.209,Butterfly,1297,531,0.389
0.1,-1.097,1.057,-0.268,0.208,0.122,0.159,1.636,0.979,1.261,0.739,-0.731,0.388,-0.264,0.513,-1.092,0.727,-1.35,0.563,-0.635,0.136,1.444,-0.063,-0.242,0.797,-0.324,1.284,0.683,3.24,0.558,-0.843,0.194,0.282,-0.488,0.345,-0.139,1.353,-0.577,-0.733,-0.675,-1.322,-0.284,1.081,-0.836,-1.246,-2.206,-0.754,-0.077,2.018,0.573,-0.609,-1.234,1.54,1.239,0.31,-0.475,0.523,-1.123,-0.829,-0.68,Freestyle,728,138,0.454
-0.626,-0.321,-1.524,-1.767,-1.319,-0.235,-1.84,0.589,-0.947,-1.649,-0.685,-0.391,0.304,-2.251,-1.421,-0.797,0.219,0.862,-0.886,-0.158,0.217,1.135,1.757,-2.125,0.665,0.319,2.259,-0.736,-1.461,1.654,0.328,0.736,-0.68,-0.473,-0.638,-0.18,0.391,0.603,-0.689,-1.396,-0.068,1.735,-1.427,1.034,-1.162,0.199,0.089,1.574,-1.043,0.853,-0.406,-0.879,-1.482,0.273,-1.623,-1.344,1.139,1.411,0.011,-0.328,Breaststroke,941,222,0.28
-0.886,-0.107,2.34,-0.756,-0.126,0.986,0.766,-0.215,-0.164,-0.043,0.996,0.17,1.053,0.26,1.392,0.661,0.874,0.702,1.401,-0.459,0.101,1.311,0.178,0.087,-1.624,-0.988,0.871,0.555,0.332,-1.027,-1.273,0.215,1.56,-0.935,-0.205,-1.058,-0.216,-0.768,-0.487,0.231,0.277,-0.789,-0.745,-0.651,0.903,0.3,-0.148,0.604,-1.103,-0.7,-0.655,-0.387,-0.277,-2.008,-0.001,-0.615,1.068,0.758,0.191,0.609,Butterfly,1448,446,0.483
0.131,0.552,-0.705,-0.463,-1.795,-2.101,0.093,0.44,-0.973,0.302,-0.213,1.207,1.68,-0.859,0.462,-1.689,-0.183,-1.714,-0.193,-1.496,-0.332,-0.642,-0.15,-0.181,-1.788,-0.052,2.061,-0.168,-0.881,2.405,-0.984,-0.196,1.07,1.865,0.725,-1.248,0.087,0.21,1.074,0.597,-0.062,2.341,-0.449,-0.575,-0.634,-1.714,-0.834,-0.048,-0.092,-2.454,-0.147,-0.898,-0.894,-0.329,0.91,0.846,0.013,-0.591,-0.706,0.04,Butterfly,1751,901,0.311
1.419,-0.34,0.7,-1.126,-0.374,-0.402,1.164,-0.026,-0.452,0.161,-0.412,-0.474,-0.269,-1.958,-0.038,-1.989,-0.515,-0.049,-0.13,0.059,-0.817,-0.9,1.654,1.163,0.163,2.843,-0.671,-0.447,1.37,1.498,0.04,-0.183,-0.368,0.887,0.254,1.489,-0.945,-0.428,-0.055,-0.389,1.308,0.266,0.084,0.574,-0.603,0.63,-0.154,0.787,-1.303,0.118,-2.194,1.748,-0.426,-1.686,-0.819,0.253,0.004,1.537,-0.745,1.68,Backstroke,866,497,0.461
-0.973,0.141,-0.011,1.67,0.727,2.136,0.686,1.783,0.78,-0.154,0.25,-0.797,-1.308,-0.814,0.591,0.458,-0.369,-0.925,-1.053,-1.404,-0.146,-0.564,0.188,-1.246,-0.213,-0.767,2.133,0.332,-0.398,1.086,2.049,-1.138,-0.686,1.281,-0.446,0.508,0.501,0.715,0.202,-0.61,1.895,1.489,-0.406,-1.263,0.453,-0.048,0.635,0.108,-0.519,1.977,1.963,-0.15,-0.04,-0.5,1.398,-1.322,1.007,-1.034,-2.017,-1.128,Backstroke,1773,894,0.734
-0.535,0.181,-0.596,-0.989,0.794,-0.975,0.156,0.876,0.17,-0.386,-0.742,-0.483,-0.179,-0.212,0.186,0.243,-1.096,0.111,-0.161,0.264,0.838,-0.34,2.844,-0.596,-0.104,-1.216,-0.143,1.536,2.132,-0.834,-0.546,0.25,0.736,1.011,-0.047,-0.965,-1.807,-1.118,-0.708,0.469,1.154,-1.627,0.044,0.736,-0.295,0.233,1.081,1.53,-1.727,-0.576,-0.854,-0.732,-0.689,1.013,0.487,1.158,-0.061,0.531,0.425,1.373,Backstroke,582,1054,0.601
1.736,-0.111,0.43,0.614,-0.658,-0.775,-0.756,1.068,-1.396,-1.048,-0.089,0.428,-0.105,-0.455,-0.09,0.574,0.055,0.087,-0.123,-0.19,0.724,1.075,0.162,0.544,-1.218,1.251,-0.285,0.74,-1.892,0.54,0.644,1.392,-0.126,-2.095,0.508,0.541,-0.25,-0.224,0.111,-0.164,-1.226,-0.877,-1.431,0.593,1.927,-1.054,0.204,-0.529,-1.411,1.4,0.509,0.17,-1.268,-1.278,0.61,-0.566,-0.157,0.688,1.308,-0.148,Front Crawl,1809,392,0.421
-1.133,0.127,0.63,0.696,-0.502,1.563,1.176,-1.452,-0.395,0.976,1.072,-0.518,-0.08,0.745,0.518,1.916,-0.882,-0.297,-1.123,0.177,0.545,0.565,0.449,0.237,1.007,-0.832,-0.428,-0.07,-0.699,-1.123,-0.457,-0.086,0.503,-0.532,0.577,0.088,1.073,1.034,-0.525,-0.792,0.678,1.556,-0.067,0.245,0.772,-1.009,-0.446,0.758,-0.211,0.883,0.831,-0.811,1.113,0.213,1.485,1.148,0.639,1.533,-2.114,0.415,Butterfly,1664,185,0.843
0.471,1.002,0.33,1.914,-1.374,1.566,0.895,0.161,1.926,1.193,0.887,1.409,-0.313,-0.255,0.84,-1.819,-0.824,1.626,-0.3,-0.918,0.576,0.611,-0.372,-0.611,-0.096,-0.623,0.936,-0.408,-0.689,-2.002,0.369,0.16,2.035,0.896,-1.271,-1.115,-0.483,0.012,-1.345,1.833,-0.987,-0.523,0.812,-1.903,-1.124,-0.803,-0.289,0.576,-1.588,0.091,-0.262,-0.718,-0.314,0.953,0.51,-1.429,-0.258,0.39,-0.361,-0.438,Freestyle,410,1057,0.413
-0.391,-0.743,-1.077,-0.251,-1.568,-1.183,-0.068,0.914,0.785,1.323,-1.072,-1.011,0.992,1.746,-1.697,-0.495,0.99,-0.089,0.432,-0.572,0.203,1.128,2.271,-0.275,-1.085,0.001,0.296,0.548,0.449,0.239,-0.165,-0.859,-0.84,-0.295,-0.098,1.689,-2.165,-0.524,0.493,0.213,-1.645,0.681,0.96,1.098,-1.496,-0.502,-1.236,-0.535,0.435,-0.527,-0.977,-0.275,0.224,0.265,-0.357,-1.128,0.621,-0.313,0.947,0.41,Backstroke,756,360,0.317
1.338,0.871,-1.653,-0.35,1.134,-0.251,0.819,0.079,-1.692,-2.028,-0.169,-1.101,0.704,0.819,0.455,-1.681,-1.436,-0.005,-0.208,-0.465,0.159,0.33,-0.601,0.115,0.773,-0.427,0.408,-0.028,-0.415,-1.552,0.708,0.689,-1.996,-0.28,0.542,-1.996,-1.227,-0.157,0.082,0.427,0.357,1.697,-0.613,0.029,0.536,-0.424,2.552,-0.583,1.539,-1.139,-1.835,1.97,-1.241,-1.267,-0.599,-0.862,-1.159,0.507,-1.435,-0.567,Front Crawl,1110,387,0.71
1.195,1.0,2.322,-1.59,0.843,1.382,1.416,0.051,-1.422,-0.059,0.988,0.428,1.755,-0.243,0.597,-0.818,-0.125,-0.18,0.693,-0.188,-0.246,-1.39,0.882,1.463,-0.196,1.245,0.269,-1.386,0.749,0.615,-1.276,-0.524,-0.064,-0.148,-0.283,-0.408,-0.21,-0.079,-0.181,-0.699,-0.048,0.656,-0.389,0.907,1.281,-0.258,-2.303,1.109,0.253,-0.671,0.083,1.053,0.532,1.748,-0.589,0.054,-0.155,-1.26,-2.152,0.654,Butterfly,478,277,0.752
-2.134,-1.354,0.088,-2.227,1.033,-0.24,0.442,-2.587,-0.23,1.85,-1.207,0.257,1.845,0.475,1.005,-0.173,-2.387,1.717,1.524,-1.303,-0.084,-0.936,-0.662,-0.392,-0.082,1.48,0.309,1.212,-2.341,2.35,0.622,-1.721,0.775,-0.057,-0.353,0.063,0.701,-1.554,0.065,1.661,0.638,-0.708,0.269,-0.439,1.165,-0.142,-0.013,-0.191,1.229,-1.367,1.88,1.295,-2.856,-1.944,0.988,0.175,0.381,0.108,-0.062,-1.036,Front Crawl,662,1007,0.445
-0.527,-0.32,0.615,0.239,-1.021,0.105,-1.446,1.046,-0.126,1.727,1.36,-0.75,1.085,0.773,-0.443,-0.432,0.433,1.804,0.129,-0.945,0.53,0.036,-1.144,-0.222,-0.564,2.045,0.737,-0.066,-1.089,-0.303,-0.339,1.389,0.371,-0.998,0.146,0.375,-0.647,-1.016,0.662,0.087,0.753,0.326,-1.73,0.013,-0.789,-1.341,0.242,-1.004,-2.897,-0.426,0.468,-0.314,-1.844,-1.088,-0.462,1.712,1.776,1.402,-0.155,2.238,Backstroke,1355,360,0.068
-0.234,0.083,0.784,0.009,-0.061,-0.904,-1.231,-1.44,0.307,-0.047,0.582,1.258,0.366,0.98,0.112,0.883,0.008,0.59,-0.891,0.391,-0.93,0.568,0.857,-0.669,-1.997,0.134,-1.097,0.029,-2.073,-1.324,-0.154,-0.032,-0.445,0.738,-0.289,-0.41,0.305,-1.646,-0.264,-0.128,-1.385,-0.526,-0.859,-1.231,0.101,0.961,-0.424,0.719,0.462,0.496,-0.331,-1.656,0.207,-0.911,-2.187,-0.713,-0.368,-0.32,1.306,0.361,Breaststroke,1007,170,0.676
0.253,1.818,-1.506,0.286,-1.122,-1.634,0.478,-0.076,1.169,1.748,-1.844,-0.49,-0.373,1.158,-0.416,-1.21,0.399,1.024,-0.687,-0.699,-0.729,1.589,0.017,1.854,-0.02,0.07,1.662,-1.627,0.06,1.017,0.103,0.098,1.451,0.158,-1.1,-0.798,1.293,-0.015,0.912,-0.103,-0.316,-0.973,-1.293,-1.89,-1.355,0.709,0.372,0.252,-1.656,0.249,-1.902,0.005,-1.802,-0.827,0.939,0.088,-0.668,-0.01,-0.249,-0.371,Backstroke,1858,1004,0.638
0.781,-1.296,2.063,0.259,0.177,0.661,-0.051,1.027,-0.056,0.969,0.407,0.785,-0.162,-1.685,-1.04,-1.34,1.015,0.42,0.268,0.833,-0.734,0.307,0.928,0.165,-0.348,0.119,0.638,-1.397,0.202,1.061,-0.915,0.077,-1.049,-0.197,-2.63,0.375,-0.922,-1.24,0.316,-0.771,-0.038,0.281,-2.466,1.172,-1.445,-1.053,0.25,0.31,0.647,1.411,-0.073,-1.434,0.778,-0.106,-0.711,-0.143,-0.672,-0.558,-0.22,2.165,Breaststroke,1029,914,0.421
-0.146,0.839,-0.014,-0.379,0.532,1.251,0.195,0.517,1.42,0.3,1.012,0.3,-0.166,-0.03,0.458,-0.662,-0.13,-0.718,0.744,0.572,0.022,0.071,0.027,-0.553,0.514,-0.261,0.713,-1.208,-0.008,1.178,0.574,-0.894,-1.235,-0.388,-1.037,1.329,-0.77,1.348,0.129,-0.345,0.626,0.562,-0.522,0.782,0.333,-0.867,2.734,1.417,0.62,0.303,-1.464,1.154,-1.887,-0.671,3.292,0.443,0.93,-0.046,1.01,1.737,Front Crawl,1309,650,0.401
-0.691,0.232,-0.538,-0.01,-1.204,0.154,2.044,1.056,0.327,1.901,-0.336,1.074,0.21,-0.697,-0.044,0.588,-1.698,0.336,-1.877,-1.543,-1.305,-1.028,0.46,0.687,-0.9,-1.654,1.755,-1.412,1.164,-2.36,-0.159,1.659,1.598,-2.228,2.306,-0.17,1.536,1.57,-1.098,1.111,0.538,0.656,0.982,2.336,-0.14,-0.122,-0.975,0.407,1.589,-0.164,2.165,-0.082,0.614,-0.685,-2.061,0.456,0.571,0.472,0.326,0.163,Front Crawl,967,909,0.468
-0.144,-0.894,-0.003,1.159,-0.327,-1.426,0.04,0.643,-1.187,0.165,-3.292,0.339,-0.359,0.032,0.817,-0.032,-0.844,0.637,-0.283,0.194,-0.321,-2.888,-1.304,-1.77,-1.678,0.222,-0.416,0.59,0.66,0.779,-0.823,-0.958,0.15,-1.284,0.811,0.888,1.015,0.729,-1.185,-0.192,0.596,0.249,-0.081,-1.03,-0.15,-0.999,-0.259,-0.077,-0.532,1.867,-0.842,-0.414,-1.325,-0.492,-0.993,-2.823,1.075,-0.243,-0.556,-0.155,Butterfly,309,823,0.816
1.246,-1.568,0.113,0.729,-0.829,0.404,0.521,-0.229,-0.515,-1.7,-0.005,0.705,1.503,0.155,-0.373,-0.704,0.894,0.13,-0.161,-0.275,-1.419,0.195,-1.278,-0.346,0.306,-0.018,0.304,0.043,1.212,0.504,0.42,1.128,0.167,0.63,-0.243,-0.383,0.082,-0.128,0.545,-0.899,1.203,-1.124,-0.539,0.445,0.186,0.844,-0.194,-0.923,1.062,-0.105,0.272,1.726,0.076,-1.319,0.016,-1.75,0.719,-0.144,-0.853,-0.182,Breaststroke,151,314,0.591
1.882,-0.473,0.702,1.191,-0.022,1.459,-0.316,1.377,-0.168,-0.497,-0.347,-1.055,1.72,-0.218,-1.042,0.087,0.516,0.537,-0.572,-2.319,-0.219,0.632,0.944,-0.37,-0.039,0.445,-1.789,-0.85,1.17,0.381,-0.553,-0.571,-1.104,-0.981,-1.908,-0.701,1.057,-0.427,-0.706,1.25,-0.058,-1.059,0.136,0.988,0.48,1.989,-1.015,-0.056,1.014,0.699,0.471,0.306,0.774,-0.122,-0.627,0.619,0.575,-0.281,0.968,-1.064,Freestyle,1818,621,0.34
-1.424,1.099,0.509,-1.25,-0.046,-0.774,1.026,-0.397,1.066,0.241,0.932,0.742,-1.573,1.213,-0.021,0.279,1.48,0.447,-1.084,-0.506,0.656,-0.287,1.93,2.565,-0.599,3.175,0.136,-0.991,-0.933,0.792,1.114,-1.459,-0.086,0.277,-1.385,-1.278,-0.142,-1.511,-0.697,1.166,0.958,-0.441,0.528,-0.412,0.007,-0.903,0.388,-1.119,0.324,-0.439,1.704,0.033,-0.702,-1.127,0.322,1.578,-0.354,0.216,1.133,0.227,Breaststroke,487,528,0.46
2.585,0.848,-0.346,0.595,-0.345,-1.13,-0.291,0.683,0.406,1.285,0.759,-1.924,0.718,0.418,0.109,-1.759,-0.637,-0.433,-1.496,-0.855,-0.148,3.383,-0.413,1.169,-1.733,0.087,1.381,0.623,-0.561,-0.575,0.306,2.186,0.128,-0.06,1.224,1.138,-1.022,-1.52,2.359,0.518,0.503,-0.567,0.115,-0.601,-2.534,-1.048,-0.235,1.357,0.804,-0.77,0.941,0.91,0.609,-0.737,1.64,-1.4,1.443,-0.359,-1.628,0.996,Butterfly,1614,413,0.382
0.006,0.12,-0.612,-1.036,-0.14,-1.417,0.987,2.797,0.479,-0.012,-0.742,0.429,-1.481,0.857,-1.78,1.044,-0.555,-1.324,0.463,0.768,-1.151,-1.523,-2.11,-0.729,-0.749,-0.248,0.691,1.434,-0.609,0.219,-0.214,1.19,-1.323,-0.251,0.488,-1.111,0.726,-1.753,1.498,0.089,-0.68,0.232,-0.09,0.18,-0.612,1.382,0.426,0.043,-1.856,-0.83,-0.991,-1.415,-0.722,0.488,-1.592,0.627,-0.615,0.761,1.038,-0.045,Freestyle,1141,241,0.255
-0.614,-0.574,0.587,-0.41,1.294,1.513,0.655,1.049,-1.559,0.016,-0.227,0.652,-0.052,1.221,2.42,-1.822,0.967,-0.489,0.022,1.026,-0.243,-0.725,-0.032,-1.238,-0.218,0.3,0.405,2.595,-1.786,0.553,-0.039,-0.981,1.041,-0.609,0.089,-0.608,0.899,1.788,0.017,-1.286,0.43,-0.903,1.647,-0.824,-0.182,-0.243,0.125,-0.121,-0.429,0.832,-0.29,0.3,-0.449,-0.363,0.532,-0.384,1.206,-1.664,-0.015,0.413,Breaststroke,1504,742,0.25
1.241,0.281,-1.029,0.306,-0.096,-0.739,-0.424,2.035,-1.772,-1.244,0.849,-0.924,-0.536,0.322,1.248,0.039,-0.632,0.698,0.643,0.612,-0.273,0.222,-0.31,0.655,-1.535,-0.411,0.178,0.566,-0.621,-0.871,0.298,0.575,0.858,-1.17,-0.888,-0.011,0.164,-0.35,0.335,-1.449,1.442,-1.33,-1.218,0.192,1.308,0.515,1.358,-0.119,-0.931,0.064,-0.361,0.564,1.192,-0.83,-0.421,0.006,0.303,1.743,2.156,-1.836,Breaststroke,1002,436,0.497
0.25,1.393,-0.32,0.908,-0.07,-0.338,-2.122,1.373,-0.005,0.388,0.072,0.223,0.833,-0.693,-0.349,2.945,0.63,0.279,0.067,0.896,-1.717,0.156,0.016,-0.574,0.896,0.394,-0.549,0.952,1.234,1.219,-0.717,1.214,-0.837,-0.158,0.306,-0.092,2.189,-2.775,-1.203,0.072,0.576,0.466,-1.653,0.633,-1.162,-0.424,0.778,1.102,0.09,0.677,0.353,1.835,-0.562,0.321,-1.497,0.982,0.741,1.012,-0.667,0.679,Backstroke,1367,686,0.477
0.261,0.262,1.105,2.039,-0.503,0.988,1.986,0.256,2.124,-0.707,1.083,0.277,0.094,-1.625,0.177,0.913,-0.248,-0.994,-0.708,-1.74,0.862,0.704,-2.163,-1.71,-0.155,-0.382,-0.937,0.027,-0.79,0.732,-0.424,-0.385,1.17,-1.155,0.051,-0.035,-0.975,-0.719,-0.415,-0.299,0.491,0.518,1.777,2.422,-0.73,-0.987,-0.246,2.697,-3.146,0.699,-2.323,-1.045,0.59,-0.868,-1.404,0.581,-1.432,1.977,1.821,-0.606,Backstroke,189,689,0.508
-0.805,0.642,0.872,-1.58,0.101,0.026,0.581,-1.19,1.817,0.015,-1.412,0.165,-0.594,0.313,0.018,1.14,0.601,0.082,1.852,0.227,0.468,-0.77,0.838,0.132,0.659,0.843,-0.281,0.741,-0.171,-0.175,-0.602,-0.224,1.189,1.21,-1.058,1.302,-0.483,0.887,0.424,0.518,-1.479,-2.241,-0.312,1.69,-1.34,-0.79,1.686,0.659,-0.58,1.775,0.328,0.459,1.098,0.097,-0.899,1.368,-1.039,0.446,0.293,0.172,Front Crawl,1890,924,0.424
-0.63,0.602,-0.801,-0.677,-0.319,-0.311,-0.46,0.408,-0.156,-1.222,-0.285,-0.699,1.796,0.358,-0.004,-0.604,-0.105,0.146,-2.12,-0.764,0.136,-0.42,2.412,1.086,1.48,-1.032,0.536,0.647,-0.583,-1.255,0.097,1.379,0.278,-0.338,0.88,-0.103,0.979,-0.018,1.656,0.596,0.798,-0.991,0.729,0.738,0.92,0.123,0.716,-1.306,0.585,0.297,0.229,0.834,-0.542,-0.936,0.834,-0.234,0.236,0.243,-0.298,0.782,Breaststroke,866,511,0.279
-0.435,-0.686,0.697,-0.077,-0.464,0.533,-0.702,-0.603,0.1,0.54,-1.073,1.946,-1.576,0.285,-0.69,-0.009,1.633,0.194,-0.642,1.084,-1.05,-0.24,-0.916,1.378,-0.433,-0.177,0.821,1.404,0.404,-0.273,-0.351,1.082,0.434,1.015,1.164,1.572,0.197,-1.342,0.252,-0.746,-0.122,0.885,0.402,-0.209,-0.009,0.494,-0.037,0.823,2.092,0.018,-0.58,-2.663,0.152,-0.479,-0.475,0.642,0.954,0.496,-0.89,0.915,Breaststroke,1264,123,0.538
-0.933,0.558,-1.206,1.022,-0.664,-0.342,1.772,0.508,-0.139,1.227,1.223,1.073,-0.319,1.791,-0.52,0.942,-0.554,0.463,-1.662,1.057,-0.465,0.727,-0.687,-0.324,1.069,0.815,-0.252,-2.2,-1.804,-1.884,0.931,-0.395,-0.164,0.917,0.145,0.643,-0.449,-1.026,-0.806,1.413,-0.97,-2.087,0.414,-0.052,-0.305,0.149,-1.732,0.426,-0.27,1.691,-0.739,-1.131,-0.212,0.789,-0.803,-0.267,1.449,-0.611,0.655,0.146,Freestyle,195,372,0.819
-0.422,-1.02,0.122,-0.653,-0.547,-1.09,-0.319,1.104,-0.471,2.832,0.731,0.761,0.038,1.58,1.304,1.611,-0.628,0.273,-0.947,-0.211,-0.869,-0.749,-0.632,-1.078,0.702,-0.731,0.622,-0.302,-0.761,0.521,-1.012,0.2,-0.423,-1.596,0.54,-0.959,-0.657,0.827,0.634,0.849,-1.445,1.624,-1.007,-1.081,-0.229,-0.168,1.014,-0.696,1.053,0.654,0.867,-1.237,0.294,1.403,-1.145,-0.651,-0.802,0.831,0.937,0.198,Breaststroke,1140,272,0.7
-0.306,0.34,0.172,-1.002,-0.402,-1.276,0.022,-0.407,-1.516,0.075,0.127,-0.638,-0.194,0.396,0.456,-1.374,-0.397,0.056,-0.307,-0.89,0.005,-1.492,-1.533,-0.505,0.828,-1.848,-1.583,-0.837,1.327,0.248,1.26,-0.567,0.561,-0.138,-0.52,0.016,0.687,-0.536,-1.395,-0.313,0.476,2.848,0.263,1.044,0.386,-0.26,-1.031,-1.411,-0.058,0.121,-0.473,0.265,0.408,-1.242,0.699,-3.067,0.277,-0.123,-1.401,-0.647,Breaststroke,1595,358,0.514
1.124,0.896,0.979,0.915,0.422,2.006,0.581,-0.442,-0.041,0.407,-0.444,0.236,1.781,-0.004,0.835,0.2,0.549,1.493,-0.251,0.401,-0.183,-0.288,-0.833,0.923,-1.61,1.579,-0.431,-0.11,-0.06,1.108,-0.731,1.107,-0.967,0.966,-0.888,0.915,-0.074,-1.59,-2.27,-1.367,0.454,-0.902,-1.037,0.482,-0.388,-1.028,-1.299,1.46,0.39,-0.189,0.82,-0.517,0.166,-1.041,1.75,-0.229,-0.795,0.201,-1.249,-0.499,Butterfly,1644,652,0.569
0.3,0.761,0.254,1.169,-1.004,0.912,0.238,0.841,-0.498,-0.106,0.32,-1.264,0.174,-0.248,-0.419,-1.118,0.498,0.076,-1.444,0.453,-0.849,-1.749,-0.455,-0.356,0.226,0.837,0.009,-0.593,0.078,1.438,-0.973,0.829,0.512,-1.93,-0.611,-0.128,1.726,-0.287,-0.446,-1.514,1.639,-0.821,0.76,-0.055,-1.123,0.41,1.577,0.298,-0.95,-0.629,-0.914,-0.833,0.465,0.161,0.922,-1.509,-0.031,0.141,0.796,0.244,Backstroke,813,1007,0.331
0.236,-0.853,-0.08,0.212,0.658,-0.229,1.197,0.059,-0.334,1.235,-1.132,0.011,-1.188,0.284,-0.669,0.289,-1.603,-1.863,-0.247,0.095,0.537,0.383,0.566,-1.116,-0.08,-1.581,0.334,2.065,0.409,-1.039,0.14,0.371,-1.381,1.556,1.334,-1.258,0.162,-1.159,0.409,0.08,0.235,2.76,1.588,-1.019,-0.626,-1.401,0.792,0.858,0.243,-0.271,-1.182,-0.504,0.176,-0.468,-0.311,-0.724,-0.542,-0.747,0.189,-0.729,Backstroke,1916,691,0.507
1.12,-0.875,-1.573,-0.537,-0.295,-0.645,-0.525,1.735,1.653,0.036,-0.617,1.051,0.203,1.148,-2.213,1.353,-0.162,0.607,0.213,-0.756,1.363,0.109,0.165,-0.414,-0.343,-1.845,0.049,-1.237,0.825,-0.074,0.889,0.499,0.3,-0.927,0.88,-1.714,-0.412,0.852,-0.419,-1.216,1.766,-0.246,-0.977,-0.931,-2.202,1.986,0.348,-0.052,-1.319,-2.124,0.939,-0.272,0.768,1.735,0.09,-0.122,-0.323,1.257,-1.346,-0.421,Freestyle,383,668,0.708
1.102,0.663,-0.949,1.152,1.554,1.514,-0.752,-0.655,-0.794,-0.546,1.42,-1.682,-0.65,-0.039,0.152,0.071,-1.254,0.309,0.547,-0.846,-0.92,0.788,0.525,1.553,-1.003,-1.458,-0.297,-0.8,-0.798,1.327,-1.587,-1.254,0.124,-0.151,-1.134,0.381,-0.841,0.735,1.413,1.146,0.147,-0.053,-1.013,-1.314,0.245,-0.133,0.204,0.287,0.3,0.607,0.839,-0.27,0.635,-0.585,-0.414,0.582,1.187,-1.356,0.286,0.219,Freestyle,1540,436,0.358
0.788,0.156,0.71,-1.327,-0.836,-0.794,-1.496,-0.73,0.974,-0.054,-0.671,-0.806,-1.414,0.221,0.383,-0.913,-0.291,0.515,-1.369,-0.035,-1.097,-1.251,-0.393,0.254,0.382,-1.07,0.197,-0.289,0.7,0.592,-0.311,-0.595,1.555,0.717,-1.173,0.644,0.006,0.59,0.437,1.674,1.549,-0.262,-0.379,-0.614,-0.868,1.338,0.391,-0.179,0.571,-1.221,-1.04,-0.006,-1.582,1.083,-1.867,-0.267,-0.579,-0.941,-1.061,-0.512,Freestyle,1427,620,0.163
-2.39,-0.89,0.999,0.425,-1.415,0.946,1.435,0.067,0.74,0.543,-0.631,-0.31,0.24,0.828,-0.561,-1.279,-0.389,-0.321,-0.59,-0.903,-0.112,-0.707,-2.229,-1.624,-0.008,0.157,0.163,-0.093,-0.81,1.151,-0.144,-0.945,0.009,0.694,0.705,-0.194,0.866,0.191,-1.017,0.757,0.302,-0.1,0.181,0.131,1.12,-0.093,-0.108,-0.162,0.229,-0.862,-1.022,1.295,1.639,0.552,-0.095,-0.871,0.469,1.044,-1.399,1.056,Backstroke,725,768,0.754
0.429,-1.633,0.369,-0.959,0.439,0.458,-0.047,-0.262,0.616,-0.556,-0.979,0.34,1.096,-0.452,-1.73,-1.102,1.081,1.063,-0.072,-1.565,0.187,-2.329,0.516,-0.615,-0.176,-0.277,-3.289,-0.156,0.427,-1.05,-0.029,-0.553,0.047,-0.715,-0.626,-1.311,-0.532,-0.818,-1.313,-0.198,-0.84,0.367,-0.557,0.546,0.069,0.144,0.155,-0.284,-0.792,0.014,1.811,0.885,0.377,-0.37,1.146,0.405,1.286,1.631,1.188,-0.742,Breaststroke,193,980,0.413
-0.952,-1.514,-0.28,1.149,-0.21,-0.218,-1.418,0.95,0.091,-2.354,0.309,0.328,-0.009,1.145,0.443,-0.345,-0.654,0.448,-1.248,0.281,0.024,1.201,0.526,-1.528,-0.623,-0.404,0.646,-0.668,0.116,0.169,0.543,-0.674,0.268,-0.775,1.932,-1.219,0.294,0.588,-0.11,-0.634,2.519,0.625,-0.567,-0.572,-1.102,0.868,1.604,-0.945,-0.669,-0.338,-0.306,0.376,-0.78,-1.413,1.046,-0.486,-0.694,1.198,0.996,-0.442,Freestyle,1123,183,0.204
0.693,-1.225,-0.515,-2.497,-0.143,-0.705,-0.342,-1.464,-1.384,-0.485,0.091,-0.783,-0.62,-1.665,-0.552,0.09,-0.85,0.296,-0.276,1.132,-0.075,0.646,0.916,2.147,0.443,-0.283,-0.397,-1.092,2.124,0.216,0.275,0.018,0.529,0.401,-1.076,0.814,1.12,-2.065,-0.071,-1.093,0.651,0.16,0.875,-0.59,0.547,-0.419,1.984,0.432,0.552,-0.975,1.011,0.011,-0.893,0.129,-0.07,-0.337,-1.403,1.035,-0.001,-1.361,Breaststroke,197,804,0.449
-0.354,0.309,-0.676,0.619,-0.691,-1.015,0.228,-0.426,0.103,-0.005,-1.821,0.048,-1.026,0.431,-1.299,1.01,-2.202,-0.325,0.831,3.141,-0.096,-0.54,0.62,0.351,-1.28,0.732,-1.711,1.253,1.724,-0.6,-0.043,-1.217,0.959,-0.077,0.243,0.864,-0.043,-1.648,0.809,0.134,-1.067,-0.03,0.594,0.284,1.511,-0.186,0.947,1.708,-0.426,1.652,-0.374,-0.525,-1.472,-0.493,-1.816,-1.345,-0.911,1.462,-1.131,-1.376,Breaststroke,755,139,0.651
-1.283,1.135,-1.053,-0.015,-0.136,0.102,1.019,0.337,0.54,-0.659,-1.67,0.443,2.358,-0.068,1.985,-0.482,-0.563,-0.056,-0.104,1.293,-0.103,0.276,1.182,1.395,0.219,-0.533,1.744,-1.227,-0.57,0.031,-0.292,-0.88,-0.164,-0.343,0.027,0.128,0.995,0.602,-0.878,1.373,0.817,1.029,0.584,-0.497,-0.52,0.012,0.171,0.507,0.283,0.988,0.734,0.756,-2.286,-0.576,-0.616,-0.159,0.566,-0.998,-0.246,-1.59,Front Crawl,813,552,0.465
0.279,-0.776,-1.452,-0.342,-0.548,-0.223,1.034,0.214,0.286,-1.326,-0.711,0.077,-1.026,-0.512,-0.043,2.03,0.179,-2.042,-1.037,-0.479,-1.116,-0.433,0.707,1.065,-0.373,0.896,0.001,-3.119,-0.559,-0.792,-1.619,-0.526,-0.719,-1.084,-0.302,1.198,0.016,-0.334,-0.103,-1.835,-0.722,-0.055,-0.37,1.023,1.337,0.052,0.522,-0.591,-0.137,0.8,-1.095,1.107,1.645,0.103,-1.853,-0.321,2.074,0.19,-0.287,-0.869,Freestyle,1670,972,0.647
0.749,0.829,1.216,-1.753,0.805,1.814,-0.804,0.312,0.901,1.691,-0.981,-1.874,0.863,0.22,0.065,-1.297,-1.0,1.143,-0.21,0.27,0.14,0.326,-1.143,0.596,0.196,-2.402,0.24,-0.501,-0.727,-0.013,-1.381,-0.026,0.764,-0.531,-0.459,-0.525,1.254,-1.465,-1.718,0.124,0.255,0.666,1.817,-1.718,-1.65,0.013,0.043,0.317,-0.216,0.114,0.601,1.127,1.619,-0.928,-0.976,1.252,1.759,0.853,-1.714,0.242,Freestyle,939,873,0.398
-0.818,1.505,-0.586,1.116,2.158,1.273,-0.01,-0.655,0.502,-0.779,0.251,1.881,1.153,-1.652,-0.738,-0.786,0.435,-0.574,-0.913,1.156,-1.203,-0.6,0.539,1.328,0.865,-0.134,0.058,1.239,-0.839,-1.607,-0.301,0.753,1.825,1.867,-1.024,-1.568,-0.055,0.646,-0.011,1.945,0.106,-0.716,0.599,-1.689,0.666,0.487,0.585,-0.473,1.683,-2.076,0.515,-0.868,-0.441,0.515,-2.269,-0.504,0.774,0.376,1.289,-1.4,Backstroke,294,842,0.529
0.031,-0.675,-0.668,-1.527,0.185,1.035,-0.438,-0.968,0.774,0.116,-2.361,-0.418,-0.116,-0.392,0.307,-0.167,1.197,1.155,-0.431,0.268,0.995,-0.372,-1.241,-0.208,0.195,-0.931,0.353,-0.654,-0.772,0.162,1.013,1.421,2.224,0.647,-0.116,1.702,0.666,2.562,-0.994,1.657,-0.004,-1.387,-0.502,0.077,0.61,0.004,-1.125,-0.684,0.953,0.633,-0.6,-0.601,-1.095,0.767,0.853,0.166,-1.405,0.079,-0.683,0.416,Breaststroke,1321,366,0.596
-1.613,2.6,-1.788,-1.307,0.556,-0.012,-0.199,1.216,0.458,0.487,0.264,-0.193,0.062,1.445,-0.812,1.344,0.0,1.347,-2.376,0.8,-0.251,-0.241,-0.141,0.096,-0.416,0.321,-2.014,-1.008,0.517,0.49,0.794,1.677,0.506,-0.966,0.155,-0.682,0.36,0.733,-0.349,0.134,-0.033,-1.537,1.729,1.09,-0.119,0.107,0.006,-2.292,1.774,-1.922,-0.347,0.17,0.673,0.284,-1.183,0.24,-0.501,2.343,-0.895,-1.035,Butterfly,1438,781,0.085
-0.296,-1.08,-1.081,0.576,-1.593,0.263,2.105,-0.159,1.038,-1.61,1.33,-0.812,-0.99,0.05,-1.53,-0.261,1.075,2.522,0.442,0.873,-1.081,-1.617,-0.222,0.815,1.459,-0.984,0.259,1.742,0.264,-1.165,-0.655,0.231,-0.243,-1.301,-0.457,-0.213,-0.027,-0.7,0.65,1.181,0.668,1.012,-0.457,0.775,1.045,0.133,0.555,1.749,0.261,0.306,1.105,-0.196,-0.258,1.717,-0.044,-0.234,2.411,-1.03,0.857,0.667,Breaststroke,391,881,0.101
-1.341,0.71,0.697,-0.969,-0.147,-0.465,2.155,0.616,-0.082,-1.372,0.427,0.403,-0.678,-1.489,2.207,1.088,0.997,-0.285,-1.286,0.218,0.423,0.981,1.56,1.202,0.467,0.857,0.25,0.344,1.352,-1.72,-1.152,-0.21,0.8,-2.049,0.446,-0.906,-0.513,2.57,-0.281,0.283,-0.91,-0.686,-1.203,-0.553,-0.279,-0.766,-0.354,-0.456,0.972,0.469,0.735,1.181,0.327,0.534,2.057,0.026,-0.857,0.502,-0.665,1.854,Freestyle,864,1008,0.513
0.742,-0.072,1.839,-0.864,0.646,0.284,0.0,1.286,1.417,-0.638,0.617,-0.556,-0.772,-0.373,-0.827,0.162,0.629,-2.12,-0.594,1.177,1.147,-0.388,-0.079,-2.384,0.468,-0.187,0.462,-0.893,-1.057,0.399,-0.427,-0.063,0.747,-0.1,-0.507,-0.843,0.343,-0.512,-1.634,-0.204,-0.014,-0.831,1.043,0.758,0.818,-1.061,0.673,-0.828,0.597,-0.518,0.283,-0.046,0.833,0.782,0.153,1.332,0.616,0.754,0.976,-1.373,Breaststroke,1186,765,0.008
0.655,-0.078,1.157,0.809,-0.909,-0.777,1.017,-0.557,-0.322,-0.213,-0.558,-0.871,0.663,0.222,-1.098,0.074,-1.156,0.235,-0.226,-1.922,-0.505,-0.008,0.55,-0.568,-1.242,0.579,0.895,-0.979,0.681,0.522,-0.907,-0.137,0.07,-1.742,-0.801,-0.508,-1.934,-0.075,-1.115,-0.125,-0.959,0.892,-0.075,-1.454,0.714,-0.016,-0.57,0.589,-2.238,0.979,-0.711,-0.396,-1.804,0.43,-1.842,0.805,0.46,-1.473,0.909,0.332,Backstroke,727,225,0.392
-1.598,-1.391,-0.154,-2.746,0.445,-0.269,-0.591,0.067,-0.711,-1.492,0.633,-0.841,1.028,1.754,0.962,-0.367,0.858,-0.624,0.132,-0.52,0.209,-0.209,0.687,-0.119,1.021,1.873,-0.219,-0.693,0.682,0.003,-0.043,-1.269,0.282,-1.235,0.202,0.385,-1.28,-1.388,0.836,-0.275,0.758,1.173,-1.908,1.515,-0.408,0.016,1.22,0.468,-1.26,-0.282,-0.242,-0.29,-0.33,0.961,-1.303,0.73,-1.066,0.366,-0.37,0.323,Backstroke,404,894,0.194
0.856,-1.0,0.051,-0.011,1.779,0.152,0.537,0.45,0.454,0.114,-0.772,1.565,-1.794,-0.923,0.723,-0.451,-0.688,-1.746,-0.578,1.609,-0.7,1.188,0.159,-0.284,0.087,0.235,-0.571,2.559,0.098,-0.774,0.87,-0.643,0.121,-1.119,-0.753,0.027,1.188,-1.311,1.742,-0.931,0.009,0.214,-1.377,-0.114,0.521,-1.093,-0.468,-0.828,0.534,-0.782,-0.53,0.714,2.12,0.957,-0.175,1.051,0.703,3.047,0.439,0.216,Freestyle,337,909,0.845
-1.206,0.128,1.561,-1.024,0.271,0.205,-0.198,-1.516,1.055,0.338,-1.901,-0.622,-0.29,0.098,0.662,-0.395,-0.254,0.78,-0.196,1.355,0.566,1.703,-0.726,0.286,-1.069,-0.257,2.187,-1.731,-0.751,0.017,-0.158,0.379,-1.001,-2.47,0.868,0.659,-1.702,-0.703,-0.334,-1.616,-0.656,0.404,-0.435,0.509,1.037,-0.021,-0.737,-0.087,-0.583,-0.434,1.246,-0.509,-1.085,-1.049,1.018,-1.069,1.204,-0.257,0.09,0.028,Front Crawl,1633,503,0.474
-1.585,0.824,2.233,-2.494,0.057,0.376,0.79,-1.209,-0.399,0.971,-0.774,-1.187,-0.766,-1.852,-0.39,0.307,0.089,0.462,-0.642,0.531,1.676,-0.557,0.211,-1.103,-0.655,0.401,0.129,0.195,-0.578,-0.214,0.163,-0.391,-0.963,1.132,1.495,0.474,0.644,0.514,1.32,0.306,-0.699,0.822,0.878,1.183,-0.441,-1.395,2.121,-0.536,-2.44,-0.943,0.626,0.912,-0.43,-1.417,-1.442,1.11,0.161,0.456,2.073,1.911,Front Crawl,455,521,0.444
-0.381,-1.566,1.54,0.282,-1.946,1.083,-0.312,-0.152,-0.859,-0.422,-0.409,0.604,0.594,1.069,-0.766,1.002,-0.505,-0.089,-1.164,0.311,-0.302,0.726,1.069,0.363,-1.561,-1.083,1.098,-0.41,0.52,-0.558,-1.179,1.163,-0.65,-0.527,0.12,-0.018,0.453,-2.148,0.358,-1.458,-1.488,0.534,-1.821,0.672,-1.442,-0.76,0.689,1.398,1.201,-0.174,-0.63,1.29,-0.624,2.23,-1.464,0.919,1.417,-0.465,1.986,0.329,Backstroke,950,734,0.153
0.109,0.061,-1.621,1.55,0.365,-1.14,-1.433,-0.611,1.237,0.329,0.77,0.534,0.189,-0.362,-0.898,1.297,1.341,0.917,0.933,1.664,-1.767,-1.443,-0.439,-0.32,-0.043,-0.307,-1.034,-0.575,-0.716,0.909,-1.127,-1.71,-1.169,-0.429,-1.516,-0.778,0.897,0.395,0.247,-0.088,-2.106,-1.011,-1.243,-0.761,0.1,0.852,-1.519,1.182,1.139,-0.216,0.058,0.7,-0.563,-1.974,0.018,-0.358,-2.053,1.213,0.487,-0.741,Front Crawl,1781,182,0.331
2.064,0.237,-0.345,0.06,2.773,-0.415,0.471,-0.716,0.9,-1.328,0.828,-0.504,1.181,1.576,-0.341,1.1,0.049,-0.73,0.031,1.238,0.475,0.916,0.241,-0.317,0.702,-0.671,0.257,0.421,0.26,0.319,0.074,1.061,-0.511,-0.97,-0.582,-0.423,-0.785,1.719,1.564,0.431,-1.153,0.631,0.568,0.271,0.05,-1.406,-0.795,-0.447,0.754,-0.589,-1.712,0.205,1.541,0.606,0.462,0.744,-0.137,0.471,-0.565,-0.204,Butterfly,884,435,0.667
1.065,-0.413,-0.207,-0.504,-0.881,1.22,-0.446,1.543,0.716,-1.533,-1.149,-1.299,-2.429,0.73,-0.805,-0.211,-1.822,0.434,0.124,0.407,0.139,-0.074,0.856,2.364,-1.056,0.339,0.313,0.429,-0.368,0.975,-0.59,-0.796,1.797,0.294,1.367,-0.332,1.092,0.35,0.264,-1.667,0.015,-1.231,1.198,1.382,-0.384,0.304,0.417,-0.816,0.043,-0.626,-0.422,0.242,0.094,1.77,-0.363,-1.568,0.67,-0.507,-0.296,0.867,Butterfly,671,940,0.497
0.43,0.258,-0.029,-0.49,-0.03,-1.06,-0.393,-0.258,-0.303,1.649,0.67,-0.295,0.613,1.898,-0.865,-0.297,1.611,-0.433,0.391,0.678,-0.197,-1.098,0.254,-0.771,-1.015,-2.149,-1.464,0.926,-0.709,0.533,1.096,-0.14,1.134,0.844,0.548,-1.0,1.26,-1.776,0.012,-0.947,-0.273,0.693,-1.214,-0.807,-0.727,0.879,-1.438,2.439,0.271,-0.661,-0.149,1.026,-1.152,-1.846,-0.141,0.645,-0.331,-0.652,-0.45,-0.29,Front Crawl,1200,146,0.353
0.254,-0.583,-0.287,1.135,0.285,-0.292,0.137,-0.285,0.634,0.67,-0.596,0.585,0.043,0.175,-0.55,-0.256,-0.961,-1.117,-0.647,0.299,-1.129,1.179,1.051,-0.1,-0.645,-0.287,-0.535,-1.655,0.004,-0.049,0.34,-0.379,0.312,0.108,0.256,1.382,0.354,-0.8,1.158,0.921,2.042,0.563,-0.298,0.518,1.715,-0.661,-0.887,0.76,1.901,-0.722,-1.52,0.205,-1.603,-0.213,-0.402,0.417,-0.449,1.524,-1.613,-0.562,Front Crawl,1589,427,0.851
0.122,0.058,1.473,0.597,0.294,-0.433,0.307,-1.081,-0.482,-0.111,1.158,-0.692,0.948,0.08,-1.813,0.688,0.029,-0.364,0.98,-0.253,0.493,0.408,-0.385,-0.914,-1.194,-0.332,1.542,1.102,1.474,0.513,1.284,1.446,-0.219,-1.639,-0.243,0.512,-0.858,1.013,-0.021,0.086,0.367,0.56,1.663,0.675,0.663,-0.391,0.947,-0.524,-0.192,-0.545,1.46,0.009,-0.371,-0.283,-0.34,0.655,-0.432,-0.079,-0.956,-1.201,Front Crawl,1448,628,0.18
-0.471,0.261,-0.738,0.08,-1.231,-0.067,-0.04,1.092,-0.615,1.584,-0.807,0.769,-2.12,0.132,1.445,0.331,-1.976,-1.142,-0.763,-0.198,-0.281,1.576,-1.581,0.133,0.651,0.08,-0.594,-2.448,-0.648,0.192,0.842,0.527,0.962,0.535,-1.044,0.005,0.263,1.114,-0.918,2.017,-0.208,0.359,-0.68,1.235,-0.727,-0.749,-2.112,1.998,-0.68,-0.962,-0.621,-0.553,-0.237,-0.5,1.171,-0.156,-0.82,-0.945,-0.034,-0.23,Backstroke,1051,984,0.494
0.588,1.842,-0.725,-0.842,-1.756,-0.117,-0.231,-1.404,-1.22,-0.21,0.651,0.858,0.788,0.756,1.433,1.393,1.64,-0.211,-0.067,1.549,0.305,0.519,0.749,0.551,0.28,-0.616,-2.452,1.365,0.359,-0.993,0.523,0.112,1.578,0.126,-0.811,0.325,-0.816,0.136,0.039,-0.285,1.045,0.619,0.268,1.863,0.043,1.491,-1.032,1.164,-0.222,0.658,1.534,-0.632,-0.28,0.615,1.433,-0.155,0.65,-1.189,-0.901,-2.093,Breaststroke,1741,318,0.868
-0.134,-0.517,-0.92,-1.35,-0.241,-1.222,1.73,0.159,0.207,0.35,0.023,0.136,-0.279,-0.001,0.016,0.048,-0.122,-0.365,-1.906,2.717,-0.995,0.591,-2.206,1.174,0.767,0.068,-1.344,-0.436,-0.693,0.354,0.147,1.947,-1.735,-1.095,-0.411,-0.151,0.431,-1.144,-1.337,1.164,-0.973,1.0,-0.222,-0.432,1.974,3.053,-0.305,-0.164,0.643,0.436,-0.898,0.281,0.567,2.29,1.975,-0.424,0.063,1.041,-0.955,0.075,Front Crawl,1566,242,0.395
0.317,0.246,1.165,-1.8,-0.173,0.533,0.723,0.728,1.22,0.517,0.008,-0.667,0.892,-2.658,1.117,-0.854,-0.853,0.24,1.092,0.265,0.193,-0.445,0.896,2.287,-1.029,-0.194,0.96,0.564,-2.012,-0.73,-2.001,-0.911,-0.152,0.299,-0.791,-0.023,0.372,0.382,-0.005,-0.027,-0.235,-0.231,-1.885,-0.359,-0.31,1.231,-0.17,2.038,-0.346,-0.863,-2.082,-0.112,1.403,2.209,-0.895,1.623,-0.069,-3.32,-0.227,-0.344,Breaststroke,819,112,0.321
0.159,-1.19,0.076,3.231,1.118,0.051,0.867,-1.469,-0.004,-0.407,-0.666,0.756,-1.51,-0.473,0.255,1.395,0.679,0.574,0.54,1.008,1.281,-0.161,0.491,-2.089,0.601,0.938,2.365,-1.697,0.409,1.103,1.315,-1.283,0.354,-0.425,3.079,1.628,0.514,0.789,0.174,2.042,-1.419,-1.075,-0.054,-1.026,0.01,-0.075,0.632,-0.8,-0.791,1.952,-0.122,-0.219,0.903,-0.573,0.821,-0.182,-0.337,1.433,0.595,3.566,Butterfly,463,257,0.257
-0.188,0.58,1.599,-0.612,0.696,0.324,1.389,-0.462,-1.471,-0.42,0.881,0.589,-2.206,0.566,-0.909,0.302,2.627,-0.574,0.86,-0.573,-1.049,-0.322,0.647,-0.692,-0.118,0.243,0.062,-0.12,0.878,-1.422,-0.5,0.877,0.87,-0.165,0.993,0.478,-1.397,-2.389,0.175,-0.276,0.088,-0.69,0.31,0.699,0.282,1.142,0.964,0.704,-1.358,-0.478,1.458,-0.28,0.379,1.521,0.307,-0.648,-0.025,0.191,-1.025,-0.4,Backstroke,241,331,0.936
-1.475,1.8,1.521,-1.602,1.017,0.102,0.952,1.334,0.426,1.125,1.521,1.921,-0.228,-0.173,0.315,-0.744,0.602,0.491,0.784,0.52,-0.114,-0.074,0.374,1.728,-0.191,-1.48,-1.289,0.781,0.491,0.635,0.793,-1.679,1.161,0.739,1.128,-0.088,-0.879,0.585,0.74,0.683,1.014,0.482,1.49,0.38,0.724,-0.028,0.211,-1.372,-1.493,1.504,1.601,0.184,-0.245,0.295,-0.415,-2.099,0.13,0.576,0.944,-0.545,Front Crawl,859,1039,0.563
0.242,0.301,0.127,-0.31,-1.491,-1.459,0.376,0.39,-0.825,2.89,-0.446,1.317,-1.514,0.261,0.047,0.428,1.752,-0.532,-1.177,0.953,-0.961,1.023,-0.527,0.438,-0.114,0.661,-1.406,-0.713,-0.889,0.111,0.42,-0.472,-0.084,-1.084,-0.595,-1.442,0.599,-0.692,-0.052,1.205,1.817,0.392,1.114,0.128,1.394,0.303,1.514,-0.188,0.38,0.769,-1.017,2.036,0.432,-1.04,-1.086,-1.06,0.084,1.491,-0.123,-0.399,Backstroke,1182,536,0.165
1.063,0.458,-0.654,-0.071,1.498,-0.337,-0.988,-0.16,0.36,-0.726,1.46,0.923,-1.051,-0.449,1.683,1.844,0.928,0.505,-1.376,0.003,-0.812,0.54,0.046,-0.268,0.402,-1.604,0.087,1.049,-0.458,0.322,0.879,-0.103,-0.901,1.649,0.132,0.712,-0.006,0.857,-0.151,-1.7,1.041,-1.538,1.621,-0.504,0.136,1.238,-2.221,-1.219,-0.143,0.353,-1.361,-0.085,0.515,0.376,1.011,-0.291,-1.065,0.14,-1.028,0.385,Backstroke,1181,321,0.574
-1.28,1.496,-0.211,-0.699,0.86,-0.014,1.367,-1.178,0.962,-0.679,-0.244,-1.288,-1.134,-0.316,0.564,0.8,-1.361,0.221,-1.54,0.903,0.115,-0.996,-0.619,1.041,-0.595,-2.032,0.995,0.278,0.74,0.151,1.235,0.896,-0.745,1.305,-0.097,0.495,-1.213,-0.958,1.147,0.464,-1.553,-0.554,0.401,1.165,0.228,1.139,-0.87,2.274,0.869,-1.157,-2.215,-0.029,0.018,0.969,0.512,-0.305,0.021,1.799,1.07,-0.138,Freestyle,1396,988,0.507
0.124,-0.284,-0.64,-1.522,-0.389,-1.337,-1.372,0.386,0.887,-0.251,-2.818,0.378,0.874,-0.185,-1.378,-0.117,1.165,0.612,0.553,0.893,0.645,0.644,-0.46,0.934,-0.718,0.346,-2.108,-2.115,0.024,0.197,0.036,-0.347,0.277,1.679,1.85,1.151,-2.207,1.555,0.667,-1.433,0.161,0.874,-0.413,-0.608,-0.485,0.771,0.956,-1.919,-0.134,-0.326,-0.968,-0.105,-0.841,1.372,0.564,-0.189,-0.489,0.017,-0.145,-0.291,Freestyle,327,866,0.621
-0.655,-1.455,-0.445,0.566,-1.173,-0.163,-0.523,0.576,-0.03,-1.001,0.498,0.232,-0.266,-0.644,1.382,0.636,-0.258,0.238,-1.065,1.848,-0.209,0.273,-0.254,-0.445,-0.901,-2.628,-0.332,0.865,1.955,-0.183,-0.698,0.905,0.175,-1.228,1.133,-0.957,0.723,-0.151,0.855,0.539,0.048,0.293,0.294,0.184,-1.17,0.279,2.514,-1.464,1.716,-0.165,0.026,-1.246,0.077,0.093,-0.465,0.06,0.126,0.432,1.775,-0.623,Front Crawl,302,637,0.274
-0.002,1.897,-1.755,-1.821,-0.462,-1.376,-2.188,1.391,-0.675,-1.216,1.231,0.533,0.117,1.459,0.304,-0.88,0.782,1.084,-0.533,0.69,-0.535,0.628,-1.215,1.137,-0.453,0.384,-0.136,-1.687,-0.664,0.404,2.08,-0.444,-0.524,0.41,-0.342,-0.564,0.514,-0.608,-0.436,1.99,-0.093,0.907,-0.399,-0.706,-1.518,-2.257,0.152,-1.419,0.482,-1.928,-0.593,-1.112,0.476,0.963,0.814,-0.222,-0.528,-0.022,-2.377,-0.021,Backstroke,657,699,0.336
-1.284,-0.178,-1.262,0.676,-1.846,-1.402,-0.11,1.329,0.903,0.523,-0.126,1.967,-0.427,0.638,-0.018,-0.473,0.534,1.35,1.947,0.014,1.538,0.084,-0.321,0.46,0.623,-0.242,1.113,-1.246,-1.48,-1.371,2.761,0.561,0.112,0.935,0.899,0.765,0.93,-0.383,-0.015,0.333,0.9,-1.88,-1.05,0.389,0.072,0.42,-1.572,-0.497,1.319,-1.776,2.416,1.158,-0.727,1.307,0.593,-0.353,-2.306,0.237,0.638,-0.541,Backstroke,1196,571,0.358
-0.624,0.702,0.698,-0.101,0.532,0.644,2.017,-2.728,0.823,-0.958,-1.274,-1.147,1.453,-0.198,-0.196,0.583,-1.13,1.37,0.511,0.024,-1.489,0.039,-0.268,1.299,0.095,0.127,-0.265,0.893,-0.374,1.162,-0.339,0.3,1.07,2.049,-1.245,1.644,0.562,0.204,-0.411,-1.527,-0.109,-0.912,-0.339,0.686,-0.268,-0.375,-0.946,-0.506,0.002,0.98,-0.965,-0.133,-0.262,-1.904,-0.647,0.783,-0.243,-1.07,-1.181,-0.043,Front Crawl,608,871,0.535
-1.18,-0.233,-0.544,-1.048,-1.976,-0.105,0.807,-1.407,0.193,1.262,-0.235,1.08,0.609,-0.135,0.664,0.369,0.44,-0.456,-0.079,0.131,-0.814,-1.215,0.683,-0.907,2.263,-0.641,0.791,0.234,-0.351,0.355,-2.761,0.851,-1.773,-1.066,0.0,-0.839,0.891,-0.039,0.41,0.543,-1.909,0.293,0.001,0.681,-1.643,0.308,-1.067,1.565,1.653,-0.663,0.557,-0.452,0.402,-2.372,-0.534,-1.074,2.453,0.695,0.222,-0.922,Butterfly,535,132,0.276
0.105,0.508,-1.437,0.822,2.032,-0.621,-0.158,0.134,0.542,0.222,1.102,-0.663,-0.834,1.454,1.174,0.287,-0.377,-1.77,0.36,-1.28,-0.402,0.413,-0.869,0.835,0.222,0.108,1.406,-1.812,-0.389,0.671,-1.289,0.336,-0.532,-1.39,-0.554,0.229,0.214,2.139,-0.513,0.68,-1.12,-0.265,0.388,-1.339,2.191,-1.131,1.926,-0.165,-1.531,0.176,0.336,-0.344,0.385,-1.393,0.255,-1.542,-1.964,-0.095,1.317,0.571,Backstroke,1041,689,0.595
-0.793,0.823,0.43,-0.063,-0.153,0.338,0.193,-0.633,-1.207,-0.895,-0.504,-0.707,0.922,-1.185,0.302,-2.213,-0.026,0.483,1.048,0.12,0.452,-0.353,0.18,-0.186,-1.186,-0.971,0.145,0.313,-0.905,-0.441,0.597,0.279,0.216,-2.068,-0.923,-1.158,1.432,0.785,-2.846,-0.462,-0.549,-0.306,-0.106,-0.588,-0.21,-2.265,-0.555,-1.206,-1.237,0.306,-0.635,0.72,0.35,0.273,-0.832,0.425,-0.55,1.736,-0.227,-1.833,Breaststroke,331,1027,0.422
-0.37,0.987,-0.694,0.071,-0.764,0.18,1.983,1.58,-0.391,1.688,-1.315,0.02,0.109,-0.929,0.356,1.796,1.789,-0.651,1.194,-0.301,0.652,0.985,0.1,0.333,-0.499,0.596,0.787,-0.51,1.248,-0.386,-0.364,-0.26,-0.494,1.025,-0.524,-1.901,0.231,0.487,1.114,1.119,0.316,-0.843,0.233,1.001,-0.957,-0.719,0.585,-0.02,-0.224,-0.42,1.811,1.418,1.197,-0.039,0.255,-0.625,-0.514,-0.761,-1.707,0.675,Backstroke,192,654,0.44
0.702,-0.871,-0.175,1.327,-0.172,-1.587,0.467,0.467,0.24,-0.542,-1.756,-2.114,-0.523,-0.689,1.892,0.215,0.441,-1.529,-0.847,-0.602,-0.849,1.925,0.366,0.049,2.336,-0.669,-0.271,0.122,0.494,0.474,0.105,-0.522,0.72,-0.616,-0.977,-0.61,0.323,-0.609,0.874,-1.34,-0.457,0.225,0.261,-0.115,0.562,0.061,1.167,-0.394,1.462,-0.315,0.669,-0.981,-0.193,-0.594,0.194,0.539,0.882,-0.807,-0.701,1.183,Freestyle,1731,686,0.449
1.962,1.127,0.493,2.747,-0.897,0.304,1.388,0.625,-1.984,0.215,0.769,0.56,0.145,1.671,1.553,-0.581,-0.857,1.886,0.409,0.512,-1.406,-1.677,-0.594,-0.502,-1.267,-0.233,-0.673,1.05,0.047,-0.641,-0.959,-0.794,-0.356,-1.565,-0.005,-0.885,0.839,-0.231,-1.267,0.752,-1.915,-0.766,0.116,-1.422,0.824,0.543,0.594,0.33,-2.6,0.658,1.58,-0.731,0.048,-1.247,-0.413,2.306,-1.204,-0.657,-0.083,-0.285,Backstroke,1237,826,0.516
1.202,0.317,-0.126,-0.664,-0.938,-0.351,0.26,-0.927,-1.172,1.091,0.945,0.781,-0.371,0.632,-1.592,0.438,-0.647,-0.975,0.515,-0.378,-0.944,2.174,-2.096,1.269,0.033,1.852,0.176,-0.333,0.692,-0.399,1.068,-0.548,-0.76,2.938,-0.503,-0.134,-1.048,1.904,-0.032,-0.113,-0.296,-0.267,-0.773,0.296,0.453,0.06,0.253,0.072,0.591,-0.874,-0.537,-0.566,1.156,-0.868,1.127,-0.531,0.494,-0.303,-0.168,-0.275,Breaststroke,677,790,0.655
0.93,-1.018,-0.004,0.68,-0.63,-0.543,1.17,-0.715,2.648,0.414,0.312,0.825,0.553,0.298,-1.111,0.009,-0.607,1.177,-0.437,0.759,0.104,-1.534,-0.66,-0.539,-0.316,0.751,-0.001,-1.233,1.342,0.07,-0.098,-2.159,1.566,0.601,0.515,0.175,-0.797,-0.784,-0.686,-0.137,0.395,-1.155,-0.194,1.171,1.423,-0.694,-0.005,0.795,-1.382,-0.594,-0.422,0.653,0.47,-0.078,-0.722,1.257,-0.275,0.772,-0.662,-0.448,Freestyle,899,770,0.734
-0.252,-0.854,-0.119,-0.121,-0.127,-1.513,0.739,3.582,0.1,0.98,-0.209,1.235,1.003,0.672,0.018,2.327,-0.991,0.712,0.112,-0.443,0.29,-0.341,-0.24,0.599,0.334,1.721,-0.665,0.434,0.991,-0.478,-1.828,0.511,-0.694,2.037,-0.201,-0.823,0.1,0.772,2.716,-0.223,1.134,1.673,0.563,0.636,0.087,-0.888,-0.44,0.066,1.053,-0.463,0.68,0.165,-0.335,-0.396,-1.044,-0.49,0.25,-2.524,-0.635,-1.419,Freestyle,491,913,0.365
1.15,-0.324,0.374,-0.046,-0.491,-0.459,-0.144,-0.293,0.404,1.524,0.141,-0.84,-0.85,1.337,-0.868,-0.871,-0.078,0.755,-1.448,1.032,-0.699,1.697,1.268,-0.061,0.311,0.185,0.563,-1.794,0.237,0.454,0.401,0.783,-2.417,0.114,2.592,-1.34,-0.197,1.037,-0.821,-0.117,0.593,1.423,0.436,-1.661,0.898,0.58,1.241,-0.745,-0.682,0.671,-1.966,1.079,-0.232,1.47,0.022,-0.48,0.449,1.326,-1.19,1.316,Backstroke,1207,729,0.506
-0.152,0.423,-0.067,-0.449,0.492,0.528,-0.283,-0.05,-0.157,1.095,0.561,-0.257,0.803,0.248,0.833,0.036,0.118,1.399,-0.17,0.136,-0.445,-0.119,1.016,0.651,-0.414,0.189,0.175,-0.715,2.373,1.06,-0.393,-0.418,-0.823,-0.462,-0.498,0.404,-0.466,-1.411,0.301,0.134,1.305,-0.121,-0.004,0.7,-0.38,-0.755,0.673,0.019,0.016,0.203,1.171,-0.06,-0.447,-0.289,-0.042,-1.63,-1.785,0.366,-0.656,1.224,Breaststroke,164,274,0.257
-1.195,-0.795,-0.762,0.054,-1.153,0.072,-0.015,-0.11,-0.264,0.392,0.124,-1.203,-1.059,0.143,0.751,0.344,-0.511,-1.336,0.107,1.402,0.913,-0.22,0.885,0.635,-0.005,-1.55,0.305,0.351,1.482,-0.353,-1.087,0.26,-0.581,0.502,-2.137,1.029,-1.485,1.076,-0.858,-0.684,0.081,-0.465,0.061,1.651,-0.243,0.382,-0.202,0.062,1.518,-0.453,1.23,-1.017,-0.343,-1.263,1.124,-1.629,-0.234,-0.391,-0.439,0.954,Backstroke,1148,570,0.564
0.215,-0.552,-0.916,0.061,1.083,0.364,0.332,0.886,-0.521,-1.848,-1.557,1.89,-0.82,0.931,0.736,0.066,0.011,-0.022,-0.303,0.829,2.146,0.866,1.952,-0.165,-1.657,0.761,1.957,-0.738,-1.135,-0.008,0.72,0.101,-0.266,-2.009,-0.424,-1.347,-0.367,0.473,0.078,0.977,1.043,1.586,0.645,1.078,-0.592,-1.684,-0.97,0.891,-0.033,-0.645,1.166,-0.511,0.325,0.76,-1.061,-1.224,0.654,-0.183,1.034,0.621,Breaststroke,1049,512,0.466
-0.901,1.297,0.773,1.08,-1.464,1.013,1.279,-1.491,-1.453,0.241,-1.915,-0.905,-0.44,-0.294,-0.435,-1.582,-0.862,-1.124,-1.148,0.955,-0.625,-1.5,-0.657,-0.356,0.177,-0.438,-0.844,-0.869,-2.305,1.568,-0.589,-0.313,-0.943,1.873,-0.662,1.38,-1.319,0.127,-0.48,-1.647,-0.866,-0.061,-0.917,1.616,-0.766,-0.46,-1.219,1.089,-0.599,1.023,-0.757,0.318,-1.094,-1.286,-0.032,1.833,0.539,-0.075,0.799,0.88,Butterfly,264,997,0.458
-1.726,0.986,-0.55,-0.605,1.013,0.009,0.733,-0.042,-1.451,-0.528,-0.784,1.331,-0.945,-0.404,1.216,0.739,1.241,1.526,-1.391,-1.433,-0.592,0.937,0.528,-0.736,2.061,-0.375,-0.685,0.294,0.185,0.485,-0.528,-0.016,-0.816,0.667,1.389,-1.52,-0.998,-0.3,0.503,0.268,-0.116,-1.764,0.629,0.155,0.076,0.177,-0.005,-1.061,-0.665,0.105,-2.096,-0.334,0.985,0.272,-0.805,-1.156,-1.405,-1.696,1.597,0.247,Breaststroke,1565,361,0.409
0.322,1.075,0.953,0.638,-0.745,-0.514,0.778,-1.886,-2.072,-0.46,0.157,-1.048,2.428,-0.619,0.346,-1.04,-0.633,-1.041,-0.452,0.651,-0.171,1.465,0.968,-0.211,0.204,-0.137,-0.7,0.61,-0.529,0.293,1.453,-1.63,0.981,0.967,1.004,-0.618,0.072,-0.175,0.488,0.053,0.219,1.285,0.524,1.5,0.737,0.623,0.865,0.39,0.529,1.058,-0.988,-0.587,0.22,0.4,1.493,0.262,-0.2,0.811,0.534,-0.859,Freestyle,1016,872,0.49
-0.522,0.339,-0.7,1.168,0.86,-0.353,0.148,0.242,-0.443,0.534,-0.085,0.377,1.901,0.602,1.55,2.184,-2.105,-0.962,-0.935,0.871,1.279,-1.187,0.296,0.497,0.579,1.614,-0.651,-0.763,0.543,0.563,-0.352,-0.596,-0.763,2.071,-0.404,-0.312,1.795,0.641,0.101,-0.24,0.062,0.848,-2.692,1.268,1.092,-0.304,0.599,2.724,-1.228,-0.742,0.879,0.915,-0.51,-0.255,-0.936,-1.418,-0.661,-0.231,-1.468,-0.28,Freestyle,1072,458,0.567
-0.579,-0.588,1.719,-1.287,-0.835,-0.355,0.203,-0.459,0.275,-0.292,0.616,0.293,-0.572,-0.651,1.008,-2.474,-0.584,-2.938,2.028,-1.421,-2.348,-0.635,-0.85,-0.803,0.002,0.188,0.479,0.073,-0.155,0.069,-0.209,-0.803,0.158,0.383,0.312,-0.763,-1.419,-0.201,2.099,-1.549,-0.884,-0.018,-1.406,-0.936,0.487,-0.334,-1.253,-0.681,-1.469,0.758,0.457,1.013,0.503,0.778,0.028,-1.099,-1.342,-0.437,-0.436,-1.611,Butterfly,522,1014,0.588
-1.555,-0.143,-1.017,-2.711,-0.206,2.161,1.29,0.56,0.368,-0.895,0.751,-1.542,-0.426,-0.529,1.325,-0.26,-0.632,-1.382,0.26,-1.212,-0.171,-1.363,0.321,-1.012,-0.116,-0.372,-1.145,1.189,0.106,-0.411,0.891,0.144,0.191,0.928,-0.692,0.343,1.15,0.029,0.343,0.033,0.339,-1.304,0.289,-1.079,-0.838,-1.169,-0.44,-0.607,0.806,0.352,0.742,0.081,-1.443,0.867,-1.281,-0.964,0.778,0.285,0.72,0.445,Backstroke,398,1067,0.538
0.029,-0.721,0.257,-1.398,0.181,-0.944,1.641,0.727,-0.105,-0.229,0.395,0.899,2.034,0.01,-0.689,-1.381,1.572,0.392,-0.097,0.946,1.896,0.413,2.254,1.869,0.349,-0.754,-1.251,-1.343,-0.312,0.17,0.571,0.253,-1.582,0.027,-1.198,0.827,-1.629,1.006,0.995,-1.149,0.027,-1.355,0.478,-0.276,-0.257,-0.378,0.59,-0.78,-0.571,0.685,2.986,0.501,-0.625,-1.631,-1.864,0.025,-0.786,-0.273,-0.469,-0.835,Backstroke,1180,321,0.297
-0.307,0.006,0.501,0.499,0.596,0.726,1.022,0.829,0.496,-1.38,0.381,-0.186,0.589,-0.629,0.329,-0.017,0.265,-0.578,1.206,-0.561,0.231,1.623,0.131,0.301,1.608,-0.604,-1.966,0.441,-0.252,-0.386,0.963,-1.103,0.687,-1.342,-1.662,0.382,0.361,-0.366,0.085,-0.919,-0.255,-0.314,-0.68,-0.554,-1.06,-0.365,0.543,1.477,0.671,-0.476,-1.2,-1.385,0.584,-0.612,0.55,0.333,-0.067,1.087,-0.739,0.775,Front Crawl,705,156,0.46
-0.435,0.847,-0.513,-0.1,1.057,-1.647,-0.079,-1.446,-0.24,-1.261,-0.203,-0.419,-0.284,-0.234,-0.447,2.739,0.517,0.093,0.849,-0.792,1.843,-0.348,0.659,-1.696,-0.143,0.439,0.318,-0.347,-0.118,-1.853,-0.796,0.471,0.8,-0.944,-0.495,1.683,-1.135,-1.312,2.23,1.286,-1.757,-0.112,1.376,-1.8,0.103,1.495,-0.412,1.277,0.205,-0.319,-0.468,0.049,0.484,-0.151,-0.378,-0.449,1.52,-1.116,2.829,-1.146,Freestyle,579,565,0.22
-0.016,2.015,0.963,-0.457,0.589,2.47,-0.625,-0.101,0.367,-0.432,1.209,-0.216,0.481,-0.889,0.106,-0.929,-1.012,0.242,0.756,0.724,0.187,1.938,-0.866,-0.228,0.765,-0.639,-0.74,1.226,1.191,-0.898,-0.05,2.054,-1.118,0.054,3.11,0.905,-0.563,-0.669,-1.022,-1.07,-0.621,0.836,-0.348,-2.025,-0.509,1.76,-0.226,-0.592,0.367,0.524,-0.051,-1.144,-1.997,-0.664,-0.926,-0.736,-1.219,-1.186,-0.67,0.964,Butterfly,1856,694,0.526
0.111,-0.895,0.329,-0.31,-0.204,-0.138,0.279,-1.051,1.051,0.643,0.689,0.723,-1.094,-1.445,-0.127,0.696,-0.228,0.152,0.497,-0.824,-0.58,0.607,-0.783,1.199,0.067,-0.537,-0.48,0.174,-0.259,-0.934,-0.252,-0.958,-0.568,-1.394,-1.833,-0.33,-1.331,0.818,0.754,-0.536,-0.514,0.509,1.169,0.544,1.496,1.025,-0.168,-1.196,-0.077,0.898,-0.452,-1.079,0.194,1.06,1.172,-0.017,-0.258,-0.319,1.056,-0.368,Butterfly,1404,494,0.723
-0.87,-1.105,1.526,-0.461,-0.94,-0.237,-0.464,-0.471,-1.074,1.162,1.617,1.749,-0.448,-1.815,-1.242,-1.284,0.191,-0.096,0.538,-0.109,-0.66,1.451,0.941,0.44,1.199,0.527,0.727,-0.046,-1.453,-1.236,2.08,-0.784,-0.738,0.043,1.052,0.459,1.232,-0.206,-1.409,0.809,-0.93,1.177,0.166,1.059,0.673,2.499,-0.038,0.328,0.103,-0.66,-0.117,-1.513,-0.529,0.591,-0.619,-0.09,0.62,0.813,-1.181,0.252,Freestyle,1104,377,0.686
-1.544,-0.018,0.137,-1.076,0.37,-1.779,-0.479,1.913,0.057,0.508,0.473,-1.839,-0.757,-1.855,-0.082,0.911,1.417,-0.304,-2.139,-0.021,-0.602,0.102,-0.52,1.377,-1.593,-0.002,-0.322,0.394,0.288,-0.914,0.625,-1.411,-1.309,-0.567,-0.913,0.908,1.353,0.648,-1.628,2.862,-0.04,1.621,-0.285,-0.951,-0.25,0.296,-0.865,-2.204,-0.475,-0.31,-0.52,1.304,0.344,0.373,1.27,-0.767,0.122,1.042,0.084,0.905,Front Crawl,509,995,0.062
0.046,0.084,0.211,-0.97,0.05,1.101,0.714,0.046,0.227,-0.82,-0.063,-0.264,0.938,0.038,1.522,-0.691,0.162,-0.276,-1.885,0.518,-1.693,0.148,-1.811,-0.915,-2.343,0.991,-0.316,0.917,0.066,-0.675,-0.203,-0.923,-0.191,0.523,0.509,-0.567,-0.347,-0.372,0.874,-0.772,-0.117,0.678,0.283,1.471,0.499,-0.235,0.563,0.628,0.028,0.459,-1.085,-1.597,-1.257,1.025,-0.138,0.619,-0.892,0.023,0.939,0.272,Backstroke,1211,616,0.0
-2.121,2.833,-0.951,0.541,-0.155,0.64,1.705,0.298,0.179,0.561,1.716,-1.015,-1.503,-1.293,-1.253,1.992,-0.37,0.856,0.195,1.249,-0.764,-0.005,3.195,-1.175,1.058,0.709,-0.007,-1.037,-1.641,-1.024,0.591,-1.168,-0.962,-0.994,1.344,-1.211,-0.977,-0.698,-0.889,-1.178,-0.642,1.356,0.951,0.715,-1.181,0.783,-0.337,0.212,-0.165,0.8,0.86,2.041,0.814,0.302,0.001,0.465,-0.154,-0.012,-0.084,-0.196,Backstroke,1765,950,0.484
-0.791,-0.362,-1.099,0.113,1.388,-0.053,0.719,0.532,1.803,0.694,0.504,0.636,-1.362,-0.286,0.15,0.266,2.219,-0.249,-1.176,1.393,-1.637,0.208,0.875,1.23,2.714,0.171,-0.675,1.749,1.559,-0.931,0.198,-1.819,-0.327,-0.201,1.092,0.884,1.375,0.688,-0.932,-0.136,1.441,0.472,-0.244,-0.185,-0.582,0.951,-0.544,2.076,0.026,-0.606,-0.02,-1.476,-1.142,2.918,0.312,-1.529,0.338,-0.552,-0.12,1.576,Butterfly,528,932,0.889
-0.16,2.006,0.26,-0.043,0.522,0.714,-1.141,0.952,0.37,-0.449,-0.279,0.15,0.83,-0.437,0.763,0.767,-1.551,0.431,-0.449,1.31,1.257,1.297,-2.748,0.894,0.853,-0.446,0.869,-0.346,0.161,-2.09,0.97,-1.168,1.62,1.407,0.248,-1.231,-0.368,-0.364,0.619,0.339,-1.833,1.939,1.217,-0.696,-1.598,-1.034,-0.868,-1.749,0.166,1.428,-0.137,0.94,-0.093,-0.298,0.317,-0.168,1.186,1.303,-1.56,-0.358,Freestyle,1472,970,0.402
-0.88,0.799,0.94,-1.82,-0.41,0.886,1.881,0.886,0.037,0.023,1.222,-0.931,0.557,0.674,0.366,-0.164,-0.428,-1.451,2.226,0.575,-0.737,-1.041,-1.785,-0.419,-0.407,-1.064,0.71,0.351,0.311,0.31,-0.135,0.097,0.141,0.117,-0.369,-0.273,-1.534,1.002,-0.316,-0.022,-1.144,-0.089,2.021,1.171,-1.6,-1.222,1.967,1.131,0.298,0.967,-0.101,-0.947,-1.401,-1.589,-2.001,-1.092,0.293,-0.796,0.073,-0.512,Butterfly,741,652,0.619
1.465,0.419,-0.66,-0.517,-1.649,0.618,-0.957,-0.044,-1.411,-1.024,3.076,1.817,0.002,-0.971,-1.271,0.716,1.067,-0.819,-0.46,-0.118,-1.69,0.205,0.052,-0.861,-0.768,-1.288,0.957,0.511,-0.414,-0.019,-1.003,1.515,-1.209,-0.561,-0.09,0.731,-2.299,-0.317,-2.763,0.397,0.124,-1.094,3.271,0.14,-0.713,-1.534,0.1,-0.229,-0.92,-0.763,-0.008,0.775,-0.248,0.835,-0.358,1.477,-1.099,1.419,-0.118,-1.521,Butterfly,1594,530,0.441
0.272,-0.162,-0.558,-1.397,0.338,1.086,0.593,0.177,-1.245,-0.17,0.215,-1.397,-0.09,0.464,0.45,0.296,0.36,-0.308,1.307,-1.214,-0.733,-1.721,-0.232,0.132,1.377,0.719,0.507,1.254,-0.495,0.488,-0.515,1.351,-0.134,-1.35,-0.369,1.398,2.342,-0.024,-0.998,-0.254,1.742,-0.244,1.204,0.279,0.2,-1.157,1.844,0.311,-2.019,1.096,0.891,0.223,0.11,-0.647,-2.336,-0.391,0.486,0.727,-0.234,1.174,Breaststroke,377,179,0.366
-0.352,0.164,0.561,-1.987,-0.083,-0.181,1.105,1.362,-0.385,0.771,0.281,-0.248,0.186,-0.925,-2.373,1.544,-0.307,0.406,-0.292,0.83,0.23,-0.661,0.107,0.826,-0.2,-1.991,1.928,-0.003,1.692,-2.109,-0.017,1.024,-1.709,-0.246,-2.097,-0.98,-0.96,1.223,-0.81,0.577,-0.706,-0.372,-1.724,-0.418,1.028,-1.82,-1.598,0.195,-0.258,-0.031,-0.531,0.73,-0.735,1.739,1.199,0.29,0.295,0.646,0.234,-0.074,Butterfly,725,529,0.121
-2.876,-0.316,-1.016,-0.842,1.138,0.684,-1.971,-2.097,0.693,-0.409,1.257,-1.922,-2.209,-0.138,-0.859,0.606,-0.452,-0.556,0.708,1.231,-0.195,0.774,1.824,0.041,-1.282,0.777,0.287,0.66,0.822,-0.739,0.108,0.11,-0.522,0.144,-0.744,0.136,-0.437,2.048,-1.039,0.123,-0.332,-0.484,-0.097,-1.002,1.707,-0.089,-0.434,-0.416,1.775,-0.525,-0.652,-1.148,1.08,1.136,0.739,-2.96,1.383,2.566,-0.189,0.777,Backstroke,1689,155,0.538
-1.489,1.323,-1.65,0.937,1.154,2.191,-1.516,0.061,-0.205,-1.216,1.009,-0.264,-2.598,0.141,1.002,-1.027,1.905,0.51,0.753,1.32,-1.504,-1.819,-1.236,-0.158,2.257,0.715,0.194,1.708,0.746,1.126,-0.001,-0.674,-0.877,1.573,2.117,-0.997,-0.062,-0.179,-0.453,-0.215,-1.226,-0.624,1.946,-2.54,0.808,0.949,-1.109,-2.025,-0.176,-0.373,1.92,-0.695,-1.54,-0.445,-0.916,1.014,0.571,0.067,-1.724,0.398,Front Crawl,1907,972,0.318
0.083,0.651,2.111,-0.597,-1.469,-1.026,-0.197,-1.3,-0.737,1.526,0.555,-0.806,-1.193,1.388,-0.867,0.647,1.47,0.935,0.059,-1.031,1.256,-2.505,0.059,0.373,-0.128,-0.759,-0.484,-0.502,-0.15,0.661,-0.992,-0.757,0.643,1.296,-2.279,-1.572,-0.189,0.39,0.715,0.351,2.237,1.233,-0.283,-0.649,-1.548,1.223,-0.319,0.19,1.261,0.002,-0.708,-0.775,0.916,-1.296,-0.886,-0.497,-0.268,1.929,-1.267,-0.314,Backstroke,858,928,0.783
-1.154,1.643,-1.065,0.825,0.541,-1.552,1.355,0.171,0.874,-0.178,0.997,-1.88,1.004,-1.354,-0.435,0.86,0.129,0.639,0.18,1.226,1.393,0.806,-0.428,1.714,-0.081,1.685,1.921,1.445,-0.818,-0.192,-0.338,0.752,-0.589,-0.704,1.747,0.362,1.078,-0.169,1.131,-0.731,-1.693,-0.64,-0.056,0.656,0.923,-0.091,-1.102,0.816,1.508,-0.272,-0.942,1.504,0.563,0.44,1.661,0.629,-0.64,-0.984,-0.428,1.381,Butterfly,441,611,0.489
-1.095,-1.518,1.22,0.009,0.896,0.441,-0.149,0.756,0.696,0.514,0.385,-0.983,-0.013,-0.849,-0.857,-1.24,1.374,-0.102,-0.443,-0.464,-1.572,0.786,1.964,0.788,-0.783,0.001,0.25,-0.175,-1.434,-0.107,-0.733,1.602,-0.576,0.339,-0.254,0.785,0.079,-1.404,1.904,0.156,-0.701,-1.156,-0.849,1.202,-0.438,0.636,-1.51,1.684,-0.924,0.663,-2.079,-0.506,-1.323,-0.257,-0.186,-0.701,-1.266,-2.034,0.213,-0.019,Backstroke,421,153,0.52
-0.665,0.62,-0.174,-0.247,-1.453,-0.522,1.138,-0.535,-0.754,0.823,-0.107,0.718,-0.65,1.203,0.735,0.909,0.348,-0.068,-1.594,0.016,-1.648,0.045,-1.722,-1.021,0.214,0.28,1.647,-1.064,-2.269,1.124,-0.301,-0.95,0.611,-0.387,1.112,-1.485,-1.851,-0.469,0.511,1.403,1.636,-0.111,-0.807,-0.306,-0.581,0.254,0.58,0.726,-1.238,0.911,0.09,1.376,0.675,1.451,-1.474,-0.798,0.599,-0.775,-2.49,-0.325,Breaststroke,1352,672,0.38
-0.696,0.409,0.546,-0.154,-0.828,-0.659,0.656,2.361,-0.239,-0.721,-0.048,0.759,-0.714,0.641,-1.104,-0.333,-0.219,-1.374,-0.41,1.116,-0.908,0.611,-0.183,-0.992,1.949,0.09,-0.626,0.014,1.668,1.059,-0.824,-0.966,-0.095,-1.884,-0.017,0.705,-0.433,-0.348,2.008,1.368,-1.837,1.141,0.916,-0.315,0.778,0.227,0.918,0.961,-0.307,1.329,0.671,-1.186,-0.645,-0.453,-0.506,-0.636,0.296,-0.861,1.894,-2.189,Front Crawl,485,649,0.35
1.999,0.731,0.717,1.744,0.651,0.329,1.695,0.716,2.255,-1.104,-0.627,-0.857,-1.859,1.219,0.701,-1.7,0.038,-0.109,-1.273,-0.207,1.009,1.054,1.684,-1.325,-1.103,-0.075,0.703,-0.104,0.463,0.665,0.233,-0.878,0.011,0.295,-0.107,1.923,-0.968,0.231,-0.483,-1.127,-0.07,-0.867,-0.426,-0.101,-0.192,0.766,0.66,-0.344,0.004,-0.99,0.087,-1.275,-2.538,0.512,0.835,1.217,0.214,-0.129,0.147,-0.853,Breaststroke,569,720,0.523
-0.45,1.552,0.995,-0.937,-0.907,-1.159,-0.654,-0.13,1.982,0.827,-0.478,0.661,0.756,-0.794,0.502,-1.34,-1.137,-1.037,1.017,-0.337,1.548,0.103,0.275,-0.69,0.499,-0.052,-2.284,-0.876,-0.779,-0.434,0.723,-2.448,-1.278,-1.87,-1.675,-0.296,-0.971,1.578,-0.691,0.816,1.546,0.445,-1.062,-0.17,0.608,0.948,1.104,-0.341,0.778,-0.326,-0.594,1.055,-0.988,0.233,-1.425,0.022,-0.943,0.168,0.161,0.251,Freestyle,1515,252,0.745
0.539,0.337,2.275,-0.27,-1.936,-0.143,0.746,2.264,-1.064,-0.705,0.325,0.42,0.44,1.786,-1.74,-1.149,-0.632,1.271,0.914,-0.504,0.128,-1.128,-1.459,-0.142,-0.471,0.917,-1.056,-0.67,2.167,-1.382,-1.675,0.427,0.209,-1.048,0.983,1.941,-0.244,0.77,-1.09,-0.78,1.554,-0.699,-0.167,0.572,-0.91,0.386,-0.948,0.44,1.788,-1.309,1.72,-0.343,-0.926,-0.19,0.847,-2.183,-1.487,0.12,1.625,-1.198,Backstroke,375,149,0.02
0.941,1.04,1.464,-0.844,-0.52,-0.384,-1.293,0.776,-0.185,-0.799,1.471,-0.233,0.394,-0.077,-0.873,-0.102,-0.071,-0.714,-0.584,1.979,-0.097,-0.714,1.606,0.98,-0.297,-2.116,-0.764,0.248,1.729,-0.646,1.172,-1.598,0.42,-1.081,2.15,-1.23,-1.085,0.598,0.938,-1.574,0.115,-1.159,-0.709,1.96,0.243,0.545,1.473,1.161,0.975,2.256,-0.19,1.41,-0.476,-1.045,0.197,-0.977,-2.081,-0.506,0.167,-1.157,Backstroke,946,280,0.34
-1.611,0.07,0.96,0.31,0.377,-1.047,2.298,-0.329,-0.175,-0.975,0.997,-0.212,0.052,0.531,-1.132,-1.59,-0.321,0.542,-0.536,-1.137,-0.282,0.383,-0.255,-0.409,0.635,0.66,0.856,-0.012,0.325,0.455,0.203,-0.89,-0.028,2.168,0.149,0.059,-1.282,-0.911,0.05,-0.21,-0.657,-1.069,-0.338,1.049,-2.063,0.878,0.733,-0.712,1.125,-1.479,1.474,0.858,0.598,-1.618,1.649,1.092,-0.751,-0.464,-0.757,0.567,Freestyle,1595,691,0.597
-0.622,-0.379,1.188,0.445,1.481,0.72,1.433,-0.78,1.81,2.143,1.698,-0.835,1.703,-0.724,0.968,-1.812,-0.186,0.987,0.247,0.313,-0.581,-0.407,1.058,-0.625,0.681,0.193,-0.229,1.616,-0.154,-0.568,0.202,2.429,-0.173,0.325,0.507,-0.386,2.126,-0.638,1.282,-1.262,0.819,0.166,0.602,1.522,0.672,-0.239,-0.594,0.894,-0.058,-0.747,0.154,-2.349,-0.392,-0.813,-0.151,-0.07,0.387,0.488,-1.052,-0.69,Backstroke,638,1075,0.603
-0.442,-0.387,-0.624,1.061,-0.509,0.77,-0.032,0.618,-0.251,0.354,-0.616,-0.497,-0.422,2.683,0.937,0.763,0.822,-1.268,0.821,-2.021,-1.156,0.031,0.278,1.89,0.073,-0.106,-1.423,0.2,0.571,0.081,2.175,0.806,0.597,-2.066,0.682,2.038,-0.421,-0.139,-0.254,-0.75,-0.711,-0.652,-0.276,0.147,-0.952,0.933,1.743,1.525,0.132,0.319,-0.084,0.463,1.427,2.954,-1.418,0.836,-0.837,-1.055,0.5,-0.681,Freestyle,764,1022,0.404
2.144,0.676,-0.416,0.196,0.008,-0.385,-0.38,-1.578,-0.828,0.845,-0.521,-0.158,1.357,1.153,0.163,1.133,1.057,-0.795,2.129,-0.147,-0.563,-1.274,-1.77,0.33,-0.351,1.134,-1.669,-0.407,-0.383,0.024,-1.856,-1.439,0.93,-1.161,1.501,-0.146,1.07,0.903,1.468,-0.747,-0.347,3.133,0.208,-1.143,0.486,-1.617,-1.714,-1.739,-0.004,0.062,1.077,-1.093,-1.092,1.25,1.014,0.989,-0.876,1.833,-1.854,-0.327,Backstroke,1069,1031,0.241
0.906,-0.399,2.445,-1.381,-1.547,0.003,-0.823,0.915,2.344,0.258,-0.459,1.072,0.756,0.609,0.049,-0.124,0.097,0.004,-0.146,0.441,0.092,-0.842,-0.672,-0.091,-0.241,0.151,-0.497,-0.399,0.125,-0.319,-0.019,-0.597,0.885,0.495,-0.396,0.379,0.866,0.732,-0.03,1.473,0.329,-0.46,-0.51,-0.2,0.216,0.785,-1.221,-1.124,-0.211,0.691,-1.662,-1.084,0.188,0.784,0.421,0.874,1.25,0.366,1.197,-1.205,Backstroke,832,356,0.504
0.505,0.318,0.264,-0.437,-0.463,-1.205,-1.831,0.671,-0.083,-1.222,-1.189,-0.49,-1.469,0.868,-0.604,-0.011,1.426,1.081,-0.657,-0.535,1.689,-1.158,-0.888,-0.972,-0.57,1.081,0.981,0.747,-0.216,-0.14,-0.374,0.134,0.508,-0.321,-0.284,1.937,-0.338,1.022,-0.118,0.565,0.238,-0.125,0.202,0.484,-1.651,1.119,0.62,1.055,1.727,-0.46,0.683,-0.161,0.376,-0.452,-1.166,1.198,0.225,1.094,-0.373,1.576,Front Crawl,383,134,0.0
1.215,-0.422,1.932,-0.444,-1.688,0.202,1.218,-1.357,1.65,1.279,-1.071,0.246,-0.927,0.97,0.128,-0.158,0.924,-0.759,0.351,-0.338,0.583,-0.867,0.075,-0.331,-1.071,0.547,-2.1,1.19,-0.101,-2.172,0.202,0.762,1.588,2.214,-0.43,1.919,0.492,0.33,0.156,-0.057,0.256,1.151,0.351,0.076,0.346,-1.008,-0.718,0.648,0.672,-1.297,-0.462,0.726,-0.877,0.717,-0.214,0.255,-0.469,1.186,1.692,2.179,Butterfly,1816,557,0.045
0.441,-1.173,0.146,-0.664,-1.44,-0.729,0.245,-0.973,-0.557,1.132,0.192,0.323,1.062,0.548,-0.994,1.323,-0.454,-0.11,0.471,0.727,-0.864,-0.527,-1.823,2.399,-0.724,-0.766,-1.53,0.797,-2.092,-0.251,-1.228,1.146,0.83,1.342,1.223,-0.811,-1.877,-1.477,1.021,0.02,0.179,0.543,-0.254,-0.2,-1.646,-1.056,1.015,1.614,0.34,0.688,1.183,-1.681,-1.109,-0.03,1.046,0.418,0.418,-0.625,0.961,-0.17,Freestyle,1312,976,0.175
0.109,-0.557,-1.716,-1.83,0.238,0.252,-0.294,0.715,-0.169,0.434,-0.133,1.098,1.426,0.715,-0.646,-0.634,1.907,-0.07,-0.607,0.267,-0.666,1.079,-0.86,-0.893,-2.492,-0.149,0.606,0.191,0.156,-1.051,0.036,1.073,-0.021,-0.427,0.348,1.259,0.059,-0.556,0.009,0.53,-0.005,0.094,0.832,-1.468,-0.23,-0.042,-0.266,-0.58,-0.321,-0.52,-0.198,-0.475,1.742,-0.898,-2.399,-0.245,0.933,0.39,0.357,-0.056,Backstroke,414,737,0.55
-2.013,1.427,-0.941,-1.348,0.787,1.173,0.136,1.743,1.077,0.589,-0.942,1.084,-0.873,0.33,-1.279,1.097,-0.244,0.337,1.018,0.033,0.647,0.28,0.469,-0.536,0.76,-0.663,0.221,1.22,-0.972,-1.458,-0.205,-0.811,-0.961,1.417,0.282,-1.451,-0.379,0.333,0.573,-0.517,-1.478,-0.798,0.731,-1.165,2.435,0.331,1.366,1.322,-2.49,0.936,-0.324,1.242,-0.496,-1.296,0.233,1.089,0.334,-0.671,-0.913,0.756,Freestyle,797,361,0.611
1.574,-1.317,-0.311,-0.104,2.459,0.365,0.552,0.256,-1.191,0.255,-0.0,0.146,0.453,0.725,1.133,2.622,-0.503,-1.612,-1.261,1.953,-0.963,-0.115,0.012,-0.976,-1.958,1.101,-0.543,-0.465,-0.161,0.221,1.923,0.074,-0.789,-0.284,0.757,0.751,0.37,0.582,0.217,0.544,0.376,0.836,1.013,1.368,-2.279,-0.197,-0.695,1.89,-1.612,-0.22,-0.678,-1.786,-0.904,1.18,-0.366,0.401,-0.73,0.123,0.103,1.095,Butterfly,348,1072,0.85
0.029,-2.009,-1.213,1.375,-0.703,-1.602,-0.254,-0.698,-0.611,-0.344,-0.08,-0.002,-2.918,1.862,-0.031,1.792,1.701,-0.935,-0.106,0.433,-0.893,0.34,-0.005,-0.165,2.268,-0.936,0.319,0.2,-1.132,1.529,-0.542,0.459,1.169,0.309,-0.401,-2.178,-0.434,-0.825,-1.155,-0.605,-0.366,-0.562,0.946,-0.143,0.731,-0.602,-0.095,-1.871,0.057,1.421,-0.361,0.76,2.007,0.714,0.221,-0.305,-0.625,0.134,0.721,0.368,Backstroke,1888,148,0.625
-0.158,1.523,-1.059,-0.715,-1.853,1.051,-0.704,-0.873,-1.539,-1.923,0.152,-0.826,0.499,0.609,0.855,-0.699,0.235,-0.967,0.435,-1.587,1.679,-1.298,-0.282,0.2,0.15,-0.621,1.199,-2.212,0.197,0.07,-0.99,0.47,0.507,-0.647,0.641,0.668,-0.177,1.338,-0.472,0.539,0.485,-0.503,-1.409,0.323,1.59,-0.59,1.117,-0.539,-0.082,-1.663,0.214,1.221,-0.033,-2.042,1.607,0.083,0.218,-0.07,-0.081,-1.263,Backstroke,460,1059,1.0
0.291,-0.221,-0.331,-0.559,-1.284,-1.717,-0.374,0.576,1.299,0.644,-1.148,-0.936,3.429,0.798,2.575,1.051,-1.278,1.157,0.833,0.511,-0.534,-0.373,-0.274,-0.897,-0.58,1.046,-0.694,0.512,-0.682,0.204,0.03,-1.424,-1.268,0.881,-0.752,-1.343,-0.105,-0.316,-1.255,0.975,1.312,-0.254,-1.095,0.934,0.833,-0.513,1.346,-1.099,0.396,0.005,-0.044,1.391,1.499,0.07,-1.084,-1.171,-0.599,0.225,-0.299,-0.814,Breaststroke,836,462,0.534
-0.065,0.674,-0.066,-0.042,-0.98,0.162,0.187,0.325,0.512,0.24,0.099,0.425,-0.557,0.823,1.872,0.526,0.49,0.38,-2.337,-0.048,-0.178,-0.288,-1.01,0.996,-0.091,1.513,0.512,0.77,0.482,-0.798,0.829,-0.316,0.073,0.009,0.338,-0.192,-2.07,0.56,-0.401,-1.518,0.399,-0.065,0.009,1.75,-1.241,0.671,-1.49,-0.354,-1.053,0.948,1.063,0.781,-2.329,0.265,0.197,-0.546,-1.303,-1.146,0.268,-0.375,Breaststroke,353,707,0.359
-0.61,1.033,-0.782,-0.093,0.833,0.72,-0.22,-0.624,0.478,0.067,-0.973,-0.427,0.001,0.125,0.387,-1.523,2.226,-1.277,-1.48,1.451,-0.128,0.464,-0.427,0.329,1.688,0.427,-0.149,-1.662,0.184,-1.133,0.271,-0.216,-2.447,-2.113,-1.795,0.235,0.059,-0.368,0.366,0.62,0.851,-0.072,1.556,0.919,-0.694,-0.266,-0.375,1.014,-0.987,-0.586,2.048,-0.257,-2.364,3.142,0.959,0.689,0.072,0.578,-0.289,0.894,Breaststroke,1298,779,0.619
-0.067,0.782,-1.865,-1.634,1.289,-0.879,0.57,-0.766,0.916,-1.048,1.488,-0.702,-0.909,1.428,0.953,-0.122,0.067,0.561,-1.818,-0.764,0.066,1.759,0.801,0.526,0.917,-0.057,0.172,-0.039,0.223,2.519,-0.323,-0.183,-0.406,-0.915,-0.63,-1.152,-0.116,-0.247,0.63,0.404,-1.383,0.79,1.035,0.262,0.16,-0.194,-1.752,0.676,1.273,-0.195,-0.485,0.982,0.062,0.759,-0.175,1.415,-0.816,1.371,0.018,-1.906,Butterfly,416,609,0.723
-0.304,0.135,-0.828,-0.549,-1.487,0.084,0.042,-0.016,0.686,0.71,1.625,0.625,1.821,0.917,1.122,-1.098,0.218,-1.702,-0.267,0.741,0.267,-1.22,-0.248,-0.627,-2.134,0.727,0.437,1.962,-0.94,-0.972,0.14,1.17,1.304,1.418,1.186,0.499,0.799,0.094,-0.019,-0.073,-0.397,0.145,-0.068,-0.683,-0.154,-0.394,0.633,-0.42,-0.147,-0.213,-0.469,0.552,-0.819,0.306,-0.632,-1.021,1.36,-1.248,-0.608,0.251,Backstroke,1889,990,0.31
-0.004,0.258,-1.926,1.061,-0.331,2.101,-0.4,-0.719,-0.045,-0.106,0.593,1.563,0.26,0.473,0.914,0.761,-1.398,0.655,0.316,0.22,-0.86,1.325,0.338,-0.263,2.579,-1.216,0.073,-1.264,-0.663,1.161,0.048,0.98,-1.071,0.053,0.297,-1.681,-0.749,-0.532,-0.577,0.942,1.73,0.493,-0.153,-0.987,0.057,-0.434,1.042,-0.188,2.299,0.637,-0.44,-0.357,-2.477,1.403,0.331,-1.176,0.501,0.076,0.626,-1.457,Breaststroke,228,323,0.317
0.819,0.917,1.72,1.137,1.032,-0.381,0.672,-1.643,0.495,0.328,-0.296,-0.793,-0.106,-0.849,-1.179,-1.429,0.894,0.631,1.235,-0.584,-0.31,-1.879,0.52,-1.111,-1.243,-0.281,-0.252,-1.069,0.743,-0.169,-0.056,1.21,-0.766,-1.448,-1.826,-0.522,-0.266,0.421,-0.702,0.853,0.416,-0.172,1.346,0.784,-0.492,-0.128,0.037,-0.09,0.379,-0.477,1.945,1.12,1.135,1.435,-1.836,1.162,0.017,0.486,0.079,-0.492,Freestyle,1886,563,0.695
-1.329,0.238,0.02,0.712,0.14,1.298,0.1,2.723,-0.221,0.475,-0.152,-0.011,1.083,0.425,-0.398,-0.359,-1.844,0.913,1.254,0.94,1.751,-0.537,-0.237,0.593,-1.009,-0.198,0.845,-0.09,-0.968,-0.131,0.424,-1.788,2.591,0.475,-0.037,-0.237,0.202,-0.094,0.718,0.116,0.716,-0.48,-1.504,1.376,0.461,0.426,-0.02,-2.246,-0.319,-1.711,0.435,1.14,-0.111,1.109,-0.095,-1.931,-0.532,1.447,-0.172,1.339,Backstroke,586,912,0.497
-2.154,-0.662,-0.372,-1.03,-0.278,-1.928,-0.994,-1.125,-0.694,-1.063,-0.631,-0.718,-0.446,0.452,0.685,-1.478,-1.137,0.731,1.02,-0.587,-0.476,0.04,-2.039,0.684,1.238,-0.009,-1.807,0.161,-0.348,0.542,-0.255,2.449,0.831,-0.336,0.287,-1.059,1.259,1.695,1.736,-0.564,-0.088,-1.063,-0.496,1.103,0.082,1.18,0.924,0.599,-1.108,0.157,1.114,-0.823,-1.548,0.2,1.591,-1.881,-0.813,-0.149,-0.316,0.55,Front Crawl,1382,543,0.215
0.774,0.861,0.567,-1.283,0.915,-0.397,-2.373,-3.893,-1.555,-1.223,0.02,1.418,-1.69,1.228,0.277,-1.502,-0.036,-0.957,0.445,0.453,-0.278,0.273,0.645,-0.51,-1.294,0.205,0.932,-0.014,-0.926,-0.168,-0.903,-0.281,-0.72,0.224,-0.048,0.356,1.269,1.923,-2.11,1.446,-0.804,-1.112,-0.396,-2.144,-1.64,-1.119,0.202,-1.233,0.921,1.026,-1.403,0.589,-0.641,0.883,-1.956,0.294,0.016,0.207,0.895,0.373,Breaststroke,323,112,0.431
0.422,0.697,-0.071,0.355,-0.43,-1.981,-0.318,0.63,-1.624,0.071,-0.846,-0.186,-0.148,-0.209,0.676,-1.022,-0.317,-0.056,-0.299,0.903,0.284,-1.216,-1.098,1.182,2.341,1.999,1.845,-0.12,0.243,-0.1,0.91,0.418,-1.522,-0.795,1.351,-0.522,0.167,-0.259,-1.412,0.875,1.037,-0.751,2.341,0.291,0.157,-0.752,-0.106,1.201,0.83,-2.427,0.032,0.529,0.64,0.872,0.225,-0.331,0.347,-0.631,1.354,0.473,Breaststroke,1022,1015,0.245
3.201,-0.182,0.094,-0.244,0.204,0.497,-0.682,0.46,-0.34,-0.998,-0.226,0.659,1.334,0.919,-0.207,0.276,0.818,0.278,0.146,-0.61,-0.322,0.889,1.282,-0.805,-0.044,1.169,0.066,1.132,0.541,-0.848,-0.123,0.367,0.456,0.788,0.884,0.718,0.533,-0.482,-0.198,-0.566,0.193,-0.821,0.33,-0.623,-1.805,1.302,0.359,0.426,-1.234,1.633,1.3,-0.906,-0.738,-0.943,0.194,0.378,-1.064,-1.662,-0.188,-0.287,Freestyle,1589,382,0.63
-0.28,-2.629,-0.517,-0.718,0.08,-0.737,2.593,-1.148,-0.831,0.995,0.136,1.556,1.216,-0.231,-1.121,-0.592,-0.223,-0.312,-0.179,-0.644,-0.158,-0.126,-0.445,-0.916,0.384,0.751,-0.412,-0.453,0.501,-0.796,0.044,-1.181,0.854,0.23,0.858,-0.403,0.171,0.762,-0.319,-1.112,-0.61,-0.134,-0.623,0.44,-0.128,0.246,-2.16,0.589,0.34,1.228,-1.774,1.761,-0.856,-0.759,-0.877,1.021,1.039,-0.621,-0.051,-0.293,Freestyle,576,825,0.776
1.001,1.22,-1.451,-1.101,0.952,1.967,1.635,0.285,-2.3,-0.323,-0.755,-0.012,0.504,-0.869,1.588,1.052,1.825,-0.324,0.554,0.29,-1.996,-0.831,0.429,0.458,0.215,-0.051,-0.302,2.26,-0.256,0.694,0.941,1.23,-1.117,-0.749,-1.472,1.275,-0.5,1.15,-0.083,-0.079,0.135,1.09,1.032,0.711,-0.431,0.569,0.28,1.1,0.885,-1.471,0.589,-0.094,-0.083,0.751,0.41,-0.295,0.693,0.266,-2.675,0.745,Butterfly,152,1020,0.707
-0.568,0.565,-2.09,-0.595,-0.682,0.477,-1.035,0.457,-0.025,-0.31,-1.847,-0.697,0.219,-0.586,-0.934,1.171,1.651,0.386,0.455,-0.579,1.285,-0.448,-0.812,1.592,0.099,-0.058,1.038,0.097,1.971,-1.749,0.967,-1.417,-1.746,0.855,-1.462,1.78,-0.958,1.111,-0.398,-0.347,-1.252,-1.398,-0.107,0.633,0.222,0.13,1.158,0.799,-0.348,-0.358,-0.659,-1.46,0.263,-0.129,0.681,-0.091,2.345,-1.486,0.949,-0.89,Backstroke,1075,589,0.683
1.305,2.131,-0.383,-0.43,1.973,-0.935,-1.114,1.889,-1.421,-1.524,-1.331,-0.726,1.189,1.452,-0.057,-0.258,1.011,-0.852,-0.077,0.048,-1.832,2.045,-0.049,-0.994,0.697,-1.602,-0.579,0.148,0.531,-0.171,0.237,-1.069,1.503,-0.062,0.174,-0.309,-1.029,0.322,1.271,-0.721,-0.886,-1.166,1.583,1.231,-0.378,-1.441,0.258,-1.943,1.009,1.122,-0.181,-0.685,0.471,0.482,1.799,-2.515,-0.019,-0.192,0.26,-1.016,Butterfly,285,623,0.172
1.272,0.431,-0.878,0.857,0.144,0.865,-2.252,1.388,0.352,0.988,-0.901,0.866,0.718,1.179,1.206,-1.159,-0.456,-1.469,0.746,-1.259,0.369,-0.335,-1.202,-0.302,-0.482,-1.066,-0.067,1.384,-1.094,-1.52,-1.033,0.252,-0.477,-0.262,0.36,0.057,0.775,-0.385,0.222,1.479,-0.468,-0.934,-0.298,0.131,-1.044,0.062,-0.865,1.568,-1.226,-2.034,0.773,0.421,-0.878,-0.444,1.25,-1.831,-0.446,0.554,-1.129,0.984,Breaststroke,1371,121,0.197
0.042,0.037,-0.022,1.266,1.737,-0.578,-2.29,-1.449,1.596,-1.015,0.071,0.473,-1.111,0.008,1.519,0.149,-2.021,0.075,-0.493,1.41,-0.796,-1.521,0.523,0.644,0.689,-0.583,-1.305,0.58,0.561,0.228,0.315,0.731,0.438,0.006,1.614,1.421,0.794,0.73,0.508,-1.022,-0.632,-0.573,0.032,1.122,-0.147,1.23,-2.102,1.049,-1.265,1.824,-0.707,1.114,-0.084,-0.042,0.209,-0.378,-0.388,-0.043,-1.436,-1.239,Freestyle,1084,856,0.407
-0.405,2.287,-0.688,-0.136,0.218,-0.29,-0.516,0.748,-0.828,-0.924,1.779,-0.647,-1.192,-0.941,0.189,0.574,-0.013,0.561,0.078,-1.223,1.492,-0.185,0.806,1.435,1.229,0.088,0.135,0.618,-0.007,0.081,0.836,-1.028,0.003,-1.294,-1.329,0.935,-0.118,-0.103,1.078,0.587,-1.303,-0.435,-1.922,-1.329,-1.162,0.051,0.186,-0.304,-0.356,0.537,-0.171,1.14,1.483,-1.319,0.946,-0.395,-0.063,0.946,0.429,-0.189,Front Crawl,865,1024,0.564
0.194,0.085,-0.279,-0.809,-0.961,0.726,-1.027,-0.47,-1.089,0.009,2.677,-0.659,0.936,-0.539,0.28,0.92,0.667,-0.696,0.112,-1.568,-0.934,1.184,1.779,-0.095,-1.517,1.076,-2.264,0.833,-0.856,0.215,-0.829,1.124,-0.236,0.741,0.663,-0.421,1.638,-0.011,1.129,-0.886,-0.351,0.155,-1.955,-0.282,-0.675,0.005,0.752,-0.299,-0.049,0.557,1.117,1.068,0.599,-0.991,-0.773,2.675,-0.558,0.215,1.39,-0.498,Freestyle,1794,1071,0.82
0.632,0.993,-0.139,0.268,0.392,-0.049,-0.172,-0.478,0.959,-0.384,-1.226,1.557,0.603,1.039,-0.409,-1.462,-0.809,1.439,1.197,-0.493,0.312,-1.051,-0.723,-0.862,1.071,-0.274,-1.851,0.964,-0.968,1.711,-0.8,0.755,0.559,-0.084,-1.08,-0.574,0.901,-1.802,-0.546,-0.103,0.49,-0.221,1.363,0.462,-0.073,1.311,1.198,-0.231,-0.016,-0.1,0.202,0.473,2.423,-0.612,-2.361,0.956,1.315,0.537,2.45,-0.666,Front Crawl,683,699,0.654
0.181,-1.407,-0.892,-2.125,-0.633,-0.191,1.641,1.237,-0.066,0.141,-0.431,0.32,0.388,0.35,-0.921,-0.239,-0.812,-0.667,0.639,-0.516,0.85,-0.183,-0.198,0.162,-1.207,0.468,-0.722,-0.199,1.506,0.336,-0.197,-0.585,-1.513,0.127,-0.359,0.364,1.94,-0.477,-1.383,1.028,0.969,-0.52,1.057,-1.091,-0.48,1.152,-0.413,-1.838,-0.646,1.699,-0.846,-0.149,-0.597,-0.317,-1.184,0.544,-0.1,-1.008,0.172,-0.402,Front Crawl,1066,699,0.393
0.38,0.687,0.438,0.555,-0.51,1.914,-1.693,0.506,1.494,0.529,-0.57,-1.341,-0.205,-0.111,-0.77,-0.053,0.287,0.53,-0.585,1.106,1.191,-1.971,1.082,-0.646,0.252,-0.279,0.251,1.112,1.43,-0.207,0.977,0.76,-0.602,0.447,0.178,-0.112,0.262,0.248,0.79,1.32,0.589,0.639,0.237,1.825,-2.115,1.518,-0.205,0.351,-1.249,-0.856,-0.317,0.374,-0.297,0.482,-1.117,0.602,-1.417,1.75,0.714,1.28,Front Crawl,1646,255,0.417
0.753,0.718,-1.31,0.344,-0.071,-0.215,-1.678,0.198,-0.126,0.047,-0.358,-0.842,-0.138,-0.415,-0.36,-0.785,-2.66,1.293,-0.879,1.248,-0.988,-0.126,-0.649,-0.291,1.931,-0.711,-1.975,0.589,-0.345,1.561,0.536,-0.212,-0.179,0.447,-1.275,-0.295,-0.047,-0.149,-2.046,2.965,1.422,0.738,-1.161,0.644,0.252,0.038,0.799,0.22,-0.263,-1.425,-0.707,0.18,0.243,1.791,-0.458,1.005,-0.143,-0.088,-0.734,-1.61,Butterfly,1450,561,0.538
0.673,0.106,1.127,0.704,-0.598,-1.22,0.668,-1.013,0.496,-0.179,-0.302,-0.669,-0.496,-0.913,0.115,1.237,-0.565,1.789,-0.803,0.418,-0.386,0.596,0.471,-0.931,0.487,0.3,1.751,0.279,-1.265,-0.011,-0.751,-2.142,-0.031,-1.149,1.151,-0.802,1.03,-1.546,0.693,-0.057,0.251,0.798,0.207,-2.223,0.197,-1.013,2.342,0.393,0.424,-1.478,-0.64,0.695,-0.288,-1.505,-1.639,-1.327,-0.284,-0.12,-0.224,0.229,Freestyle,1796,994,0.369
-0.577,-0.269,1.098,-0.654,-2.299,0.561,-0.089,-0.594,1.541,-0.508,-0.271,0.98,0.174,0.448,-0.262,0.195,-1.127,-0.619,-1.871,0.321,-0.711,-0.63,0.476,-0.012,-1.061,-0.775,-0.784,0.514,1.423,-0.365,2.823,0.823,-1.584,-1.012,0.429,0.573,-0.394,1.022,1.097,-0.276,0.114,-0.449,0.563,0.33,2.281,1.43,-0.44,-0.926,-0.42,-1.086,0.555,-1.04,1.143,-0.296,-1.579,1.302,-0.282,0.004,-0.339,1.284,Front Crawl,1592,1074,0.604
-0.029,-0.445,0.858,-1.279,1.354,-0.011,0.019,-0.516,-1.18,-0.539,-1.212,0.033,0.976,0.64,-0.579,1.372,0.416,0.904,-0.347,-1.141,-0.598,1.271,1.017,1.303,0.292,1.504,-0.769,-0.078,0.489,2.011,-0.966,0.275,-0.425,1.307,1.048,-1.118,-0.541,0.741,0.965,0.933,-1.191,-0.667,1.238,-0.336,-0.838,0.655,-0.235,-0.036,-0.702,-0.33,-0.11,-0.259,0.295,-0.299,0.399,0.544,1.294,-1.316,0.558,-1.582,Butterfly,475,735,0.448
-1.388,-1.072,-0.048,0.077,-0.498,-0.596,-1.201,2.045,-0.624,1.187,-0.218,0.751,1.045,0.163,-0.581,-0.202,0.687,0.687,-0.187,-0.095,0.167,0.302,-0.527,0.121,-1.215,-1.381,-0.34,0.418,-0.028,0.548,-2.948,0.085,-0.651,-1.519,-0.52,2.059,-1.83,-0.712,1.759,0.393,0.242,-0.724,0.735,-0.081,0.201,-0.909,-0.251,-0.805,0.118,-0.494,0.865,0.794,-1.809,1.169,0.619,-0.216,-0.371,-1.316,0.82,-0.376,Freestyle,1607,564,0.0
1.43,-0.316,-1.136,-1.389,0.037,-0.26,-0.152,-0.234,0.201,-2.913,-1.298,-1.597,0.547,-0.863,-0.809,-0.37,0.671,-0.692,1.63,-0.172,-0.143,-0.548,-0.591,0.058,-0.219,0.669,-1.269,2.733,-0.022,0.492,-0.576,1.125,-0.204,-1.301,-0.628,0.269,-1.686,0.243,0.836,-0.816,-0.163,0.113,0.015,-0.436,0.257,-1.781,-0.246,-0.6,0.444,-2.084,-0.68,0.585,0.249,-0.449,0.839,-0.886,0.717,0.015,0.472,1.183,Freestyle,1228,1062,0.769
0.094,-0.056,0.32,-1.206,-1.154,-0.716,1.694,-0.331,0.657,-0.14,-0.741,1.14,0.243,-0.375,1.39,-1.871,-0.113,-2.084,1.209,1.045,0.568,-0.534,-0.576,-0.539,-1.388,-0.019,0.677,0.686,-0.631,0.879,-1.218,0.573,1.007,0.338,-0.94,-0.363,0.513,0.444,0.256,0.086,0.302,0.405,-1.091,0.242,1.246,0.45,-0.101,0.232,-0.761,1.075,-0.422,0.852,-0.716,-0.011,-1.264,0.591,-0.357,-0.803,0.977,-1.079,Backstroke,871,488,0.139
0.589,-1.655,0.302,-0.101,0.567,-0.825,0.831,0.147,1.208,-0.843,-0.285,-1.283,0.454,-0.579,-0.852,0.683,-0.044,-1.738,-0.075,-0.849,-1.104,0.731,1.204,-1.484,1.234,0.502,-2.397,1.801,-1.627,-0.848,-1.339,-0.849,0.842,-1.226,-1.38,-0.867,0.027,0.805,-1.35,1.415,0.102,1.108,-0.616,-0.679,-0.565,1.777,0.32,-2.209,0.919,-0.208,-0.143,-0.602,1.963,0.621,-0.443,0.428,-0.27,-0.046,-0.082,0.613,Freestyle,1027,865,0.325
0.355,-0.191,-0.532,0.387,0.213,0.33,-0.712,0.101,-0.626,-0.794,1.912,-0.03,0.696,1.238,-1.84,-0.984,-1.364,1.027,-0.895,0.092,-2.325,0.188,-0.578,-0.903,-0.995,0.18,1.109,-1.184,-0.166,2.054,2.167,-0.768,0.219,0.45,0.736,-0.303,1.757,-1.599,0.222,-0.052,-2.01,-0.901,2.504,0.875,-0.492,-0.956,1.781,0.239,0.165,0.337,1.379,0.355,0.178,-0.942,0.218,-0.177,-0.384,0.572,0.792,-0.485,Freestyle,1026,218,0.529
-0.715,-0.743,0.263,-0.999,-1.2,-0.823,-0.259,-0.604,0.069,-2.001,0.114,-1.067,-0.555,-0.779,0.368,-0.732,-0.972,-2.18,0.409,-0.165,-1.339,-0.32,-0.178,1.468,-0.593,-1.818,1.083,1.472,-0.799,-0.375,1.367,-0.468,1.969,0.886,0.69,0.116,0.935,-0.631,-0.493,-2.578,2.213,-1.54,-0.28,-1.385,1.523,1.503,1.007,-0.413,1.105,-0.371,0.485,0.31,-1.539,-0.286,0.547,-0.375,-0.253,0.831,-0.989,0.521,Backstroke,1465,411,0.552
-0.92,0.519,-0.1,0.574,0.315,0.377,-1.383,0.032,0.462,0.493,1.139,0.609,0.358,0.232,1.754,1.197,1.078,1.656,-0.297,-0.055,-0.714,-0.252,-1.225,-0.264,-2.679,0.325,0.156,0.013,-1.071,0.351,0.114,0.642,-0.729,1.109,-0.106,2.336,-0.673,0.991,-1.166,0.158,-0.802,0.47,-0.65,-0.446,-1.226,1.51,1.479,1.085,1.739,-1.676,1.596,1.29,-0.386,0.452,0.489,-1.297,0.087,-0.942,1.248,-0.465,Breaststroke,313,831,0.185
1.175,-0.899,-0.397,-1.293,0.782,0.176,0.227,-2.795,0.215,0.869,-0.061,1.606,-1.957,-0.343,0.351,1.101,0.539,1.762,0.532,1.124,-0.634,-0.846,-0.598,-0.248,-0.797,0.074,0.227,2.35,1.481,-0.053,-0.346,0.041,0.343,-1.048,0.102,0.123,0.084,-1.035,-0.718,0.265,0.578,-0.017,1.338,-1.256,0.36,-0.846,0.108,0.668,-1.836,0.539,0.573,1.253,-1.04,-0.391,0.422,-0.564,-0.988,0.531,-0.568,0.879,Breaststroke,642,469,0.761
-0.227,0.27,-0.426,0.537,0.137,-0.838,2.248,0.478,-1.272,0.844,0.062,1.915,0.518,-1.297,0.479,-0.436,0.738,-2.091,1.394,-0.376,-0.691,1.437,0.109,2.72,1.392,1.405,-0.964,1.662,-0.339,1.422,-0.655,1.535,1.141,2.365,2.244,-0.358,-0.462,0.839,0.508,0.039,0.485,-0.627,0.414,0.527,1.13,-0.241,-0.149,-0.02,0.212,-1.046,-2.021,0.271,-0.927,0.1,0.783,-1.035,-1.396,2.01,1.258,-0.516,Backstroke,1620,444,0.546
0.156,0.388,-1.568,1.132,0.241,0.055,0.434,0.543,0.126,-0.686,-0.898,0.794,-0.074,0.581,0.331,-0.93,-1.619,0.325,1.295,0.7,-0.796,-1.242,-0.37,-2.326,-1.809,-0.301,-0.863,-0.629,-2.435,-1.673,0.893,-0.803,-1.189,-0.119,0.94,-0.213,-1.139,0.168,0.47,1.449,2.086,-1.519,0.734,-0.507,-0.191,0.084,-0.55,1.1,-0.338,-0.6,-1.092,0.022,-0.1,0.665,-1.082,-0.262,-0.523,0.333,0.275,1.152,Butterfly,1409,533,0.572
0.245,0.852,-1.099,0.535,0.337,-0.35,0.825,0.598,-0.838,0.477,0.452,0.787,1.267,1.715,1.754,0.794,0.146,-0.787,1.149,0.446,-0.289,0.594,1.383,0.194,-0.17,-1.379,1.318,1.575,2.053,-0.368,-1.091,0.28,0.825,0.588,-0.733,-0.881,-0.658,-0.201,0.469,-0.072,0.489,-0.423,-0.415,-0.105,-0.965,-1.551,0.723,0.336,-1.775,-0.129,-0.225,-1.302,0.477,0.814,1.055,0.625,0.456,-0.321,-1.057,-0.085,Breaststroke,1603,832,0.777
0.102,-0.435,-1.139,0.762,-0.137,0.791,-1.312,-1.445,0.323,0.943,0.409,-0.497,-1.553,0.609,-0.876,-0.766,-0.431,0.61,-1.208,0.624,-0.996,0.014,1.592,-0.487,-0.753,-0.486,0.288,-0.516,2.426,-0.05,1.704,1.272,-0.604,0.664,-0.884,-0.724,0.249,1.113,-0.661,1.337,-0.423,0.16,-0.275,-0.223,0.61,1.497,-1.86,0.159,-0.8,-0.639,0.525,-1.303,-0.383,0.498,0.43,0.423,0.918,0.224,-0.935,-0.476,Backstroke,1404,812,0.944
-2.184,0.745,1.369,-0.017,-0.601,0.743,-0.392,0.099,0.002,0.127,0.493,1.588,0.429,-0.8,-0.804,-0.58,1.067,0.508,0.126,-0.648,0.172,-0.147,-1.355,-1.103,1.105,-0.116,1.179,-0.414,-1.725,1.158,0.605,1.173,-0.053,-0.853,-1.088,-0.378,-0.416,0.959,2.04,-1.335,0.508,-0.374,0.779,1.237,0.06,-1.021,-0.426,-0.481,-2.188,-0.666,0.96,1.781,-0.434,0.285,0.227,-0.725,0.294,0.345,-0.115,-0.704,Breaststroke,942,203,0.226
0.969,0.623,-1.224,2.28,0.643,0.391,-0.136,-0.456,0.29,0.84,-0.471,-0.055,1.086,0.549,0.808,-0.05,1.364,-1.191,1.333,-0.667,0.176,-0.387,0.841,2.839,0.162,0.969,-0.069,-0.79,1.444,0.536,-0.802,0.92,0.189,-0.831,0.781,-2.321,0.449,0.24,-0.041,-0.606,1.015,0.233,-0.715,1.476,0.903,-1.79,1.371,1.444,0.472,0.16,0.612,0.693,0.14,-0.591,-0.605,-0.478,-1.435,1.0,-1.143,-1.19,Front Crawl,530,1048,0.52
0.267,-1.078,-1.123,0.069,0.258,0.339,-0.385,2.043,1.194,-0.767,0.18,-0.71,0.597,0.453,0.193,0.692,-1.334,-0.343,0.748,2.104,-0.657,-0.261,-0.734,0.885,-0.097,-0.04,0.548,-0.475,1.039,2.529,-0.178,0.459,0.322,0.324,1.32,-0.141,-0.32,-0.051,-0.425,0.512,0.432,0.202,0.314,0.852,-0.064,1.885,1.199,1.224,1.603,-0.628,2.27,2.8,-0.684,-0.15,0.2,-0.009,0.258,0.03,0.897,0.62,Freestyle,512,676,0.716
-0.428,1.442,1.046,-0.563,-0.86,1.151,1.084,1.317,-0.579,0.964,-0.597,-0.511,-0.954,0.474,-0.624,-2.324,1.307,0.807,-0.72,0.21,0.019,0.552,-1.514,-0.403,-1.509,0.644,1.401,1.726,1.424,-1.852,0.608,0.385,0.401,1.232,0.468,3.247,-0.316,-0.542,-0.192,-1.262,-0.147,-0.517,-0.978,0.04,-0.142,-1.64,1.702,0.569,-0.602,2.168,-0.201,0.9,-1.631,0.555,1.141,0.452,0.558,0.939,-1.147,-0.4,Freestyle,719,436,0.604
-1.041,-1.654,1.057,-1.012,0.994,-1.002,-0.211,-0.243,-1.133,-1.312,0.279,-0.657,-0.091,-0.387,-1.306,0.319,-0.969,1.492,0.756,0.574,0.656,-0.83,3.222,3.149,-0.124,0.075,-0.85,-0.802,0.18,0.929,-0.049,1.546,2.555,0.39,2.37,1.576,1.075,-1.241,0.435,1.606,0.592,-1.075,2.299,-0.218,0.824,-1.642,1.329,-1.197,0.719,-1.387,-0.907,-0.481,0.885,-0.44,-0.021,1.017,-2.196,0.864,-0.654,-0.168,Front Crawl,756,784,0.523
-0.038,0.892,-0.104,0.388,-0.241,-0.475,-0.335,1.407,0.137,0.011,-0.858,-0.833,-0.608,-0.764,-0.317,-0.913,0.802,2.752,1.35,0.496,1.9,-0.274,0.817,-0.804,0.131,-0.477,0.309,0.831,-0.526,-0.34,0.956,1.099,-0.782,-0.456,-0.123,1.127,-0.569,-1.384,-0.637,0.638,0.17,1.176,1.001,-0.808,-1.18,2.442,-0.928,0.674,-1.025,0.76,1.696,-0.711,0.438,0.317,-0.012,-0.51,0.669,-2.073,-0.767,-1.03,Butterfly,1360,329,0.567
0.181,0.191,0.67,-0.021,0.572,1.047,0.12,1.125,1.995,0.371,0.004,-0.364,1.252,0.285,1.277,-1.483,-0.237,0.358,-0.14,1.899,-1.638,1.894,0.703,-0.347,0.187,-0.406,-0.785,-1.434,-0.779,0.877,-1.968,1.345,-0.86,0.66,0.088,1.528,-0.343,0.759,-0.6,0.88,0.026,-0.318,-0.394,0.072,-0.253,-0.401,-1.362,2.263,0.635,0.33,-0.561,-0.542,0.728,-1.552,-0.924,-0.835,0.297,-0.013,-1.139,0.355,Backstroke,672,640,0.32
0.193,-0.993,-0.924,-1.513,1.624,-0.101,1.276,1.324,-0.095,-0.197,0.385,-0.61,-0.621,-2.457,0.681,0.311,0.08,0.755,1.144,-0.816,-0.549,0.061,0.158,-1.319,-0.063,0.422,1.166,-0.89,-0.682,-0.642,-1.001,0.306,-0.312,0.227,-0.981,0.454,0.064,0.661,1.404,0.214,0.983,0.138,-1.746,-0.657,-0.641,-1.371,-0.504,-0.591,-0.86,2.045,-0.248,0.418,1.695,0.192,-0.598,-1.112,-0.006,0.052,-0.305,0.727,Front Crawl,1597,560,0.55
0.204,1.054,0.442,-2.17,-0.584,1.299,0.879,1.214,0.139,-1.509,0.18,-1.329,-0.602,0.184,0.383,-0.842,-0.088,-0.631,2.153,0.564,0.486,-0.348,0.636,1.186,-0.311,0.503,0.047,-0.284,-0.574,0.866,0.153,2.737,0.154,-0.912,-0.867,1.927,0.371,-0.474,0.363,0.986,-1.663,1.6,-1.279,1.845,0.212,1.881,-0.065,1.011,-1.422,1.258,-0.201,-0.475,-0.156,0.495,0.235,1.074,1.502,-0.293,-0.805,0.132,Breaststroke,1094,538,0.388
1.76,-0.827,-0.195,0.605,0.167,-0.152,0.15,-0.659,1.193,-2.301,0.946,-0.801,0.83,0.842,0.794,1.794,-0.858,-0.782,0.13,-1.871,1.209,-1.394,-1.293,0.067,0.336,0.757,-1.287,1.426,0.155,0.463,-0.306,-1.396,-0.799,-0.283,-0.232,0.657,-0.9,0.355,1.347,0.637,-0.06,-2.25,-1.799,1.201,-0.442,1.0,-0.311,0.786,-0.052,0.208,-0.676,0.842,-0.027,-0.844,-0.177,0.744,-0.323,-0.837,0.664,0.666,Butterfly,457,709,0.381
-0.89,0.365,0.128,-0.068,0.949,-0.03,-0.365,0.585,-1.233,0.108,-0.273,0.309,-0.184,-0.894,-0.344,1.531,0.171,-0.831,1.143,1.239,-0.41,0.001,-0.911,1.019,0.901,0.241,-1.182,-0.698,-0.854,-0.939,-0.728,0.041,-0.582,0.385,-0.681,-0.243,-2.103,0.141,0.044,-0.699,-0.483,-1.123,0.7,1.5,-0.821,2.083,-1.982,0.0,-0.35,0.024,0.813,-0.928,0.786,-0.316,-0.565,0.326,0.456,0.61,-0.84,0.522,Backstroke,1136,425,0.72
0.614,0.513,0.447,0.645,-0.325,0.766,0.889,0.978,-0.878,1.003,-0.645,0.115,0.921,-1.731,-2.573,-0.256,-1.485,-0.817,0.924,0.527,-0.275,0.076,1.456,0.584,0.079,-0.998,0.968,0.427,-0.399,0.725,1.62,0.622,-1.55,-0.46,0.584,-0.054,-1.387,-2.036,-0.092,0.797,0.05,-1.11,0.456,-0.02,0.267,-0.192,-0.257,-0.929,1.16,-0.646,2.33,1.034,-0.149,0.098,-0.785,-0.183,-1.929,0.363,-1.944,-0.324,Butterfly,1054,256,0.549
0.19,-1.209,-1.916,0.226,-0.893,0.812,-0.276,0.478,1.053,-0.588,0.799,-1.649,1.104,0.806,-1.767,-0.293,0.72,-1.352,0.156,0.375,0.016,-0.719,0.052,-0.034,-0.214,-0.575,0.298,-1.604,0.612,1.14,0.692,0.017,-0.028,-1.614,-0.287,-0.9,-1.073,0.391,-0.759,0.785,-0.272,-1.415,-0.606,-1.028,-0.247,0.277,-1.461,1.093,0.975,-1.282,-1.305,0.261,-0.645,0.056,-1.365,0.311,1.843,0.278,0.334,1.571,Freestyle,397,367,0.494
-1.41,0.896,-0.535,-0.866,-1.512,-0.504,-1.045,1.192,0.178,0.502,0.397,1.362,-0.699,1.373,-0.42,0.606,1.222,-1.564,0.702,-0.442,1.511,0.992,-1.083,-0.339,1.899,-0.327,-1.315,-0.546,-0.21,-0.535,-0.107,0.076,0.562,-0.204,0.156,-0.782,-0.973,0.036,-0.326,-0.566,0.832,0.968,-1.135,1.047,-0.842,0.723,1.661,0.801,2.437,-1.459,1.255,-0.591,0.412,-0.499,0.469,-1.442,0.706,-0.321,0.411,0.213,Freestyle,1446,992,0.414
-0.608,1.251,0.56,0.84,1.453,0.012,-2.046,-0.949,1.738,0.476,0.557,0.081,0.491,1.191,-0.685,1.086,-0.234,1.121,-0.343,-0.654,-0.159,0.336,0.334,-0.735,-0.406,-0.827,-1.225,-0.753,0.439,1.322,1.709,1.766,0.272,-0.677,0.102,-0.013,-0.233,-2.091,0.031,0.001,0.027,-0.542,0.91,1.602,0.055,1.086,-0.456,0.384,-1.842,1.682,-2.432,1.445,-0.017,0.594,-1.283,1.482,0.061,-0.816,0.536,1.61,Breaststroke,245,293,0.603
0.156,-0.556,1.426,-0.949,0.22,-0.435,-0.1,0.833,1.987,0.858,1.502,0.442,1.659,-0.436,-0.772,-0.829,-0.06,0.081,-0.414,0.374,1.285,0.909,-1.192,-0.344,-0.151,0.514,0.214,1.799,-0.826,0.238,-1.074,-1.064,0.113,-0.433,-1.21,0.006,0.388,0.269,-0.526,-1.054,-0.827,-0.95,0.315,0.13,0.976,0.34,0.622,0.011,-0.502,-0.155,0.696,-1.129,-0.164,0.998,-1.355,1.04,1.452,-0.638,-0.46,-0.191,Front Crawl,1714,658,0.201
-0.123,0.241,-0.219,1.303,-1.163,-0.571,-0.583,0.729,-0.696,-0.731,-1.848,0.014,-1.092,-1.725,0.282,-0.233,-1.124,0.328,-0.327,-0.387,-0.951,-1.087,0.111,-2.07,0.899,0.136,-0.642,0.392,-0.114,-0.59,-0.307,0.256,-0.483,0.448,-0.415,-0.067,1.171,0.549,-1.33,-1.654,-0.252,-0.987,-0.09,-0.526,0.541,0.741,1.023,0.012,0.204,2.285,-0.466,-0.397,1.71,-1.496,0.401,-0.009,0.42,-2.022,1.085,-1.26,Backstroke,935,786,0.215
-2.417,-0.169,1.369,2.812,0.206,0.354,1.064,-0.339,0.264,-0.984,-2.045,-1.3,-0.087,0.139,-0.851,0.624,-0.12,-0.33,-0.523,-0.383,0.568,-0.927,0.57,1.207,1.407,0.641,2.053,-0.58,-0.021,0.672,-0.355,-0.086,-1.436,1.084,-1.614,0.758,-0.952,0.814,0.904,-1.293,-1.192,0.627,0.246,-1.593,-0.133,0.4,0.874,-0.631,-0.085,2.16,0.692,-1.201,0.748,1.493,-0.092,-0.759,-0.702,1.793,-0.155,0.772,Backstroke,1438,841,0.475
-1.111,0.42,-1.162,0.029,1.019,1.083,0.134,-1.307,0.315,-1.062,0.679,0.744,1.134,-0.843,-1.503,-0.311,1.145,2.176,-0.189,-0.215,-1.977,0.292,0.225,0.22,0.307,-0.066,-0.057,1.04,0.31,0.16,1.665,-0.636,-0.935,-0.166,1.33,-0.028,0.731,-0.124,1.563,1.191,-0.538,0.062,-0.654,-0.581,0.772,-1.708,1.205,-0.177,0.669,1.216,0.699,0.125,1.536,-0.071,-1.478,-0.871,2.19,-0.011,0.022,-0.383,Backstroke,604,506,0.476
0.608,-0.521,1.62,0.159,-0.171,1.097,0.857,-0.677,-0.625,-0.941,0.153,-0.9,-1.737,-1.323,-0.27,0.286,-1.531,-0.848,0.662,-0.239,-0.393,1.382,-0.015,0.087,-1.198,0.856,1.834,-0.417,-0.027,-1.122,1.295,2.278,-0.19,-0.074,2.587,-0.966,-0.554,0.664,-0.458,1.284,0.751,-0.381,-0.095,0.242,-0.716,-0.934,-0.938,0.206,-0.515,0.69,0.744,-1.99,-0.918,0.62,-0.977,-0.346,0.765,0.06,0.935,-0.908,Backstroke,845,1067,0.575
-1.491,0.011,-1.072,0.453,-0.996,1.191,-0.315,2.111,0.102,-0.379,-1.193,-0.453,-0.432,-0.289,-2.377,0.163,-1.848,-0.926,-0.148,-0.265,-0.733,-0.227,-0.869,-1.524,0.694,-0.667,-0.293,-0.693,-0.108,-0.214,2.224,-0.328,0.84,0.929,-0.077,-0.795,0.306,-0.637,-0.618,1.009,1.504,0.262,0.115,-1.03,1.22,1.381,0.691,2.853,0.056,1.967,-0.245,1.464,0.716,2.136,-0.272,-1.087,-0.855,-1.749,-0.198,-0.375,Backstroke,318,173,0.404
2.208,0.728,-0.519,-0.517,-0.389,1.53,-1.254,-0.9,0.383,0.91,-1.248,-0.452,-0.39,0.171,-0.406,1.199,-0.278,0.176,0.849,0.897,-0.418,-0.165,-1.386,-1.121,-1.119,-0.352,0.44,0.423,-1.158,0.628,0.868,-1.324,0.719,1.014,-1.375,0.887,-0.085,-1.476,-1.746,0.427,-1.096,0.223,0.144,1.127,-0.97,2.137,-2.153,-1.565,-0.396,2.735,-1.38,1.17,-1.83,1.247,-1.458,0.992,-1.322,2.18,1.548,-0.59,Freestyle,208,743,0.238
-0.843,0.546,0.607,-2.582,1.875,0.019,0.843,0.39,-0.173,0.426,-0.852,1.413,-2.325,0.297,-0.081,-0.599,-0.725,-1.022,-2.101,-0.281,0.147,-0.12,1.297,-0.863,1.365,1.136,0.399,-0.229,2.548,1.82,-0.626,0.576,0.864,1.442,-0.501,-0.941,0.849,1.329,0.994,-0.306,-0.933,0.041,-0.472,-0.525,0.546,-0.643,0.018,-1.802,-1.972,1.441,-0.886,0.448,-1.43,1.619,-1.391,-0.849,-0.289,-0.591,-0.932,-0.102,Backstroke,690,548,0.276
1.258,0.208,-2.089,-0.916,0.18,-1.562,-1.288,1.012,1.131,-0.041,1.691,1.214,-0.551,0.38,0.328,0.276,1.123,0.23,0.6,-0.834,1.71,1.234,0.263,-0.845,-0.666,-1.523,-1.254,1.099,-1.2,0.284,1.879,2.132,1.863,-0.572,-1.107,1.617,0.297,0.478,0.56,-0.064,-1.001,0.93,-0.32,-0.386,0.679,1.457,1.571,-0.496,0.54,0.737,0.132,0.915,-0.288,0.018,0.152,-0.81,1.021,1.181,0.295,1.686,Butterfly,1603,200,0.463
0.602,0.257,0.427,-1.546,-1.369,0.891,-1.105,0.737,-1.761,0.046,0.231,-1.8,-0.627,1.866,-0.449,-1.564,-1.009,0.106,0.253,-1.114,0.516,-0.715,-0.046,1.029,-1.298,1.98,0.73,-0.506,-0.527,-0.327,-0.989,0.164,-0.782,1.136,0.635,-1.024,-0.392,-0.399,0.823,2.227,0.976,0.207,-1.355,0.485,-0.046,0.228,0.64,0.507,-1.113,1.346,0.456,-0.124,0.122,0.691,0.506,-1.088,0.813,-0.819,0.814,-0.47,Front Crawl,1332,1074,0.485
-0.465,-0.737,-0.742,0.788,-2.328,-1.253,-0.223,-0.548,0.691,-0.388,-0.463,-0.512,-0.826,-0.238,1.146,-0.651,0.154,-0.822,0.899,1.301,-0.483,0.651,-2.113,-0.632,-1.292,-1.17,-1.028,0.307,-0.547,-0.006,0.086,-0.422,0.347,-0.37,0.568,-0.65,-0.19,0.921,-2.288,-0.301,-1.434,1.535,-1.284,1.27,-0.132,0.17,1.058,1.219,0.024,-0.465,-0.248,1.473,-0.86,-1.31,-0.338,1.6,0.576,-1.518,0.957,0.354,Backstroke,1488,696,0.431
-0.308,1.214,-0.697,-0.79,-1.07,-0.71,1.086,0.468,1.388,-1.43,0.386,0.277,-0.305,0.011,1.611,0.157,-1.243,-0.81,1.412,0.482,0.223,-0.336,0.926,0.644,-0.796,0.977,0.803,1.21,-1.432,0.839,0.998,0.393,1.154,-2.101,-0.093,-0.41,0.677,-0.712,-0.039,-1.643,0.06,1.127,0.135,-0.452,-0.711,-1.225,-0.45,-0.445,-0.167,0.003,-0.105,0.499,-0.055,1.119,0.515,-1.744,-1.314,-0.555,-1.396,0.866,Front Crawl,815,1034,0.48
-0.641,0.614,0.357,1.318,-0.242,0.384,0.431,-1.138,-1.86,-1.496,-0.536,-0.39,-1.099,0.437,-0.388,1.696,0.219,0.619,-0.349,0.723,-0.91,1.578,-1.527,0.252,1.079,-0.219,-1.395,-0.111,-0.38,-0.009,1.653,-0.635,0.151,-0.282,-0.637,-0.153,-0.953,1.184,-0.191,0.307,-0.507,-0.113,-0.584,-0.441,1.355,-2.974,0.155,-0.905,-0.429,-1.307,-0.696,-0.3,-0.383,-1.997,0.477,0.512,-0.06,0.136,0.198,0.396,Breaststroke,943,326,0.108
-1.369,-1.47,1.22,-0.882,-0.148,-1.032,-0.473,0.748,-0.809,-0.252,-0.413,0.693,1.364,-1.535,2.096,1.735,0.522,1.099,1.27,0.242,0.787,-0.004,-1.308,0.904,1.153,0.263,-0.24,-1.086,-1.574,0.302,0.462,0.942,-2.261,0.472,-2.195,-0.728,0.363,-1.291,0.97,-1.452,-0.526,0.376,0.771,2.072,-0.245,0.57,0.415,-0.277,0.693,0.479,-0.63,-1.455,0.325,-0.66,2.519,0.123,0.816,-0.652,-0.662,0.07,Backstroke,1198,792,0.474
1.724,1.038,-0.877,-0.656,-0.346,-0.407,-1.425,0.166,-0.247,0.701,-0.17,-1.315,-0.522,-0.468,-1.725,-0.401,0.834,0.726,0.295,-0.095,-0.368,-0.559,0.055,-1.861,-1.007,2.802,0.076,2.901,-1.566,0.255,-0.17,0.431,0.33,-0.007,1.021,-0.348,-1.406,0.83,-0.614,-0.207,0.665,-0.901,0.358,-0.115,-0.428,-0.255,-1.082,-0.236,-0.132,-0.549,1.359,1.463,-0.592,0.997,-0.242,0.601,1.061,-0.787,-1.684,0.008,Backstroke,826,671,0.721
-0.83,1.206,-0.483,-0.707,-0.913,0.812,-2.346,1.228,-0.72,1.423,-0.906,0.313,0.982,0.606,1.407,-1.007,-0.562,-0.57,-1.039,-0.555,-2.141,-1.5,0.196,0.371,-1.333,0.58,-1.047,1.608,-1.034,1.704,-1.492,-2.49,0.749,-1.315,0.526,-0.968,1.41,0.261,-0.454,-0.877,2.38,-1.03,0.715,1.005,0.785,0.837,0.382,-2.342,-0.295,-1.724,0.835,-0.353,-1.776,-0.423,-0.175,1.006,-0.457,-0.716,0.142,-0.4,Butterfly,853,685,0.13
-0.785,0.361,0.667,-0.697,0.134,0.883,-1.687,-0.846,0.474,-0.671,0.223,1.14,-0.201,-0.326,1.127,1.564,-1.036,-0.246,-0.207,-0.959,-1.12,-0.399,-1.853,-2.771,-0.147,1.402,-1.989,0.486,0.655,-2.278,-0.242,-0.024,0.618,0.135,1.204,0.193,0.495,1.301,-2.597,0.342,-0.058,-1.11,-1.193,-1.403,-0.023,-0.67,0.03,-2.138,0.051,0.625,-1.276,0.264,-0.879,0.502,0.443,-0.712,-0.991,-0.979,1.753,0.892,Freestyle,274,661,0.393
0.93,-0.079,0.917,0.135,2.209,-0.329,0.906,-1.158,-0.262,-0.869,0.881,2.123,0.696,-0.922,0.516,0.291,0.908,-0.785,-0.058,-0.448,-0.484,0.883,-0.884,-0.495,-1.16,0.15,1.158,0.618,1.328,-0.43,0.511,1.632,-0.276,0.249,-2.02,0.17,0.522,0.349,1.275,-2.195,-0.688,0.245,0.366,-0.799,-0.718,-0.172,1.582,-0.901,1.835,-0.225,0.064,0.935,-0.63,-1.16,0.232,-2.299,1.341,-0.72,1.036,-0.257,Breaststroke,1666,135,0.683
-0.064,0.853,1.998,-1.129,0.832,0.328,-1.08,2.438,1.226,-0.364,0.556,-0.011,-1.115,-1.246,0.425,-0.488,-1.429,-0.304,-1.543,-0.08,0.024,-0.69,0.442,-0.96,-1.043,-0.336,1.639,1.49,-1.372,2.715,2.191,1.439,-0.678,-0.027,-0.98,1.237,-0.065,-1.105,0.985,-0.552,-0.241,-1.131,-1.443,-0.766,-1.408,0.643,0.651,0.547,0.978,-0.817,-0.321,1.668,-1.805,0.529,-2.12,2.095,-0.838,-0.58,-1.489,-1.017,Breaststroke,329,720,0.805
-1.157,1.291,-1.046,1.11,-2.076,-0.123,-1.53,0.696,0.244,-0.464,-0.447,0.417,-2.012,-1.035,-0.331,-2.249,-0.536,0.163,-1.913,0.191,-1.097,2.045,-0.435,0.261,-0.226,1.142,-0.79,-0.251,-0.613,0.473,0.046,0.348,1.423,0.196,-0.446,-0.353,0.662,-0.304,1.247,0.776,0.423,-0.534,-0.326,0.472,1.215,-0.036,-1.775,-1.682,0.467,-0.561,0.286,1.551,-0.337,0.604,0.305,-0.079,0.939,-1.834,-0.657,1.967,Front Crawl,343,517,0.578
-0.725,-1.705,0.186,1.231,-0.165,0.479,-1.027,0.058,-0.029,-0.632,-1.094,0.079,-0.489,1.299,1.264,-0.244,-0.928,0.882,-0.027,0.108,0.623,2.413,-1.511,0.745,0.81,0.13,-0.525,0.972,0.543,0.117,1.527,-0.329,1.459,0.285,-0.293,0.237,0.28,-0.611,-0.032,0.532,-1.445,0.583,0.106,1.395,-0.782,0.04,-0.265,-0.087,-1.524,1.308,0.445,-1.348,0.082,0.531,0.666,0.121,-1.397,-0.054,0.138,0.577,Front Crawl,213,359,0.346
-0.267,0.587,2.07,0.078,0.47,-0.422,-0.201,0.316,0.193,-1.493,0.584,-0.731,0.126,1.808,0.239,-1.424,-1.724,0.212,0.386,0.455,-0.34,-0.057,0.436,-1.162,1.077,0.184,-1.002,1.896,-0.906,0.201,-1.448,1.05,-0.038,0.149,0.568,0.821,1.183,0.071,-0.19,-1.264,-0.187,-2.114,0.739,-1.109,-0.177,-0.32,0.755,1.654,0.709,0.727,0.173,0.809,-0.44,0.104,0.496,-1.106,-0.775,1.36,0.281,1.542,Breaststroke,660,337,0.492
0.169,-1.273,0.731,1.406,1.879,-1.066,-0.077,0.329,0.656,0.969,1.116,-0.499,-0.355,-1.119,1.754,0.042,0.115,-0.739,0.165,-0.899,1.185,1.123,-0.043,-0.158,-0.428,-1.3,0.343,1.352,-0.588,0.864,0.061,-1.113,-0.357,1.495,0.146,1.152,-1.143,-0.671,-0.569,0.209,1.032,-1.944,0.514,-0.308,0.162,1.082,-0.535,1.223,1.106,0.218,-0.694,-0.74,-1.037,1.039,-2.183,-0.988,0.286,0.784,0.281,0.514,Freestyle,760,860,0.444
-0.105,-1.28,0.023,-0.081,-0.398,-0.894,-0.547,0.388,0.164,-0.255,-0.264,-1.465,0.562,-0.324,0.502,-1.979,-0.287,-0.641,0.333,0.089,-1.499,-0.24,-1.985,-0.061,-1.073,0.509,-0.492,-0.652,0.334,1.026,-0.639,0.365,-0.975,-0.485,0.354,-0.676,0.21,-0.929,-0.48,0.04,1.126,0.055,-0.893,-0.344,-0.292,1.638,-1.137,-0.163,-0.193,-0.738,-1.016,0.85,0.231,-0.907,0.133,0.386,0.548,-0.801,-0.463,-0.034,Front Crawl,918,780,0.571
-0.099,-0.321,0.622,-0.703,2.244,-0.361,1.412,-0.035,-0.79,3.278,-1.599,-1.902,-1.543,0.408,-1.086,-0.996,0.688,-0.703,-0.305,0.024,-0.869,1.502,-1.177,0.218,0.813,0.119,-0.3,-1.129,-0.465,1.02,1.141,-0.163,0.001,-1.148,0.757,1.257,-1.071,0.371,-0.43,0.289,0.237,-0.903,-0.171,0.309,-1.907,1.073,1.189,-0.508,1.044,-1.359,0.147,-1.297,-0.705,-0.799,0.3,0.801,1.093,-0.504,-0.057,-3.535,Breaststroke,1206,128,0.28
0.398,0.259,-0.879,-0.081,-0.781,-0.702,-0.959,-0.033,-0.938,1.928,-1.007,1.022,-1.055,0.182,-0.664,-0.383,0.535,0.958,0.66,-1.128,-0.442,-0.7,-0.406,1.364,-3.464,-0.276,0.959,0.268,0.087,-1.058,-0.575,0.041,-0.657,-0.325,0.423,1.0,0.105,-0.868,-0.363,-2.311,-1.362,-1.67,0.118,2.163,-0.556,1.254,-0.816,-1.431,1.682,1.319,-0.18,-0.856,2.07,-1.334,0.49,0.859,-0.383,-1.245,-0.185,-0.072,Breaststroke,1006,644,0.623
-0.233,1.18,-0.235,-0.502,0.155,0.33,1.335,-0.826,1.272,0.787,-1.507,1.054,-0.526,-0.326,0.647,-0.647,1.062,0.228,-0.5,1.268,1.374,0.376,1.013,-0.49,-1.768,-0.536,1.573,0.065,0.388,-0.563,0.397,-1.428,1.097,-0.644,-0.941,-0.499,0.868,-0.031,-1.76,-1.912,-1.36,2.186,-0.145,-0.378,0.434,0.485,1.013,0.745,0.561,-0.67,0.308,0.993,0.552,0.332,0.705,-0.791,-0.454,-0.221,-0.9,-1.096,Butterfly,944,278,0.362
-2.587,0.245,0.773,-0.336,-1.479,0.35,0.454,-0.873,0.532,-0.734,0.543,0.204,0.183,0.569,0.535,-0.269,-0.997,0.668,1.805,-0.048,0.341,-1.159,-0.668,-1.643,0.687,-1.205,2.868,0.903,0.36,0.165,-0.313,-1.349,-0.385,0.028,-0.515,0.02,-1.414,-0.926,-0.887,0.641,-0.074,0.843,0.891,0.702,-0.115,0.152,-0.17,0.477,-1.763,0.002,-0.044,0.391,-2.16,-0.454,-1.063,0.221,0.562,0.343,-0.824,1.179,Freestyle,1464,438,0.265
-1.237,-0.774,1.406,0.908,-0.147,0.246,-0.254,-1.29,0.127,-0.131,0.051,-1.766,-0.683,1.606,0.101,0.694,-1.107,-1.02,1.587,-2.818,-3.239,-0.062,-1.727,-0.425,-0.211,0.02,0.272,-0.126,0.865,0.573,0.525,0.136,-0.457,0.459,-1.289,3.139,0.116,-0.35,0.105,-0.129,-0.306,0.105,1.47,0.733,2.049,-0.454,-1.661,-1.164,1.806,-0.91,-0.07,0.192,-0.018,1.039,-0.182,-1.446,-0.699,-1.444,-1.418,-0.47,Butterfly,568,772,0.423
0.213,0.556,0.714,0.334,0.823,0.399,-0.001,0.389,-0.206,0.35,1.455,-0.673,2.53,-1.291,0.217,2.654,-0.201,-0.963,1.469,0.818,-0.754,-0.966,0.442,1.911,-1.14,-1.063,0.599,0.557,1.844,0.694,-0.844,-0.012,0.22,-1.218,-0.266,-0.166,0.293,0.173,0.452,-0.976,-0.262,-1.896,2.726,0.502,1.988,1.068,-1.413,0.571,1.163,-0.65,0.752,-0.375,1.25,0.217,1.651,1.466,0.812,0.648,2.444,1.422,Freestyle,1535,288,0.576
-0.393,0.318,1.089,0.425,-0.629,-0.153,-2.382,0.113,-1.233,-0.325,2.088,1.424,-2.002,-0.901,-0.437,-0.359,0.688,-0.655,1.257,-0.87,-0.903,-0.026,0.088,1.005,1.386,0.313,-0.551,-0.214,1.151,-1.104,-0.523,1.165,0.723,-1.594,-0.377,1.07,0.542,0.37,0.384,-1.02,-0.282,-0.091,0.532,0.615,-0.362,0.31,0.044,-0.294,-2.111,1.2,0.843,-0.217,0.335,0.906,-0.251,0.498,0.089,-0.717,-0.934,0.42,Butterfly,478,680,0.545
1.567,-0.069,-0.555,-1.417,0.887,-0.528,-0.435,-0.39,-1.694,0.692,0.033,-1.084,1.308,0.594,1.156,2.849,0.418,-0.317,0.095,1.491,1.558,-0.941,0.885,-1.124,-0.519,-1.103,-0.324,-0.486,-2.536,-1.64,-0.387,1.001,0.854,1.503,0.744,-1.778,-0.523,-0.414,1.613,-0.857,0.635,0.575,-0.744,0.813,0.412,0.658,1.281,-1.065,-0.75,-0.12,-0.338,-0.675,-0.381,1.56,0.758,1.628,1.08,-1.38,-1.47,1.403,Front Crawl,1611,233,0.764
0.473,-1.723,0.866,-1.942,-0.755,0.059,-1.103,0.119,-0.0,-0.141,0.303,-0.293,1.418,-0.871,-0.273,1.53,-0.043,-0.247,-0.532,0.201,1.18,-1.718,-0.403,-1.164,-0.529,-0.878,0.792,0.866,1.168,1.087,-0.652,0.148,-0.833,-1.532,-1.247,-0.657,-1.168,-0.401,-0.404,-1.859,-0.821,0.656,-0.64,1.442,0.701,-1.017,-1.629,-1.06,-0.971,-1.311,0.716,0.996,-1.131,-0.381,-0.167,-1.451,-0.598,-1.994,1.0,-0.465,Butterfly,1568,857,0.413
-0.077,0.606,0.342,0.521,-0.045,-0.735,1.299,-0.777,-0.334,0.075,-0.329,0.034,-0.291,-0.698,-0.927,-1.202,-0.625,0.076,-0.416,-0.329,-0.976,1.598,-0.515,-0.036,-0.016,0.139,0.574,-0.12,1.061,0.368,-0.376,2.193,1.875,0.464,0.874,-2.693,-0.327,-0.142,-0.14,1.047,-0.428,-0.578,0.949,-1.199,0.514,-1.665,0.764,-1.385,0.735,-1.084,0.054,-0.203,0.184,-1.621,-0.489,0.678,0.713,-0.729,-1.414,1.255,Butterfly,186,749,0.238
0.712,-0.425,-0.709,0.727,0.072,-0.376,-0.379,1.172,1.529,1.358,1.549,-0.239,0.571,-0.359,0.039,-0.075,-0.819,0.366,0.342,0.36,1.254,-1.199,-0.335,-1.343,-0.216,0.07,-0.549,0.206,1.142,-0.374,-0.15,-1.026,-1.78,-0.232,0.977,-2.523,1.692,0.047,-0.064,-0.547,-0.005,0.059,-0.068,1.74,0.556,-1.898,-0.929,0.83,0.265,-0.522,0.499,2.154,-0.199,1.194,0.671,-0.589,0.799,3.674,0.194,-0.64,Backstroke,281,199,0.495
1.242,0.065,0.986,0.026,1.856,1.904,0.264,-0.497,-1.1,0.482,0.579,3.809,-1.722,-0.537,0.229,-0.757,0.324,-2.05,0.324,-1.189,1.807,-0.14,-0.9,-0.842,-0.019,0.178,-0.977,1.099,0.892,-0.234,-0.401,-0.246,-0.173,-0.03,-1.67,0.337,-0.793,1.245,-0.751,-0.834,-0.516,-0.273,-0.391,-1.85,0.78,-0.512,1.723,1.031,0.001,0.782,2.292,0.725,0.141,0.281,-0.705,0.116,-2.499,0.457,0.009,-1.282,Front Crawl,859,525,0.598
-1.428,-0.318,0.163,3.326,0.836,1.281,0.154,-0.18,0.648,0.913,0.623,-0.161,2.349,1.29,-1.005,-0.651,1.868,1.226,-0.793,0.701,1.238,-0.421,0.792,-0.378,-0.02,-0.151,0.382,-1.025,0.851,-0.674,-0.267,0.755,1.193,-0.888,-0.822,-1.261,1.721,0.242,1.071,-0.052,-0.562,-1.257,-1.336,-0.247,0.217,-0.269,0.937,0.65,0.872,0.704,0.995,-1.087,-0.785,-1.906,-0.084,0.453,-0.439,0.127,1.327,-1.016,Breaststroke,1120,677,0.694
0.437,-0.29,-0.912,0.013,0.412,0.107,-0.393,0.127,1.819,-1.703,-0.207,0.31,-0.583,2.636,0.994,0.901,0.535,1.262,0.661,-0.722,-0.015,2.06,-1.21,-0.863,0.255,0.4,1.65,-0.462,0.672,0.298,0.195,0.258,-0.788,1.212,-0.656,-1.01,0.771,0.221,-0.446,1.333,-1.522,0.014,0.158,0.599,-1.943,-0.954,-1.2,0.147,-0.261,0.882,0.794,-0.614,-0.362,-1.7,-1.714,-0.262,-0.093,0.203,0.774,1.192,Freestyle,620,670,0.511
-0.628,-0.206,0.27,-0.589,-0.736,0.145,0.29,0.212,0.252,0.241,-2.034,2.284,-0.189,1.586,0.114,0.726,-0.64,0.674,0.768,-0.817,-0.165,0.415,0.378,-0.421,1.426,-0.077,0.359,0.735,1.428,-0.319,-0.3,1.282,0.978,-0.166,-0.005,-0.041,1.075,0.428,1.267,-1.162,1.657,0.168,0.418,0.233,1.245,0.041,-0.089,1.068,0.38,-0.615,-1.786,0.86,1.293,0.091,1.306,2.502,0.808,-0.791,0.804,-0.255,Backstroke,1212,494,0.077
1.193,0.214,-0.826,-0.323,-0.15,0.533,0.454,-2.441,0.852,-0.876,-0.686,-0.126,0.062,1.499,-0.82,0.977,-0.864,1.469,1.482,-2.496,-0.449,-2.137,0.701,-0.605,0.414,-1.136,-0.866,-1.014,0.229,-0.767,-1.38,0.555,0.514,1.038,0.75,-0.238,0.471,0.535,0.087,-0.275,0.145,-0.548,-0.786,1.528,1.01,-1.117,0.849,0.917,0.448,-0.705,0.737,0.62,-0.123,0.467,0.471,0.618,0.353,0.621,-0.052,-0.053,Breaststroke,123,1064,0.449
-0.216,0.794,0.481,-0.405,0.994,-0.82,0.462,0.706,0.313,-0.359,-0.573,-2.152,-0.001,-0.326,1.174,0.168,-0.874,1.001,-0.246,1.086,-0.62,-0.448,0.046,0.577,1.554,0.339,1.84,-0.666,-1.613,0.564,-1.401,-0.138,0.31,1.434,-1.447,0.467,0.425,0.6,0.166,0.503,-0.306,0.265,0.283,0.048,-0.77,0.519,-1.691,-0.514,1.136,1.217,0.693,1.598,1.228,-0.682,-0.538,-0.281,-0.368,1.558,-0.424,-2.17,Breaststroke,1139,563,0.314
0.29,-0.768,0.437,0.485,0.583,0.805,0.927,-0.431,-0.548,-0.626,-0.415,-0.98,-1.186,0.19,0.355,1.066,-0.51,0.509,0.831,1.099,-1.646,0.912,-0.688,-1.674,0.385,0.167,1.079,-0.588,-0.002,0.331,-0.779,0.428,-0.015,2.077,0.843,1.046,0.875,-0.725,-1.249,-1.685,0.615,-1.728,-0.097,-0.326,-0.019,-0.358,1.135,-0.262,-1.557,0.566,0.672,-1.188,2.066,0.096,-0.008,-1.807,-0.461,0.103,-0.194,-0.76,Front Crawl,1466,1033,0.415
1.381,-0.591,0.468,1.469,-3.214,0.186,-1.211,-0.525,1.95,-0.79,-0.252,-0.424,0.624,1.186,-0.811,0.927,1.123,0.516,-0.823,1.003,-0.783,0.218,-0.428,-0.06,0.404,0.89,0.544,0.666,-4.109,-0.37,0.527,0.649,-1.4,1.685,0.655,0.718,0.519,-0.929,-1.402,-0.538,-1.101,-0.92,-0.716,0.242,-0.464,0.752,-0.918,-0.069,1.53,-0.13,-1.778,-1.834,-0.846,2.592,-0.29,0.411,0.081,-2.239,0.894,1.192,Front Crawl,614,956,0.789
-0.925,-0.622,0.379,-0.669,0.36,0.503,-0.5,-1.523,1.167,-0.354,0.345,-1.56,-0.13,-2.129,-0.384,-0.278,-0.857,-0.442,-0.193,-0.068,-0.098,-2.695,0.349,0.857,-0.47,-0.468,0.185,-0.291,-0.67,1.18,-0.312,-0.607,-0.437,-0.588,1.178,-1.396,-0.436,-0.618,0.221,2.235,0.086,1.091,-0.539,0.358,0.59,0.78,0.36,0.052,0.766,-0.308,-1.827,1.923,0.569,1.596,-0.825,-0.082,0.664,0.568,-0.11,1.954,Breaststroke,228,728,0.603
0.592,1.086,0.013,-0.696,2.522,1.17,-0.633,1.44,0.272,0.58,0.691,-0.207,1.416,1.03,-0.194,0.433,0.31,0.976,-0.919,1.307,-1.434,0.36,2.407,0.277,1.226,0.039,0.145,-0.355,-2.002,-0.382,-0.955,-1.325,-0.421,0.24,0.676,0.814,-0.182,0.528,0.957,0.251,-0.153,-0.846,-1.02,-0.817,-1.087,0.71,1.04,1.495,-1.778,0.139,-0.236,0.231,0.232,-0.51,-1.478,0.807,0.981,0.059,0.791,-0.024,Front Crawl,1287,917,0.46
-0.7,1.284,1.864,1.2,-1.1,-0.932,-1.071,-0.603,-0.721,1.509,0.357,0.875,-0.394,-0.837,-0.744,1.37,0.382,-0.336,-0.285,-0.769,-0.537,-0.041,-1.162,-0.876,1.472,-0.596,-2.253,-0.053,1.077,2.174,1.481,-0.711,1.43,0.062,-1.322,0.338,-0.003,-0.11,-2.351,-0.182,0.444,-1.959,-0.369,-0.721,0.402,-0.605,-1.32,0.536,0.429,1.384,-1.034,1.579,-1.117,0.98,1.244,-0.079,-0.812,-1.315,-0.598,-1.342,Butterfly,1093,161,0.707
0.698,-0.585,-1.842,-0.207,0.156,1.08,-0.072,-0.53,0.094,0.037,1.743,0.222,0.008,-0.008,0.241,1.082,0.09,-1.67,0.105,-0.993,0.915,0.627,0.297,1.232,1.356,-0.302,1.25,0.806,-0.658,1.347,0.06,-2.56,-0.228,0.162,1.33,-1.704,0.708,-0.635,1.074,-0.676,-0.999,1.009,-0.589,1.518,1.218,1.866,-1.334,0.222,-1.672,-1.166,-0.495,-0.249,0.309,-0.144,0.523,-1.526,1.985,-0.738,-0.942,0.989,Breaststroke,1191,448,0.601
-0.79,0.119,-0.859,0.541,-0.741,1.095,-1.71,-0.481,-0.494,-0.798,0.522,-0.869,0.303,0.003,0.071,1.404,-1.928,0.911,-0.265,-0.596,-2.077,-1.03,0.611,-0.929,1.062,1.982,0.257,0.77,0.817,-0.027,1.316,1.232,-0.002,0.187,0.416,-0.416,-0.829,-0.273,-0.76,-0.476,1.084,3.165,0.682,-0.259,-0.378,2.971,0.071,0.776,2.026,-0.353,0.769,-0.509,-0.575,0.195,-0.775,0.234,-0.48,0.557,0.681,-0.249,Freestyle,1375,626,0.617
0.101,0.189,-0.274,2.072,1.582,0.81,1.681,-1.078,0.931,0.977,-0.023,-0.67,1.472,1.731,0.809,-0.867,-0.842,-1.238,-0.59,-0.318,-0.427,-0.586,-0.378,-0.902,-0.202,1.328,-1.245,0.697,-0.351,1.646,1.402,0.354,1.285,0.875,0.623,1.787,-0.227,1.49,1.016,1.003,-0.938,2.539,0.172,-0.889,-1.055,-0.674,1.525,-0.962,-0.496,-0.353,-0.056,-0.301,0.827,-0.186,-1.162,0.444,-0.736,-0.245,-0.688,1.311,Backstroke,158,1016,0.655
0.696,1.44,-0.602,0.516,0.652,-0.175,-0.229,0.289,-1.346,0.12,-0.055,0.169,-1.094,1.074,0.591,0.837,-0.488,-0.242,0.06,-2.086,0.471,1.081,-0.616,0.896,0.763,0.183,-0.64,-0.03,-0.316,-0.846,-1.22,0.252,-2.17,-0.561,2.117,-0.729,0.149,1.209,-1.69,-1.141,0.783,1.468,-2.031,1.123,-1.567,-0.809,-0.634,-2.69,-0.813,0.897,-0.175,-1.302,-0.262,0.516,-0.204,0.641,0.528,1.568,1.891,-1.68,Backstroke,1183,544,0.49
-1.252,-0.621,0.056,-1.398,0.237,-0.569,-0.028,1.364,0.17,-0.252,-0.455,-0.09,-0.351,0.261,0.031,-0.397,2.376,1.017,-0.363,0.036,-0.327,0.763,0.176,1.105,0.523,-0.013,0.911,-0.482,-0.642,-0.979,1.83,0.065,-1.597,0.339,0.502,1.709,-0.118,-1.526,0.186,0.422,0.851,1.024,0.918,-0.142,0.191,0.981,0.297,1.866,0.165,-0.028,-0.998,1.238,-0.673,-1.465,-0.859,-1.234,-0.339,0.156,-0.059,-1.526,Backstroke,562,821,0.591
-0.077,0.424,1.266,-0.71,1.133,0.773,-0.837,-0.965,0.529,-1.045,-1.203,-1.146,-0.268,-1.94,-1.224,1.167,0.466,-0.228,-2.17,1.285,-0.261,0.603,-0.003,-1.433,-0.403,-0.476,-0.426,1.71,-1.013,-1.782,0.999,-0.039,-0.973,1.587,0.716,2.153,-0.216,0.971,-0.107,-1.469,0.828,0.54,-0.432,-0.249,0.392,-0.127,0.521,-1.448,-1.593,-0.186,-0.769,-0.268,-0.084,-0.343,-0.68,0.419,0.576,-0.991,0.478,0.442,Freestyle,1912,1058,0.546
-0.139,-0.917,1.725,-0.108,0.751,0.679,-0.097,0.658,0.994,1.645,3.067,-0.312,-0.01,0.838,1.296,1.179,-0.987,-1.391,-1.169,0.046,1.224,0.018,-1.639,-1.726,1.426,0.149,-0.985,1.091,-0.791,1.138,-0.659,0.086,-0.121,2.312,1.483,-1.108,-0.222,2.444,-1.295,1.111,-0.389,-0.632,0.28,0.707,1.003,-0.872,-1.249,-0.573,0.918,-0.862,-0.206,-0.774,-0.258,0.131,-0.395,0.065,-1.527,-0.166,-0.724,1.051,Freestyle,1189,196,0.386
0.823,0.171,0.203,-0.86,-0.337,-0.213,0.455,0.137,1.088,-0.338,1.141,-0.593,1.948,0.163,1.181,1.041,0.127,-0.127,-0.21,1.692,0.309,0.748,1.124,0.837,-0.341,0.344,0.662,1.261,-0.668,0.724,0.499,1.22,0.771,0.452,0.815,0.245,-1.252,0.32,1.447,-1.578,0.316,1.029,2.179,-0.044,-1.303,0.778,1.377,0.36,0.659,0.066,-0.376,0.623,1.362,0.812,0.472,-1.162,0.724,1.288,-0.167,-0.552,Freestyle,1241,374,0.263
-1.32,-0.184,0.444,0.779,-0.472,1.986,-1.319,-2.103,0.391,0.874,-0.784,-0.522,0.749,-1.141,0.011,0.342,0.16,1.094,-1.225,-1.018,0.537,0.169,-1.625,0.801,-0.218,-1.332,-0.893,-0.747,-0.301,0.645,1.658,-0.75,1.023,-0.018,1.177,1.668,-0.181,0.304,-0.438,-2.716,0.352,0.795,-0.435,0.028,0.922,0.456,-1.016,1.188,-1.114,-1.001,1.115,-0.994,0.363,0.299,0.239,-0.44,-0.8,0.626,0.597,-1.265,Front Crawl,854,367,0.235
0.599,0.127,0.624,-0.721,-0.299,1.142,-0.635,0.152,-1.597,0.884,-1.532,0.204,-0.53,-0.623,-1.504,1.131,1.013,0.668,-0.466,-1.377,-1.479,0.749,1.242,1.256,0.844,-0.618,-1.827,0.807,-0.016,-1.234,0.516,-0.475,0.907,0.691,-0.898,1.688,0.202,-1.542,-1.523,-1.062,1.716,0.286,0.022,-0.28,0.13,2.007,-0.978,-1.084,-0.982,0.215,-0.056,-0.838,1.741,-0.635,-0.321,0.018,0.452,0.57,-2.096,-0.223,Freestyle,1518,571,0.328
-0.418,0.028,1.934,-1.88,0.387,1.299,-1.121,0.166,-0.512,0.576,-0.897,-0.519,0.049,-1.872,0.062,-0.585,1.011,-1.092,0.909,0.366,1.207,-0.623,1.244,-1.023,0.029,-0.912,0.854,-0.674,-1.556,-0.403,1.188,-1.45,1.139,-0.412,-0.755,-0.778,2.061,-0.78,0.969,1.518,0.369,-0.387,0.314,0.233,1.063,-0.58,-1.354,-0.658,0.642,-0.872,0.304,-0.326,0.737,-1.266,-1.253,2.781,0.088,0.262,-0.318,0.878,Backstroke,1131,1029,0.229
0.188,-0.904,-2.588,2.049,0.923,0.413,-0.939,0.599,-1.742,-1.289,1.306,-1.996,-0.67,-0.073,0.731,-1.665,1.236,0.322,-0.798,0.167,-0.775,0.017,0.812,-3.015,-1.07,-1.162,-0.292,-0.636,-0.676,1.915,-1.052,-0.722,-0.633,-0.933,-0.039,0.061,-0.346,-1.669,-0.477,0.59,-1.318,-0.355,-0.498,-0.538,0.735,0.677,1.784,-1.64,-1.201,0.121,-1.576,-0.089,-0.608,-0.555,0.18,-0.453,-0.209,0.121,-1.572,-0.158,Backstroke,742,594,0.583
-0.926,-0.401,0.778,-1.313,1.161,-0.066,-1.32,-0.155,1.612,1.356,-0.814,-0.555,1.179,-1.87,-0.021,0.861,-0.512,-1.335,-0.665,1.11,0.589,-0.811,-1.169,-1.237,-0.355,1.754,-0.16,-1.867,1.139,-0.524,-0.476,1.111,-0.821,0.617,1.84,1.748,-0.976,-1.828,1.242,0.652,1.031,0.064,-0.423,-1.11,-1.543,-0.747,-0.159,0.609,-1.445,1.099,2.473,-0.327,-2.249,-1.678,-0.036,1.601,0.985,-0.748,0.489,0.499,Freestyle,1889,377,0.529
0.308,1.761,0.242,1.668,0.652,-0.996,-0.569,2.225,2.64,-0.096,-1.002,0.653,0.783,1.752,2.72,0.428,-2.539,0.565,0.322,-0.892,-0.945,-0.242,1.7,0.27,1.449,0.223,-1.538,0.068,-0.136,-0.342,-0.11,-0.95,0.436,0.139,0.014,1.531,-1.308,-0.284,0.371,-1.768,-1.585,0.26,1.583,-1.5,0.699,-0.088,-0.378,2.266,1.05,0.27,0.96,-0.135,1.568,1.247,0.272,0.089,0.431,-1.186,-0.14,0.982,Butterfly,1728,484,0.428
0.207,-1.667,-1.329,-0.612,0.948,-0.261,1.366,0.382,-0.343,1.199,-2.316,-1.343,-0.024,-0.343,0.054,0.209,-0.099,0.563,-0.269,1.8,-0.603,-0.948,0.371,0.2,0.064,0.078,1.222,-0.871,0.292,1.732,-1.492,-1.115,0.065,-0.233,-0.517,-0.55,-0.82,0.261,0.089,-1.799,0.269,1.445,0.032,0.829,-1.536,1.293,0.917,-1.059,0.348,-0.057,0.738,-0.13,0.245,-0.254,-0.564,0.007,0.972,0.428,-0.424,0.333,Front Crawl,1798,890,0.869
-0.868,-0.286,0.087,0.214,-1.335,0.266,1.103,-0.246,-0.342,0.219,-0.422,1.388,-0.249,-0.372,-1.094,-0.514,0.634,1.104,0.5,0.514,-1.114,-0.95,-2.299,-0.793,0.306,-1.378,-0.577,-0.883,0.479,-0.643,0.944,0.57,0.103,-1.867,-1.956,-0.252,0.042,-0.085,0.684,0.378,-0.853,-0.686,-1.172,-0.902,1.038,0.775,-0.562,-0.909,1.379,-0.191,1.664,-1.048,1.248,1.583,-0.777,0.453,-0.042,1.239,-1.379,1.107,Butterfly,160,382,0.395
-0.425,0.041,-1.236,-0.387,-0.048,0.04,-0.725,-0.033,-0.018,-2.437,0.926,-1.974,1.434,1.269,-1.673,-0.581,-0.371,-0.33,-0.691,-0.36,-0.453,-0.11,-0.71,1.295,2.305,1.778,-1.156,0.922,-0.002,1.384,1.009,0.81,0.641,-0.85,-1.885,-0.782,1.329,0.378,-0.096,0.561,-0.359,-0.352,-0.604,1.63,-0.449,0.703,-0.759,1.054,-1.393,0.022,-0.034,0.917,0.722,1.295,0.743,-0.157,-1.251,-0.801,0.279,0.216,Breaststroke,586,896,0.795
-0.548,0.07,0.909,-1.171,0.638,1.138,0.015,0.154,-0.909,-1.293,1.473,0.084,-0.801,-1.244,-0.963,0.4,-0.107,-0.689,-0.156,-0.68,0.426,-2.169,-0.477,0.238,1.793,-0.38,1.573,0.422,0.392,-1.427,1.018,0.394,-0.877,0.539,-0.547,-1.9,-0.162,-0.96,0.671,-0.299,1.044,0.861,0.823,0.181,1.078,0.971,-0.813,1.773,1.529,2.734,-1.443,0.325,0.089,-1.199,-0.423,-0.899,-0.29,1.176,0.381,0.245,Front Crawl,1559,541,0.282
-1.862,-1.956,1.253,-0.311,-0.398,0.184,0.887,0.176,1.08,1.308,-1.235,-1.252,-1.214,-0.143,-0.172,0.858,-0.031,0.237,-1.237,-0.264,-0.733,-1.753,-1.156,1.494,0.079,0.073,0.858,0.391,1.697,0.604,-1.704,0.422,0.833,0.22,-1.45,-1.558,-0.092,0.196,-0.806,-0.25,-1.548,1.915,-0.145,0.06,-0.513,0.847,-1.258,-1.76,-1.59,-1.143,0.917,0.26,0.675,1.733,0.815,-0.853,0.319,-1.392,-0.752,-1.109,Freestyle,884,708,0.512
0.903,0.642,1.493,-0.533,0.245,-0.737,-0.347,-1.627,0.304,0.332,-0.347,-0.889,-0.551,1.083,0.746,-0.045,-1.145,1.57,-0.645,-1.99,0.727,-0.241,-0.472,0.635,1.26,2.397,-0.053,0.33,-1.426,0.541,0.317,-0.877,-1.183,0.804,0.633,-0.181,0.999,-0.033,-1.718,0.947,0.482,0.724,-0.997,-0.556,1.417,-1.252,1.545,1.793,-0.313,0.715,-0.062,0.536,1.657,0.056,-1.365,0.634,-0.604,-0.538,0.194,-0.564,Breaststroke,1396,797,0.63
0.065,1.133,0.016,-1.041,1.764,-0.074,0.574,0.485,1.037,-0.839,-1.263,-1.415,-0.469,-0.286,-1.097,-0.455,0.757,-1.583,1.215,-0.751,-0.32,1.899,0.948,-1.238,-0.291,0.689,0.19,-1.353,-1.846,-0.666,0.697,0.578,0.533,-1.153,-0.259,-0.093,-0.998,0.233,-1.184,-0.336,-0.153,-1.44,-2.131,-2.384,1.983,1.82,-0.49,1.339,0.211,-0.066,1.106,0.842,0.133,0.802,-0.926,0.837,2.223,-1.832,-0.992,-1.038,Breaststroke,1549,105,0.158
-0.119,0.608,-0.262,-0.78,0.978,-1.272,-0.291,1.143,-0.163,1.491,0.162,-0.033,0.368,0.349,0.927,0.377,0.364,0.666,0.757,-1.076,0.139,-0.471,0.935,-1.292,-0.447,0.214,-0.063,0.15,0.321,-0.001,1.161,-0.513,0.281,0.75,-1.278,-0.79,-0.387,-0.748,0.29,1.241,1.396,0.889,0.115,-0.28,-1.087,-1.252,-0.263,-0.384,1.298,0.498,1.478,2.446,-0.486,-0.09,-0.239,0.944,-1.039,-0.472,1.389,0.183,Front Crawl,782,516,0.39
0.095,0.449,0.201,0.209,1.042,-1.146,0.12,1.032,1.109,-0.055,-0.74,0.81,1.63,-0.279,-1.847,-1.043,-1.065,1.201,-0.151,-0.338,-0.733,-0.165,-0.173,0.981,0.169,0.926,-0.281,1.79,0.414,0.186,-0.269,-0.271,1.557,0.175,-0.001,0.036,-0.86,-0.155,-0.988,-0.865,0.458,-0.489,-1.326,-0.615,-0.263,-0.25,-1.335,-1.391,-1.497,1.553,0.722,0.023,0.712,1.19,-1.223,-0.14,0.879,0.186,-2.349,-0.385,Freestyle,1358,261,0.52
-1.411,-1.985,-0.126,0.478,-1.471,-0.038,-1.164,-0.682,-0.754,0.899,-0.019,-0.958,-0.631,0.227,0.46,0.569,-0.424,-0.623,0.775,-0.774,0.625,1.755,1.087,0.094,-1.355,0.634,-0.174,-1.378,-0.815,0.133,0.621,0.991,-0.054,-0.13,-1.688,-1.984,-1.635,0.341,0.399,-1.564,0.755,-1.158,-0.862,-1.031,-1.131,-0.211,0.678,0.429,0.09,0.303,-0.656,-2.598,-0.052,0.94,0.478,0.468,-0.634,-0.208,0.414,0.935,Butterfly,1462,269,0.601
1.536,-0.577,0.845,-1.155,0.074,-0.641,1.51,-1.122,-1.059,-1.123,-0.134,0.286,0.433,0.422,1.738,0.556,-0.658,-0.261,1.41,0.904,0.805,-1.856,1.698,0.135,0.759,-0.547,0.213,0.698,0.201,-0.952,-0.325,-0.367,-0.126,1.446,-0.658,-1.081,-0.956,-0.619,1.111,0.631,0.54,-0.299,0.777,0.214,0.831,-0.436,0.835,0.016,0.648,-0.297,-2.448,-1.495,-0.211,-0.204,0.646,1.24,-0.793,-0.25,0.099,-0.034,Backstroke,587,274,0.773
-0.444,0.011,1.206,-1.199,0.965,-0.037,-0.746,-0.765,-0.73,1.663,-0.098,-0.696,2.16,-1.491,1.116,0.226,-1.488,-0.78,-0.685,0.114,0.803,1.016,-1.331,0.586,1.604,-1.895,-0.196,-0.59,-0.043,-1.538,0.612,-0.217,-2.058,-0.202,2.27,0.878,-0.416,-0.327,0.522,-0.806,1.198,0.227,0.118,-0.798,0.311,0.844,-0.002,0.048,-2.291,0.504,-0.705,-0.124,0.286,-1.317,-2.356,0.574,0.985,-1.048,-1.617,-0.037,Freestyle,125,749,0.395
-0.244,-1.899,1.41,-0.072,0.474,0.191,-0.296,0.425,-1.312,-0.313,0.677,0.188,0.587,1.419,0.004,0.595,-0.344,0.081,-0.542,0.49,1.334,0.597,-0.166,0.839,0.217,1.001,-0.853,-0.347,0.501,1.208,-1.204,-0.802,-0.055,1.943,-0.873,-0.394,-0.009,0.738,-1.489,1.194,-0.129,-1.349,-1.33,-1.551,0.208,1.07,-0.506,0.117,0.029,0.219,0.564,1.173,0.131,-0.835,0.275,-0.438,2.158,-0.791,0.224,1.146,Butterfly,1033,206,0.726
0.723,-0.561,1.96,-0.029,1.712,0.92,0.132,-0.187,-0.327,0.104,-0.736,0.084,-0.124,-1.212,-1.372,-0.614,-1.162,1.537,0.641,-0.157,1.027,2.507,-0.792,0.972,-0.623,-0.06,1.55,1.384,1.238,1.429,-1.066,-0.805,-0.319,-0.122,-2.143,-0.392,-1.679,-0.517,0.051,-0.171,-0.396,-1.473,1.35,0.457,0.485,0.476,0.002,-0.861,-0.052,-0.38,-0.727,0.097,1.117,-1.2,1.555,1.107,1.078,1.746,-2.217,-1.844,Freestyle,348,724,0.718
-0.03,0.382,0.143,1.178,-1.301,-0.837,-0.01,1.387,1.202,-0.315,1.449,-1.448,-0.08,-1.601,-0.52,0.672,-0.853,1.201,-0.64,-0.422,1.874,-0.238,0.091,-0.737,-1.595,-0.142,0.664,0.122,0.41,-2.214,-0.366,0.034,-0.447,0.533,0.671,0.78,0.829,-0.256,2.724,2.09,-1.353,-0.287,0.173,0.865,0.353,0.817,0.224,-1.599,0.057,0.124,0.614,0.031,0.508,-1.894,-1.942,-0.02,0.042,-0.279,0.017,0.766,Front Crawl,1490,303,0.632
-0.919,1.931,-0.791,0.278,-0.207,-1.554,0.159,0.259,-0.228,-0.5,-0.571,0.802,0.161,-0.87,1.112,0.209,0.511,-1.988,0.011,-1.068,-0.016,0.595,1.104,0.58,-0.183,0.368,0.243,1.413,1.562,-1.813,-0.333,-1.126,1.587,-0.431,-0.558,-0.907,1.991,0.243,0.496,-1.648,0.977,-0.338,0.201,-0.072,-0.71,1.228,0.678,0.401,1.189,-0.372,-0.895,-0.435,-0.942,0.142,0.781,0.282,-0.019,2.565,-1.336,-2.102,Backstroke,1172,329,0.332
0.307,1.152,0.434,0.688,1.164,-0.289,-1.116,-0.069,-0.595,-1.214,0.733,0.461,0.504,1.238,-0.909,0.408,-0.085,0.5,-0.17,-0.569,1.778,-0.309,-0.171,0.154,-1.628,1.133,0.123,-1.331,-0.078,-0.252,0.205,-0.425,0.827,-1.799,1.102,1.507,-0.105,2.614,1.06,0.811,-0.065,1.905,-2.003,0.562,1.212,-0.905,-0.488,-0.125,-1.862,-0.426,-1.804,0.048,-0.407,-1.015,-0.603,2.718,-1.938,0.755,-1.223,-0.234,Front Crawl,168,309,0.481
1.097,-0.83,0.984,-0.541,1.362,-0.524,0.481,0.216,-1.108,-0.468,-0.787,0.39,-1.201,-1.584,-0.519,-0.277,-0.844,-0.089,-0.602,-0.471,1.233,0.138,-0.649,1.261,2.067,0.465,1.53,0.182,0.333,-0.073,0.227,-0.732,0.018,-0.411,2.34,-0.703,-0.259,-1.603,1.955,-1.183,1.015,-1.302,0.653,0.526,-0.744,-0.522,-0.13,0.043,0.405,-0.397,1.506,-1.025,-1.741,-0.577,-2.339,-0.781,0.397,-1.075,0.171,2.467,Front Crawl,258,860,0.566
1.609,-0.502,1.292,2.413,-0.499,1.646,1.937,0.13,-1.015,0.521,-0.324,-0.209,0.342,0.853,-0.258,-0.39,1.598,0.54,0.402,-0.524,-2.517,-1.74,-1.571,0.002,0.627,0.579,-2.019,-1.818,0.93,0.941,0.258,1.363,-1.226,1.245,0.12,-0.624,-0.476,0.846,0.21,-0.319,0.118,-0.728,-0.924,-0.649,-0.579,2.335,0.442,0.199,0.198,0.8,2.028,1.223,1.928,0.922,0.37,1.684,-1.575,-0.61,0.51,-0.01,Front Crawl,768,553,0.595
-0.326,-1.065,-1.337,-1.388,-0.306,-0.817,0.592,0.051,-1.662,-0.704,-0.765,0.784,-1.807,-0.792,1.09,-1.635,0.444,-0.736,-0.174,-0.806,1.136,-1.049,-0.158,-0.367,-1.002,0.334,0.756,-0.192,1.465,-0.459,0.292,-2.081,0.47,1.011,-0.363,0.919,-0.053,0.811,1.979,-0.158,0.896,-1.14,1.109,0.131,-1.327,0.695,0.688,-1.415,0.358,-2.0,1.767,-0.112,0.057,0.368,0.2,-0.26,-2.049,-0.155,-0.931,0.071,Butterfly,1915,209,0.54
0.118,-0.336,-0.861,-0.881,-0.592,1.081,2.169,-0.189,1.119,-0.474,0.948,-0.957,-0.287,1.131,0.279,0.594,-1.237,-0.55,-1.345,2.028,-0.33,-0.288,1.041,0.122,-0.195,0.608,0.151,-0.048,1.924,0.223,-0.347,0.747,0.843,-0.536,0.122,-1.691,-1.142,0.456,0.033,-0.058,-0.82,0.147,-0.849,-0.254,0.041,0.348,-1.657,0.127,-0.127,0.652,-0.366,0.369,0.485,-0.466,-0.075,1.033,2.812,0.211,-1.074,-0.664,Butterfly,1880,691,0.608
-0.046,-0.836,-1.886,-0.28,0.333,1.146,-0.365,-1.358,-0.019,0.953,1.364,0.769,2.012,-0.227,0.194,0.07,-0.303,-0.784,-0.737,1.136,-0.016,2.384,0.051,-0.563,0.924,-0.547,0.165,0.917,1.12,-1.096,0.222,0.863,0.948,1.96,-0.192,0.081,1.315,-0.096,-1.058,0.67,0.621,0.17,0.879,-0.199,0.334,-0.288,-1.724,-1.965,-0.203,-0.581,1.105,0.425,1.708,-0.261,0.263,-0.021,-1.609,-0.893,-0.654,0.727,Breaststroke,126,137,0.622
0.114,0.019,-1.402,-2.088,0.239,1.605,-0.179,1.557,-0.498,0.079,-0.126,1.343,0.031,1.614,-0.689,0.204,0.33,1.281,1.204,0.769,-0.554,1.227,-0.191,-0.007,-0.057,-0.841,-0.101,0.186,0.862,-1.044,-0.316,0.508,-0.489,-0.284,1.447,-1.011,0.543,0.689,-1.171,-0.871,-1.126,0.572,-1.782,-1.198,1.294,-1.321,1.037,-1.613,-1.02,0.238,0.733,-1.067,-1.171,-0.093,-2.057,0.739,0.532,0.839,-0.998,-1.513,Front Crawl,423,1003,0.486
-0.243,-0.056,1.725,-0.01,0.971,0.797,0.701,-1.903,-0.432,0.993,0.384,-0.541,0.143,-2.126,1.728,0.341,-0.93,-1.36,1.022,0.673,1.039,2.803,0.309,-0.216,0.899,-0.235,1.674,0.222,-0.006,-0.35,0.374,-0.226,0.043,0.108,0.633,-0.629,-0.993,1.351,0.238,0.412,-0.424,-0.077,-1.983,0.499,1.129,-0.082,-0.664,0.617,-0.377,0.154,-1.281,0.93,0.253,-0.073,0.247,1.24,-0.655,-1.746,-0.617,-0.095,Backstroke,887,460,0.308
-0.096,1.059,-0.811,-0.712,1.882,0.242,0.007,0.024,0.196,-0.227,-0.83,-0.263,1.395,0.297,-0.923,2.282,-0.633,-1.882,-0.828,0.774,0.685,0.203,0.814,1.22,-1.476,-0.551,0.983,-0.122,-1.553,-0.682,1.116,2.902,-0.749,-0.596,-1.493,1.652,-1.646,-1.763,-0.495,2.965,0.209,-1.968,0.971,1.283,0.22,-0.129,-0.575,-1.826,-0.289,-0.633,-1.431,-0.253,0.921,-0.599,-0.376,0.381,1.869,2.025,0.374,-0.306,Backstroke,365,368,0.584
0.408,0.175,-0.854,0.788,2.053,-0.862,0.459,-0.353,-0.17,0.624,1.284,-0.857,0.623,-0.232,-0.709,0.114,-0.423,0.427,0.25,-0.625,-0.172,-1.047,0.898,0.918,0.659,1.466,0.082,0.411,-1.824,0.164,-0.615,0.835,2.555,-2.047,0.315,0.086,-0.821,-0.181,-0.394,-0.187,2.726,-0.313,-1.346,0.878,0.887,1.898,0.148,-0.273,-0.978,-0.5,0.926,0.909,-0.317,-1.417,0.023,-0.156,-0.521,0.475,-0.055,-0.939,Freestyle,196,334,0.4
1.026,-0.943,0.795,0.031,1.93,0.423,1.238,0.327,-1.652,0.069,0.842,0.058,0.237,0.338,0.503,0.104,-0.321,0.963,-0.175,-0.386,-0.529,0.165,0.59,1.151,1.496,-0.092,-1.292,0.414,-0.551,0.936,0.359,-1.344,0.597,-0.891,0.006,1.571,0.087,-1.213,-2.388,0.353,2.033,-0.819,-0.006,-0.707,0.204,-1.327,-0.539,-0.804,1.429,-0.023,-1.222,0.252,1.034,0.68,-0.442,-0.638,-1.349,1.466,0.762,-0.925,Backstroke,1664,120,0.434
0.346,-0.955,1.512,-0.807,-0.613,1.385,0.095,-0.076,-1.278,-0.721,0.442,0.96,1.001,-0.665,-1.81,0.54,-0.707,-0.651,-0.183,-0.639,-0.865,2.071,-2.623,-0.382,0.126,1.411,-0.449,-0.609,-0.119,-1.072,-2.506,-0.353,-0.313,-0.201,-1.394,1.239,1.231,-0.339,-2.102,-0.708,-0.092,0.456,-0.24,0.303,-2.794,0.834,-0.527,-0.399,-1.263,-0.568,-0.362,-1.177,-1.056,0.165,0.84,-0.596,-1.489,-0.067,0.242,0.038,Freestyle,1456,755,0.765
-0.351,-0.743,-0.345,-1.213,-0.932,-0.538,0.643,-0.675,-0.02,1.559,1.894,-0.832,-0.286,1.247,0.378,1.584,-0.749,0.036,1.148,0.56,1.037,-0.918,-0.343,-1.036,1.121,-0.403,0.981,0.046,1.928,2.32,-0.524,-0.435,-0.191,0.096,-0.821,0.82,-0.219,0.154,0.418,-0.469,1.293,0.005,-0.136,-2.945,-1.175,-0.265,-1.537,0.292,-2.38,1.037,0.706,0.145,0.407,-2.136,2.083,-0.459,0.446,1.165,0.194,0.177,Front Crawl,1824,403,0.609
-0.192,0.092,-0.692,1.354,0.215,1.133,0.275,-0.504,0.678,-1.028,0.844,0.645,1.066,0.473,-0.514,0.192,-0.869,-1.056,-0.829,0.985,2.982,0.144,0.689,-0.045,-0.241,1.037,0.925,-0.165,0.274,-0.19,-0.914,-0.412,0.842,-0.387,1.834,-0.095,0.558,1.161,0.588,0.637,1.199,1.41,0.601,0.106,-0.717,-1.374,0.556,0.285,0.308,0.167,-1.188,-0.271,-0.888,-0.164,0.184,-2.133,-0.012,0.374,-0.019,-0.576,Backstroke,590,281,0.534
-0.375,0.412,0.946,-1.438,-0.125,0.933,0.1,-0.505,-0.236,0.189,0.473,1.329,-0.433,-0.795,-1.113,0.016,1.059,0.033,0.067,-0.22,-0.816,-0.173,0.598,-0.07,-0.867,0.542,1.73,-0.212,0.03,1.091,-0.067,-0.975,-0.362,1.209,-0.768,-1.535,-0.875,0.065,-0.275,1.05,1.549,-0.341,-0.278,1.54,-0.176,-0.909,0.94,1.65,-1.129,0.324,-0.12,0.418,0.364,-0.847,-0.317,-0.199,1.513,-0.337,0.725,-1.31,Freestyle,1297,947,0.461
-0.884,0.8,0.639,0.124,-1.134,-0.221,1.26,-0.786,0.503,-0.423,0.806,-0.54,-0.834,1.476,2.704,1.462,-0.432,0.7,0.379,0.096,-0.365,0.413,0.635,0.131,-0.126,-1.406,-1.268,0.431,0.732,-0.117,-0.602,-0.729,-0.661,-0.059,2.106,0.404,-0.904,0.444,1.24,1.552,1.035,-1.492,-0.082,-0.768,1.295,-0.33,0.206,-1.518,-1.406,-0.89,-1.419,1.934,1.064,1.29,-0.543,0.304,0.441,-1.063,-0.946,-0.004,Front Crawl,415,364,0.694
-1.432,-0.077,-0.998,-0.324,0.639,-0.067,2.041,-0.458,0.736,-0.177,-0.393,-1.129,-0.359,-0.156,0.544,-1.651,1.322,0.202,1.788,1.119,-1.06,1.601,0.029,-0.19,-0.253,1.572,-0.218,0.306,-0.035,0.214,0.885,0.332,0.446,-1.533,0.376,-1.101,-0.684,1.121,1.167,0.088,1.13,-2.164,-0.7,0.443,-0.666,1.283,-1.069,-0.425,-1.264,-1.537,0.655,1.65,0.223,-0.933,1.06,-0.753,0.229,0.726,0.734,0.441,Front Crawl,987,921,0.664
1.001,0.298,0.028,-1.798,1.631,0.945,0.878,2.495,-1.61,-0.621,1.078,0.171,1.759,0.073,-0.992,0.697,0.65,1.744,0.209,-0.177,-0.553,-0.35,1.11,1.485,-0.025,0.635,0.994,-1.394,-1.46,1.063,-1.35,-0.285,-0.507,-0.876,-0.65,0.651,0.201,0.552,0.208,0.008,-0.899,0.818,-2.03,-0.306,0.123,-1.686,-0.892,0.538,-0.196,1.522,-0.6,1.865,-0.564,-1.821,-0.004,1.054,0.902,0.321,-0.691,0.129,Front Crawl,1759,339,0.532
0.727,0.175,0.142,-0.035,-0.356,0.393,-0.256,-1.397,-0.283,-0.454,0.665,-1.424,-0.867,-0.053,-0.852,-1.258,-0.624,0.579,1.146,-0.369,-1.225,1.057,1.1,-0.824,1.013,0.517,0.619,1.639,1.692,-1.651,0.399,-0.657,0.082,0.836,-0.438,0.324,0.34,-1.362,-0.989,-0.811,1.888,-1.099,-0.071,0.889,1.031,-0.718,-0.287,1.139,0.289,-1.595,-1.551,0.282,-1.042,1.041,-0.993,0.934,-1.66,0.218,0.49,-0.656,Front Crawl,1657,272,0.028
0.057,-0.034,-1.674,-0.761,-0.181,-0.076,0.592,1.386,2.091,0.268,1.531,-0.614,0.171,-0.615,-0.525,-0.729,-0.844,-0.444,-1.162,-0.261,0.45,-1.415,-1.527,-0.695,0.058,1.053,-1.149,0.074,-0.738,0.674,0.702,0.232,-0.59,2.113,-0.088,-1.249,-1.69,2.16,-0.317,-0.695,0.261,1.108,-0.109,0.754,0.354,0.337,-1.065,-0.544,-0.604,-0.131,-1.566,-0.13,0.72,-1.106,-1.301,-0.422,0.387,0.026,-1.311,-1.262,Front Crawl,1629,982,0.227
-2.782,0.508,2.282,-0.505,-0.662,0.565,1.382,0.146,0.285,-0.291,1.19,-0.358,1.134,0.759,-0.688,-1.126,1.519,-0.623,0.417,0.463,-2.93,-0.837,-1.755,-0.907,-1.314,-0.468,1.38,0.721,1.176,-0.947,0.782,0.251,2.081,0.405,0.968,0.404,0.316,0.555,-0.657,-0.507,-1.218,0.948,-0.931,0.24,-0.417,1.069,1.368,0.192,-0.189,-0.598,0.039,0.379,-0.836,-0.519,-1.259,1.09,0.536,0.702,1.018,0.045,Freestyle,1542,550,0.089
-1.642,-0.271,-0.74,0.077,-1.64,0.199,-0.374,-2.912,1.03,1.111,-0.778,-0.112,0.356,-0.427,-1.079,-0.738,1.579,-1.954,0.525,0.829,-1.32,-1.587,0.067,-0.474,-1.189,-0.097,2.251,1.261,-1.053,1.782,0.484,2.797,0.007,-0.839,-0.469,-0.715,-0.003,-0.77,2.511,0.031,0.369,-0.877,-1.189,0.119,-0.014,1.014,0.469,-0.713,-1.027,-0.852,3.399,2.403,0.432,0.523,-0.557,0.595,-0.264,0.16,-0.285,-0.598,Backstroke,1423,467,0.573
0.159,1.459,0.324,-1.11,-1.481,0.867,-0.474,-0.312,0.982,1.927,-0.329,0.057,-0.381,-0.232,-0.262,-0.323,1.014,0.187,-1.761,-2.278,-0.009,-0.31,0.669,-0.39,0.605,-0.361,-0.647,-0.847,1.004,1.663,0.262,0.364,2.301,-0.071,-0.933,-0.567,0.384,-1.037,0.136,1.315,-0.108,0.301,-0.649,-0.891,0.658,1.54,-1.667,-0.478,0.538,-0.094,0.126,0.108,-2.25,2.489,0.393,1.834,0.646,2.011,0.86,0.473,Breaststroke,1311,420,0.581
0.259,0.136,0.624,0.224,0.604,-0.267,1.219,0.59,-1.377,-0.184,-1.213,-0.526,-0.188,-0.393,-1.526,-0.027,1.625,-0.089,0.246,0.675,-1.093,0.947,0.019,0.613,1.141,-1.865,1.878,0.026,-1.114,0.152,-0.466,1.166,-2.55,-0.823,-0.618,-0.782,-0.147,-0.921,0.33,-1.397,0.958,2.378,0.832,-0.111,1.2,0.803,0.744,0.031,0.578,1.289,-0.76,-0.406,1.161,-0.955,1.017,-0.472,-1.208,1.552,-1.357,0.677,Freestyle,555,148,0.56
0.325,1.785,0.091,-0.057,-1.074,0.446,1.454,-0.706,-0.57,-0.504,1.243,0.255,0.245,0.388,-0.564,1.803,-1.052,-0.46,-0.253,0.378,-0.112,0.315,-0.431,-1.526,0.864,-2.504,-0.774,-0.206,-1.121,0.858,-0.233,-0.16,-1.868,-2.075,0.243,-0.688,-0.321,0.001,0.342,1.211,1.047,-1.589,0.161,-0.356,-0.775,-0.271,1.616,-1.641,1.259,-0.066,-0.656,-0.146,-0.079,-0.078,0.091,0.581,-0.004,1.629,-0.155,0.868,Front Crawl,1219,195,0.784
0.516,0.046,0.409,0.374,-0.307,1.015,0.574,-1.182,-0.828,-1.753,2.796,-0.221,0.618,1.813,-0.861,-0.479,0.883,0.188,-0.636,0.622,0.686,-1.764,-1.607,-0.496,0.027,0.067,-0.357,-1.463,0.345,-0.521,0.141,1.648,-0.408,0.399,-0.778,0.721,-1.189,-0.46,-0.494,2.478,-0.417,-1.385,1.829,0.009,-0.4,-0.409,-0.3,-0.554,-0.343,0.96,0.041,-0.239,0.186,0.361,-0.397,0.27,-0.556,-0.886,0.149,1.395,Breaststroke,120,760,0.921
0.579,0.806,-0.639,1.598,1.372,-0.762,-0.114,0.643,0.97,-1.16,0.244,0.907,-0.527,-0.551,-0.953,-0.543,1.273,0.718,-0.09,-0.304,-0.461,-0.621,-1.566,-0.433,0.47,0.34,0.033,-0.448,1.551,0.55,-0.544,-0.85,-1.224,0.302,1.513,-1.445,-0.612,1.023,-0.615,2.113,0.21,0.38,0.153,-1.43,1.057,-1.08,0.577,-0.169,-0.882,0.479,0.466,1.114,-1.463,-0.649,0.415,0.048,1.843,-0.689,-0.319,0.453,Breaststroke,344,282,0.157
0.341,-0.859,-0.14,-1.31,0.53,-0.845,-0.654,1.112,-0.282,-1.102,-1.232,-0.457,-1.095,-0.63,1.489,-0.07,2.398,0.297,1.076,1.141,0.22,0.465,-2.19,-0.61,1.365,-0.117,0.13,0.059,-0.982,1.094,-0.54,1.712,0.417,1.166,0.032,-0.011,-3.167,0.553,0.206,0.332,-0.493,1.688,-1.386,0.113,1.947,0.897,-0.775,0.958,0.855,-1.08,-0.233,0.398,-1.602,-0.741,-0.492,0.141,0.315,-1.434,-0.308,1.175,Butterfly,323,408,0.25
-0.782,1.021,1.138,-0.667,-0.351,-0.929,0.223,-0.208,-1.258,-1.473,0.329,-1.098,-1.567,-1.856,-1.469,-1.092,0.56,-1.229,-1.487,-0.039,0.909,0.6,-2.417,0.473,0.466,-1.367,0.312,1.78,0.502,-0.575,-1.323,-1.718,0.258,-0.174,-0.946,-1.071,0.649,1.552,-0.096,0.273,0.989,0.261,-0.444,0.768,1.414,0.255,-0.849,-1.579,0.075,-0.652,-0.786,0.961,0.064,-1.651,0.345,-1.11,-2.068,-1.233,1.879,0.201,Freestyle,1800,272,0.46
0.589,-0.926,0.087,0.282,-2.08,-0.651,1.899,-0.863,-0.339,0.245,1.3,-1.297,1.587,-2.114,-1.784,0.926,-0.717,0.574,-1.736,-0.665,0.292,0.269,-1.325,-0.087,0.74,-0.011,-0.993,-0.692,0.85,-1.201,0.777,0.836,0.527,-0.373,0.727,2.69,0.94,-0.288,-0.208,1.024,0.572,0.8,1.29,1.224,-0.192,0.516,-0.462,-0.103,0.934,-1.402,1.677,0.588,0.021,1.603,-1.096,-1.323,-0.9,0.057,-0.04,1.011,Freestyle,833,826,0.384
0.133,-3.431,0.128,-1.077,1.432,-0.325,-0.826,-0.092,0.487,0.838,0.152,0.028,0.087,1.654,0.18,-1.109,1.226,1.475,1.1,-0.262,-0.239,-0.493,-0.137,0.244,0.069,-0.038,0.186,0.75,0.814,-0.781,0.282,0.649,-0.992,-0.014,-1.71,2.645,-1.017,-0.774,0.185,0.771,1.549,0.993,0.513,-0.148,-0.252,-1.609,-0.697,-0.806,2.051,0.292,1.133,-0.71,-0.714,0.99,-0.166,-0.188,-0.42,0.145,-1.615,0.19,Breaststroke,1813,587,0.726
1.535,-0.989,-0.574,-1.018,1.774,-1.469,0.173,0.861,0.091,1.085,-1.456,1.596,0.375,-0.548,1.446,-0.311,-0.352,-0.047,-1.21,0.642,-0.251,-0.62,-0.058,-0.378,0.076,0.624,-1.111,-1.009,0.681,0.544,0.097,-2.646,0.798,0.839,-0.224,1.725,0.014,0.849,-1.043,-0.044,0.193,0.875,0.639,-0.204,0.884,-1.16,-0.728,-0.955,0.064,0.249,0.897,-1.507,-0.122,-0.743,1.768,-2.179,2.716,0.56,0.939,0.63,Front Crawl,325,396,0.368
-0.961,-0.833,-0.174,-1.076,-0.972,-0.718,1.726,-0.861,-0.572,-1.293,0.366,2.249,-0.189,-0.842,0.965,-0.416,-0.325,1.041,-0.904,-0.285,-0.662,-0.862,-1.053,0.011,-3.079,-1.633,2.931,0.903,1.462,-0.826,0.06,0.425,-2.672,0.064,-0.105,-1.715,-1.482,0.012,-0.718,-1.258,-0.812,1.688,-0.54,-0.51,-0.095,-0.167,1.294,-0.636,0.105,-1.363,1.606,-1.053,0.128,0.29,-0.368,-1.127,-1.18,0.632,1.994,0.659,Backstroke,534,580,0.797
0.547,0.06,1.56,-2.015,-2.612,0.084,0.039,-1.145,-0.29,-0.132,0.975,-0.173,-0.34,-1.516,0.301,-0.372,0.921,0.037,1.732,-0.053,-0.282,-0.676,0.771,-0.37,-0.553,-0.009,-0.892,-0.318,-1.124,-0.771,-1.167,0.087,-0.512,0.969,-0.106,0.17,0.544,0.864,-0.302,-0.324,-0.792,-0.62,-1.072,-0.112,-0.958,-0.523,-1.281,2.647,-1.053,-0.392,-0.179,0.22,-1.082,1.408,1.447,-0.536,-0.246,0.932,0.453,1.915,Freestyle,361,133,0.524
-0.932,-1.034,-0.027,0.464,0.558,-0.678,-2.254,0.573,0.628,-1.444,0.02,-2.013,-0.287,-0.403,1.744,0.787,-0.657,-0.631,-0.407,-0.524,-1.483,-0.808,0.285,-0.539,-0.4,-0.114,1.717,-1.109,-0.65,1.785,-0.418,0.209,-0.809,0.498,2.07,-0.204,0.151,0.181,1.57,0.348,0.337,-0.035,0.05,-2.09,-1.365,-0.145,1.483,1.233,0.202,1.914,-1.339,-0.552,-2.592,-1.58,0.082,1.687,0.337,-1.126,-3.824,-0.32,Butterfly,1445,967,0.735
2.869,-0.527,-0.507,0.203,0.85,1.47,1.29,0.133,-0.953,0.866,1.516,0.325,0.843,-1.619,1.032,1.785,0.033,0.551,-0.16,-0.359,-0.532,1.506,0.478,0.331,-0.242,0.108,0.316,-1.934,-0.84,-0.537,0.245,1.507,-0.731,-1.533,1.479,0.568,1.262,-1.585,1.813,-0.813,-1.35,-1.03,0.242,0.44,0.874,-0.85,0.574,-0.341,2.865,0.928,-0.022,-1.706,0.391,-0.243,-1.758,0.014,1.151,-0.037,-0.231,-0.328,Backstroke,475,1033,0.241
0.674,-1.09,-0.578,0.001,0.778,-1.718,2.338,-0.389,-0.614,-0.638,0.203,0.217,0.109,2.349,-1.177,0.302,-0.561,-0.319,0.922,1.493,-0.492,0.991,-0.363,0.636,2.976,-2.018,-0.064,1.802,0.394,-0.427,-0.248,-1.474,-0.139,-0.057,-0.271,1.027,-0.503,-0.838,-1.174,0.63,0.195,0.559,-0.262,-0.43,0.746,0.646,-1.177,-0.244,0.239,-0.762,-0.275,-1.205,-1.312,-0.854,0.723,0.596,-0.145,0.74,1.847,0.117,Breaststroke,1710,338,0.397
1.103,3.576,0.793,0.706,-2.056,0.568,0.976,0.532,0.172,0.397,0.006,0.983,-0.363,-0.786,2.26,0.867,-0.875,0.858,-1.203,-0.78,1.691,-0.52,0.289,-1.528,0.218,1.969,-0.333,-0.694,-0.298,0.825,-0.236,-0.423,0.228,-1.981,-1.149,2.009,-0.098,0.113,0.741,-0.481,0.624,-2.241,-0.104,1.077,1.234,-0.538,-0.7,1.235,-0.74,0.686,0.613,-1.275,1.037,1.109,0.722,-2.107,0.997,-0.37,-0.486,1.191,Freestyle,463,323,0.231
0.308,0.915,0.683,-1.431,0.179,-0.829,0.313,0.994,1.269,0.371,0.005,0.535,0.294,0.449,1.932,-0.831,0.236,0.697,1.019,0.479,0.709,0.117,-0.288,-1.995,1.1,-0.775,-0.192,0.963,0.465,1.46,2.165,0.348,1.217,0.459,-0.11,0.079,-0.443,1.431,-1.409,0.447,1.687,-1.006,-0.763,0.525,0.349,-0.433,0.218,0.38,-1.969,1.425,-0.699,1.137,0.61,1.106,0.795,0.584,-1.545,1.476,-0.745,-1.884,Butterfly,461,618,0.375
0.322,-0.437,0.541,1.712,-1.493,0.386,-1.308,0.406,1.284,0.011,-2.48,-1.115,0.483,-0.941,1.408,-1.357,-1.703,0.268,-0.452,0.714,0.979,-0.245,1.434,-1.416,-1.283,0.945,0.727,-0.409,-2.244,-0.044,-0.043,-0.851,-0.749,0.806,-0.489,1.469,0.289,-0.047,-0.448,0.371,-0.871,0.087,0.754,-1.514,-0.546,1.451,-0.008,-0.8,0.016,0.743,1.778,1.546,0.137,0.132,0.338,1.021,2.452,0.878,0.191,-0.75,Front Crawl,235,1053,0.542
-0.864,-0.742,0.76,0.45,-1.908,-0.154,-0.21,0.802,-0.001,1.101,-0.191,1.152,0.875,-0.104,0.669,-1.121,-2.509,0.012,0.811,-0.398,-0.198,0.592,-0.713,-0.741,0.394,1.877,-0.18,1.339,0.327,0.822,1.172,1.028,-0.191,-0.799,1.888,0.03,-2.01,-1.487,1.072,-0.865,-0.18,-1.469,0.682,-2.053,0.632,0.017,0.56,0.371,0.401,0.333,1.432,-0.155,-0.749,-0.19,-1.744,-0.08,0.57,0.157,-1.088,-0.916,Front Crawl,1026,499,0.817
0.251,0.592,0.26,-0.788,0.493,-0.759,0.088,1.076,-0.86,1.953,-1.199,-1.547,-0.152,-0.308,0.783,1.131,-1.068,-0.166,1.049,0.377,0.654,1.32,-0.645,-0.499,-1.704,1.533,-0.292,0.199,0.347,1.038,-1.304,1.273,0.635,-0.166,0.391,-1.918,-0.45,-2.899,0.649,0.684,-0.691,0.341,-2.011,-0.833,-0.067,-1.038,-1.127,-1.149,-0.853,-0.442,0.808,-0.516,1.998,-0.967,0.71,-1.147,0.347,-0.418,-0.782,-1.141,Backstroke,225,832,0.675
-0.547,0.398,-0.796,0.489,-0.533,-1.591,-0.579,0.291,-0.841,-0.621,-0.681,-0.912,-2.089,-0.639,-1.701,0.595,-0.439,-0.689,1.008,0.987,0.163,0.092,-0.223,0.408,1.019,-1.097,-0.101,-0.654,-0.432,0.08,0.167,1.185,0.192,0.657,-0.632,-0.509,1.602,1.045,1.361,-0.822,-0.207,-0.13,0.003,-0.182,-0.229,-1.268,0.742,0.121,0.022,-0.222,2.464,0.339,0.657,-0.32,0.842,-0.01,2.502,-1.247,0.742,0.074,Freestyle,111,656,0.376
-0.187,0.557,-1.036,0.266,1.724,0.485,-1.302,-0.888,-1.203,0.309,1.151,0.877,-0.714,0.128,0.034,0.131,0.316,-0.241,1.155,-0.567,-0.915,1.232,1.389,1.696,-0.275,-1.283,0.1,-1.595,0.155,-0.134,-0.565,1.318,-0.452,0.446,2.765,-1.154,-0.324,0.421,0.598,-0.007,-1.454,-0.416,0.936,-1.78,0.008,0.127,0.2,-1.543,1.032,1.014,-0.621,1.011,0.019,-0.182,0.125,1.726,0.293,1.118,0.713,0.086,Front Crawl,364,403,0.541
-0.914,0.462,0.593,0.409,-1.532,-0.025,1.081,-1.102,0.566,-0.426,-0.174,-0.972,0.356,-0.11,0.519,-0.499,-0.182,0.183,-0.097,-1.263,-1.742,-1.413,-1.741,-0.606,-1.555,-0.768,1.137,-0.036,1.248,0.807,-1.876,-0.898,0.751,0.589,-0.012,0.792,-0.637,0.069,0.033,-0.19,0.214,0.856,1.014,-1.143,0.135,-0.105,-0.812,0.077,-0.418,-0.491,0.286,-0.359,-0.983,-2.654,-0.776,0.309,1.967,2.151,-0.89,-0.312,Breaststroke,1348,929,0.045
-1.508,-0.9,-0.332,-1.103,2.164,-0.965,-0.323,0.598,-0.093,-1.277,-1.302,-0.2,0.454,1.066,0.466,-1.077,0.24,0.824,-1.61,1.554,-0.184,-0.64,2.608,-1.294,-1.877,-0.948,1.328,-1.193,-0.965,0.978,-0.111,0.305,1.254,-1.992,-0.977,0.223,1.569,-0.605,1.107,0.002,-0.981,-0.858,-0.722,1.017,-1.366,1.385,-0.979,0.519,1.37,-0.145,0.075,-0.537,-0.371,0.564,-0.995,0.937,-2.419,-1.772,-1.213,-0.397,Backstroke,941,335,0.429
0.129,-1.575,-0.562,1.261,0.047,-0.086,2.235,0.56,-0.394,-2.216,-0.315,-0.479,-1.037,-1.66,0.315,-0.268,-1.332,0.848,-0.443,-0.423,0.07,0.536,-1.444,-0.307,0.37,0.821,0.928,-0.001,1.17,-0.099,-1.006,-0.321,-1.776,-0.121,-2.451,0.293,-1.596,-0.213,1.095,-0.308,0.023,-0.483,1.18,1.628,1.072,-1.073,-0.319,-0.108,-0.681,-0.79,0.443,0.636,-0.725,-1.359,0.213,-1.69,0.347,-1.441,0.682,1.438,Freestyle,1688,797,0.342
0.067,-0.457,0.531,0.734,-0.334,0.594,-1.828,0.508,1.414,-1.239,0.323,-0.381,-1.582,-0.583,-1.141,-0.47,-0.159,-1.258,-0.037,0.283,0.104,0.197,-0.205,-0.865,-0.051,0.894,0.412,0.284,0.049,1.069,0.078,0.225,-0.023,0.928,0.615,-1.163,-0.316,-0.23,0.858,-0.64,0.242,0.333,-1.031,-0.378,-0.37,0.548,0.32,-1.537,-0.81,-0.209,-0.3,-1.397,-0.353,1.652,-0.06,-0.147,0.918,1.113,2.01,-0.607,Butterfly,1462,551,0.397
-0.94,0.533,-0.758,-0.264,-0.995,0.553,2.022,1.618,-0.747,0.4,-0.652,1.603,0.579,-0.165,-0.151,0.366,-0.49,2.332,-0.534,-0.113,0.177,-0.155,0.401,-0.033,-0.451,-0.232,1.899,0.15,0.524,0.343,-1.074,-0.283,1.476,-0.844,0.332,0.688,-0.549,-0.598,-1.24,0.239,-0.951,0.93,0.52,-1.628,-1.143,-0.676,0.255,1.041,0.06,1.13,0.76,0.63,-0.205,-0.357,0.239,-0.743,0.178,-0.688,-0.933,0.198,Breaststroke,1278,421,0.691
0.271,1.051,-0.646,-1.055,0.732,0.628,1.403,0.453,0.157,-0.061,-0.872,0.677,-0.101,3.284,-0.421,-0.537,-0.461,-0.89,-1.072,-0.325,0.535,1.698,0.235,1.872,0.03,-0.596,-0.017,-2.3,0.065,-1.12,0.219,-0.147,-0.575,2.048,-0.669,-0.854,2.152,1.322,0.712,1.325,1.423,0.356,-0.328,0.724,1.624,-2.013,0.787,-0.523,0.071,-0.636,0.18,-0.091,-1.369,0.924,1.158,0.034,0.608,1.689,1.211,1.383,Backstroke,575,692,0.619
0.305,-1.916,-0.805,0.615,0.731,-0.513,-1.278,-0.147,-0.604,-0.841,-0.215,-1.417,0.036,-2.092,-1.741,-1.077,0.91,-1.248,0.578,-0.897,-0.883,1.385,0.744,0.254,0.577,-0.381,-0.411,1.255,-0.678,0.134,-0.973,0.268,-1.653,0.288,0.108,0.668,-1.689,0.973,0.448,-1.243,0.19,0.721,-0.068,1.327,0.47,0.184,-0.837,0.522,0.012,0.359,0.486,-1.405,0.745,2.341,0.03,-0.848,1.209,0.953,-0.363,-2.027,Freestyle,332,616,0.805
-0.071,1.895,1.372,-1.711,0.545,-1.108,1.699,-0.292,0.664,-0.027,-1.443,-0.016,-0.596,-0.201,1.489,-1.354,0.9,-1.055,-1.247,0.234,-1.937,-1.013,1.064,-0.945,-0.117,-1.341,0.672,1.302,0.448,-1.673,1.393,0.04,-0.655,-1.643,0.559,-0.454,0.726,0.834,-0.614,-0.407,0.92,0.107,0.861,-1.666,0.618,-1.176,-0.616,-0.249,0.483,1.831,-0.448,1.265,-0.033,-0.626,-1.657,0.265,-3.019,1.279,1.118,-0.766,Breaststroke,1469,293,0.706
0.924,-0.561,-0.265,-0.25,0.793,-0.438,-0.279,0.744,1.201,0.008,-0.737,0.071,-0.181,-0.071,-1.235,-1.091,-1.276,-0.516,0.218,-0.395,0.273,-1.183,1.256,-0.033,1.355,-0.127,-1.412,1.432,0.606,-0.593,0.065,0.578,-0.105,0.49,0.553,-0.943,-0.349,0.048,-0.081,1.166,0.186,-0.415,-0.016,-1.063,-1.082,0.514,-0.152,0.382,-0.305,0.112,0.571,-0.87,1.081,-0.28,1.799,-0.162,-0.659,1.021,-1.27,-1.65,Breaststroke,1211,460,0.549
-1.957,-1.543,-0.974,-1.339,-1.004,-1.198,0.095,0.411,-0.017,-0.674,2.048,1.301,-0.115,1.944,-1.113,0.82,0.586,1.72,-0.418,-0.492,-0.6,0.262,-0.009,1.021,-1.165,2.626,-0.069,-1.4,-0.687,0.109,0.191,-0.577,1.138,0.595,0.099,-0.563,0.337,-0.897,2.688,1.543,0.736,0.361,-0.145,1.533,-3.01,-1.122,1.319,2.459,1.032,0.029,-0.036,0.351,1.756,-0.963,-2.287,0.229,1.192,0.763,-0.254,-0.026,Butterfly,648,481,0.339
0.685,0.466,0.843,1.11,-0.427,0.021,-1.097,0.216,-0.448,-0.14,0.574,1.122,0.152,1.333,-1.062,-0.663,0.008,-0.094,-0.433,-1.468,0.895,0.308,-0.328,-0.406,0.248,-0.206,-1.644,-0.981,0.076,-0.67,0.12,-0.834,-1.08,0.888,1.488,-0.258,-0.104,-1.268,1.85,-0.346,0.5,-0.408,0.46,0.642,-1.555,0.332,-0.161,-1.744,0.852,1.805,0.175,-1.005,0.166,0.206,1.968,0.472,-0.916,0.094,0.856,-1.4,Freestyle,1467,925,0.527
0.564,-0.185,-0.733,-1.104,0.731,2.02,1.37,-0.606,-1.064,0.954,0.802,-0.451,-0.486,-1.012,-0.868,-0.866,-0.37,-1.485,1.78,1.748,-1.352,-1.246,-0.06,-0.275,-3.062,-0.345,0.153,0.262,-1.603,-0.259,-1.3,0.323,0.26,-0.452,0.492,0.176,0.65,0.423,1.267,-0.273,1.155,-0.985,-0.288,1.038,0.224,0.33,0.13,0.265,0.378,1.945,-0.039,2.089,1.161,-0.385,-1.055,-1.731,0.719,-0.293,1.192,-1.956,Backstroke,214,409,0.428
-0.166,0.191,1.418,0.494,0.537,0.922,0.292,0.775,-0.09,-0.283,1.313,-0.297,1.144,-0.367,2.283,-1.421,1.523,-0.004,1.009,-0.659,-0.675,-1.766,0.833,-0.06,-1.278,-0.637,0.297,0.13,0.073,0.161,1.416,-1.023,0.03,0.902,-1.123,0.043,0.295,-0.739,-0.311,-1.187,0.595,-0.614,-0.287,0.417,-0.479,-1.047,-1.498,-0.452,1.97,0.835,0.067,-0.793,0.659,1.139,0.41,1.378,1.252,-0.293,-0.826,1.168,Freestyle,1503,498,0.198
0.427,1.583,0.899,0.898,-0.28,-1.06,-0.016,1.377,1.701,0.18,-0.502,0.805,0.361,0.175,-1.158,1.088,0.02,1.293,0.184,0.546,0.825,-1.435,-0.555,0.332,-0.451,0.596,1.293,0.676,1.985,-0.316,-1.837,0.048,1.548,-0.105,0.874,0.59,-1.503,0.414,-1.509,0.341,-0.556,-1.379,-1.491,0.465,0.175,-0.502,-0.041,0.529,0.647,-0.488,-0.444,0.641,0.513,-0.631,0.538,-0.845,-1.911,-0.945,1.395,-1.636,Backstroke,1617,344,0.148
2.043,0.255,0.819,-0.374,-2.604,-1.03,0.388,-1.858,1.102,1.215,-0.924,1.057,0.187,0.817,0.411,-0.06,-1.157,1.829,-0.304,-1.508,0.43,-0.501,-0.916,0.443,-0.047,-1.396,1.284,-0.339,-0.207,-0.012,-0.406,0.128,-0.792,-1.392,0.074,-0.152,0.014,-1.423,-0.995,-0.085,1.213,-1.334,-0.744,1.784,0.638,0.276,-0.786,-1.337,-1.214,0.673,-0.3,-0.895,1.747,1.016,1.161,-0.45,0.597,-0.524,-0.044,-1.405,Butterfly,1657,810,0.824
-0.779,-0.251,0.768,0.086,-0.302,1.114,-0.615,-0.515,-0.382,0.947,-1.947,0.455,-0.47,-0.076,-1.413,0.113,0.038,-0.42,0.042,1.531,-0.006,1.664,0.09,-0.29,0.361,-0.224,-0.151,1.288,-0.974,0.469,0.424,-0.782,0.676,0.433,-1.441,1.105,1.027,-1.604,-0.409,-0.143,-0.116,0.039,-0.439,1.432,-0.829,0.826,-0.477,-0.096,0.185,0.771,-0.52,-1.591,0.062,0.376,-0.208,0.087,-1.422,0.274,-2.03,-0.069,Freestyle,1023,203,0.695
0.033,-1.121,-1.893,-0.512,-0.184,1.018,0.685,-0.411,-0.144,-0.262,0.427,0.393,0.028,-0.334,-0.381,0.954,1.962,-0.889,0.726,1.181,0.865,1.342,-0.719,1.022,1.069,0.155,-0.932,-0.616,-0.142,-0.24,1.462,0.466,-1.29,-2.253,-1.129,-1.781,-0.436,-0.683,-0.119,0.485,0.803,-0.359,-1.108,0.327,0.027,1.417,0.081,0.978,1.791,1.06,0.586,-2.471,0.366,-0.257,0.021,-1.346,0.051,-0.169,1.437,0.538,Butterfly,1394,418,0.615
1.127,2.55,0.673,-0.883,0.466,0.802,0.256,1.22,-2.063,-0.806,1.043,-0.585,-1.708,1.152,-0.2,0.406,0.808,-0.365,-1.604,0.121,-0.912,0.075,-0.847,-0.24,-0.198,-1.581,-0.96,-0.062,0.296,-0.309,2.59,-0.227,0.138,0.018,-0.723,-1.573,-0.429,0.943,1.636,-1.23,-0.998,-0.307,1.292,-0.619,-1.682,2.3,1.228,0.479,-2.087,-0.595,-0.624,-0.093,-0.144,0.609,-0.018,0.514,-0.5,1.204,-0.846,-0.453,Breaststroke,1147,1029,0.378
-1.02,0.916,-0.376,-0.678,-0.201,-0.562,1.18,0.456,-0.266,0.649,0.966,-1.409,-0.943,0.61,1.404,-1.074,0.344,0.775,-0.695,-0.593,1.251,-0.145,1.065,0.089,-0.228,0.137,0.552,-0.449,1.139,-1.164,-1.336,-0.292,0.746,-0.414,-0.065,0.419,0.151,-0.799,0.88,-0.824,0.217,-0.983,0.233,-0.342,-1.96,-0.612,0.4,-0.365,-2.019,-1.62,-2.001,0.765,-0.534,-0.371,1.718,0.608,0.295,-0.013,-0.569,-1.459,Freestyle,1899,266,0.283
1.026,1.093,1.444,-2.326,-0.353,0.987,-0.434,0.891,-1.009,0.817,0.795,-0.016,-0.558,-0.902,1.634,0.689,0.025,-0.044,-0.206,1.575,-0.068,2.045,0.009,-1.807,0.736,0.015,-0.278,-0.092,-0.311,1.944,0.25,-0.104,-1.186,0.268,0.869,-2.21,1.429,-1.109,-1.023,-0.653,0.244,-1.482,-0.755,1.163,-0.937,-1.996,1.539,-0.481,-0.701,0.477,-1.043,-0.071,-1.639,0.153,0.769,-1.092,-0.25,-0.144,1.114,-0.99,Backstroke,1780,316,0.485
0.471,0.351,0.588,-0.771,-0.276,-0.331,-0.134,-0.644,1.495,0.336,-0.271,-0.786,-0.444,-0.144,-0.035,-0.96,-1.504,-2.112,-1.696,1.054,-0.05,0.593,-2.236,-1.435,-0.582,1.43,0.922,0.506,-0.786,1.209,0.705,0.036,-0.152,-1.711,0.885,-1.486,-0.503,-0.739,1.412,2.133,-1.758,1.723,-2.043,-1.982,0.216,1.714,0.419,1.415,0.362,-0.599,-1.178,-1.011,0.422,-0.789,-0.85,0.478,-1.88,-0.305,-0.351,-0.009,Backstroke,1852,836,0.377
1.422,-0.122,-1.64,0.806,-0.586,0.038,-0.075,0.507,0.067,-0.367,0.443,-0.125,-1.416,0.888,-2.557,-0.446,-0.213,0.455,0.086,0.93,1.204,1.224,0.481,-0.953,-0.099,-0.224,-1.394,0.116,-0.075,0.256,-0.517,-1.07,1.122,0.041,1.858,-0.127,0.905,1.582,-1.291,1.817,-1.387,-0.394,0.803,0.471,-0.617,0.736,-0.686,1.545,0.83,0.072,-1.62,0.725,0.713,1.341,-0.494,-1.74,1.079,1.612,-0.663,0.442,Front Crawl,1236,967,0.385
-0.754,-1.154,-0.268,-0.677,1.668,-0.495,-1.22,0.898,1.194,0.195,0.908,-0.012,-0.079,1.423,-1.047,1.251,3.319,1.207,0.84,-0.068,-0.496,2.971,1.12,-1.489,1.55,0.652,-0.008,-0.452,0.687,-1.895,-0.305,1.424,0.142,-0.279,-0.075,-0.616,1.074,-0.818,-0.705,1.563,-1.258,-1.772,1.373,-0.478,0.299,0.998,0.282,0.282,0.955,-0.343,-1.644,1.089,1.034,-0.021,0.082,-1.299,0.646,0.602,0.664,-0.714,Butterfly,1691,412,0.437
0.341,0.53,0.177,0.335,0.616,1.48,0.364,2.526,0.262,-0.571,-0.875,1.318,-1.013,-1.852,0.308,-1.207,-2.073,0.174,1.264,-1.493,0.442,-1.385,0.686,-0.249,-0.56,-0.308,-0.802,-1.4,0.081,-1.383,1.364,-1.026,0.227,-0.116,-0.242,0.624,1.028,0.275,0.321,-2.046,0.688,1.18,-0.057,-0.84,2.491,0.053,-0.688,0.005,-0.557,0.224,-0.066,-1.872,-0.806,-1.319,-0.838,-0.214,-0.558,0.962,-0.908,0.876,Butterfly,871,433,0.732
-0.004,1.034,1.584,0.587,-0.374,-0.55,-0.781,-0.548,0.041,-0.342,0.274,-0.141,1.694,1.379,0.234,0.936,0.471,2.178,-1.648,-1.957,0.713,2.156,-0.831,-0.726,-0.719,1.204,1.112,0.274,-1.008,-0.467,0.263,-0.002,0.01,-0.353,1.445,0.598,0.754,-2.297,-0.212,-0.58,-0.145,-0.199,0.642,-0.863,-0.001,0.571,-1.166,-0.193,0.029,0.032,0.645,1.59,0.561,-1.8,-0.735,-1.567,0.02,-0.617,-0.206,1.127,Butterfly,1712,915,0.614
0.293,1.353,-0.568,-1.476,-0.304,2.259,-0.595,2.198,-0.163,-0.357,-0.33,0.154,-0.382,0.812,-0.091,1.566,-1.24,-1.532,0.941,-0.316,0.248,-0.342,0.081,0.415,-1.211,0.352,-0.339,1.093,-0.659,0.014,2.087,-0.772,0.723,-1.736,-0.498,0.487,0.43,1.133,0.323,0.024,2.242,0.48,0.881,1.604,-1.926,2.18,0.05,0.28,0.967,0.748,-0.196,-0.146,0.175,-1.695,0.219,0.448,0.384,1.35,0.343,1.383,Butterfly,1878,812,0.436
-0.402,0.179,-0.31,-0.134,-0.462,0.187,0.863,0.924,0.334,-0.228,-1.562,-1.024,-0.139,-0.667,-0.478,1.209,-0.273,-0.195,0.098,-0.749,2.404,0.504,0.007,0.668,0.498,3.025,0.738,-0.375,-1.253,-0.169,-1.748,0.999,-0.495,0.898,-0.667,-1.804,1.241,-1.728,0.438,-1.35,-0.593,1.97,-1.189,0.763,-1.982,0.672,-0.747,1.122,0.378,-1.921,-1.625,0.02,-1.195,-0.749,-0.481,0.141,0.155,1.271,0.973,0.419,Backstroke,1901,993,0.732
-0.0,0.041,1.592,-0.694,0.802,0.83,-0.005,0.282,0.702,-0.958,-0.915,0.472,-0.209,-0.111,-0.486,-0.068,-0.099,-1.079,0.705,1.457,1.245,0.081,-1.147,-0.276,1.64,0.918,1.66,1.781,0.358,0.485,-0.419,0.365,-0.372,0.34,-0.404,-0.526,-1.091,-0.009,-0.24,0.987,0.223,0.317,-2.414,0.235,-0.425,-1.603,0.125,-2.316,-0.188,-0.142,-0.062,-0.629,0.743,0.035,-0.75,0.101,0.469,-0.944,0.779,-1.002,Freestyle,1135,359,0.767
1.33,-1.054,0.975,-0.498,-0.824,0.557,0.076,-0.624,-0.59,-0.44,-1.004,-1.641,-0.888,-0.204,0.089,0.238,-0.083,-0.675,-1.129,-0.707,-1.268,-1.36,-0.854,-1.231,0.462,-0.304,0.004,0.331,-0.084,0.167,0.39,-0.834,-0.375,-0.059,-1.26,-0.517,0.226,-0.304,-0.225,-0.247,0.107,-0.314,-0.592,0.758,0.203,0.713,-0.083,0.333,0.831,-1.254,-0.255,-0.433,0.004,0.717,-1.582,0.767,0.617,0.4,0.124,-0.053,Backstroke,613,391,0.823
1.371,0.275,0.683,-2.213,-0.152,-0.649,-0.686,-0.612,-0.489,-0.11,0.49,-1.695,0.302,-1.774,0.942,-2.422,-3.031,-1.467,0.006,1.056,-1.627,1.555,-0.054,1.068,-0.322,1.216,-0.837,-0.68,-0.333,-0.978,-0.719,-1.504,-1.533,-0.618,-1.756,0.918,0.297,0.05,-1.746,0.055,0.224,-1.671,-0.407,-0.408,1.416,1.563,1.624,0.679,-1.185,0.907,-0.173,-0.823,2.418,-0.095,-0.423,-0.224,1.016,0.766,-2.228,0.127,Butterfly,1437,575,0.732
1.145,0.325,-1.212,-0.057,1.045,-2.12,-0.713,3.596,-0.685,-0.236,1.471,-0.941,-0.472,0.909,-1.384,0.645,-1.354,-2.266,-0.32,0.793,-0.079,-0.679,-0.019,-1.951,-1.063,0.549,-1.878,0.022,-0.823,-0.81,1.351,0.281,1.624,0.394,-0.612,-1.397,0.209,0.851,0.779,0.987,-0.083,-1.373,0.609,0.732,-0.392,0.664,0.32,-0.399,0.927,-0.558,0.972,-0.981,-0.086,1.325,1.099,-0.149,-0.18,0.05,-0.702,0.804,Backstroke,1763,873,0.464
0.532,-2.903,0.089,-0.637,1.628,1.01,-0.303,0.72,-0.995,-1.46,-0.383,-0.086,-1.393,0.77,0.186,0.045,-0.52,0.842,0.502,-1.116,0.627,0.364,-0.37,-1.078,-0.35,-0.805,1.044,-0.957,0.843,-1.672,-1.086,0.907,0.239,-0.526,1.591,0.5,-1.372,0.29,-1.225,0.971,-0.12,0.805,-0.578,0.291,-0.982,0.286,-0.493,1.207,-0.07,-0.929,0.483,0.31,0.534,-0.046,-0.402,-0.267,2.038,-0.147,0.463,-0.688,Freestyle,1519,841,0.758
1.346,-0.158,0.268,0.279,0.181,-1.486,0.904,1.045,-0.889,0.42,-1.97,0.439,-0.279,-0.665,1.258,0.132,0.587,-0.457,0.143,0.042,0.191,0.831,-1.492,-1.313,0.298,0.406,0.005,-0.5,-1.186,-0.333,1.445,-0.733,0.021,-0.777,-1.329,0.846,0.098,-0.071,-0.45,-0.296,-0.324,1.905,-0.934,1.328,0.094,1.015,0.915,-0.966,-0.012,1.547,0.53,0.2,0.915,0.114,1.59,-1.343,2.454,-0.227,0.976,-1.216,Front Crawl,1782,446,0.552
-0.318,0.821,-0.673,-0.015,-0.302,-0.245,-0.402,-2.921,-1.036,-0.697,0.217,-0.795,-0.027,2.207,0.456,-0.046,0.009,-0.444,0.412,-0.782,-0.625,-0.961,-0.273,0.444,-1.342,0.95,0.569,-0.529,-0.561,1.909,-0.635,-1.356,1.392,0.719,-0.689,0.394,1.324,0.78,0.846,0.54,0.94,0.327,1.297,-0.195,2.505,-1.225,0.766,-0.117,0.669,-0.644,1.593,-1.41,0.743,0.53,0.607,-2.772,-0.315,0.019,-0.672,-0.251,Butterfly,1316,707,0.665
0.339,0.067,-0.655,-0.352,1.363,0.502,0.092,0.833,0.129,-0.467,-1.034,-0.45,-0.507,1.269,0.063,0.55,0.552,0.015,-0.712,0.228,0.46,-0.406,-1.962,-0.742,-0.022,-1.145,0.989,-2.109,0.181,0.375,-1.002,0.004,0.529,0.688,-0.719,-0.152,-0.174,0.107,-0.76,-0.815,0.594,-0.86,-1.466,0.55,1.667,-0.123,-2.725,-1.013,-0.326,-0.172,-2.101,-0.904,0.508,-1.288,0.185,-1.066,0.589,0.329,0.128,0.053,Backstroke,1658,859,0.328
-1.587,-0.67,-0.704,-2.604,1.628,0.851,1.662,-0.728,0.836,1.553,-0.292,-2.193,-0.041,0.129,-0.365,-2.742,0.475,0.757,1.349,0.456,-0.151,-0.701,-0.68,-0.132,0.213,0.043,0.177,1.239,0.796,-1.415,-0.284,-0.638,0.579,1.615,-2.103,-0.163,-2.011,2.595,0.898,-0.314,-0.078,-0.72,-1.13,0.435,-2.255,-1.068,-0.749,0.209,-0.854,-1.001,-0.244,0.241,-1.104,0.176,1.69,-1.146,1.016,-0.675,0.31,0.734,Breaststroke,559,880,0.758
-0.27,-1.07,-2.247,-1.224,0.286,-1.247,-1.329,-0.916,0.645,0.345,0.195,-0.072,-0.487,-0.049,-0.051,0.445,0.611,-0.054,-1.085,1.104,0.823,-0.431,1.559,0.126,-0.647,-1.198,0.953,0.46,0.064,-1.636,-0.871,1.266,-0.477,0.123,-0.349,-0.233,-1.023,0.644,0.283,1.19,0.128,1.363,0.73,1.189,-0.629,0.353,1.398,0.431,-0.194,-1.711,-0.024,-0.094,-0.596,0.015,-0.508,-0.38,0.736,0.059,-1.405,0.052,Backstroke,197,194,0.382
-1.144,-0.177,2.315,1.303,-0.806,1.059,1.42,-1.098,-0.046,0.348,-0.239,0.271,0.699,1.252,0.77,1.1,0.545,1.172,-0.602,0.433,-0.313,-0.619,0.411,-0.053,-0.507,0.568,0.625,-0.748,0.804,-0.499,-0.164,-0.295,-0.905,-0.78,-1.379,0.686,-0.51,-2.869,-0.962,-1.298,-2.359,0.947,0.411,0.843,-0.424,0.503,0.551,0.313,0.664,-0.725,0.438,-0.825,-1.269,-0.419,-0.253,1.243,0.442,-1.331,-1.317,2.088,Butterfly,1302,646,0.582
-1.154,0.838,0.297,-0.181,1.71,-0.21,-1.409,-0.972,-0.485,-0.83,-0.276,0.711,0.162,-1.822,0.809,-0.651,0.783,0.524,0.581,1.551,0.55,-0.893,0.979,0.961,-0.472,0.091,-0.95,-0.647,1.868,-0.555,0.008,0.598,-0.718,-0.254,0.19,-0.626,1.061,0.4,0.046,0.221,-0.043,-0.019,1.433,-1.033,1.144,1.443,-0.86,-0.59,-1.074,1.305,-0.684,-0.796,-0.344,-1.268,1.402,0.323,0.232,0.05,-0.812,0.094,Freestyle,305,414,0.165
0.503,2.689,-0.285,-0.2,-0.692,-2.274,1.017,1.419,-0.95,0.18,0.452,0.269,1.088,0.715,1.13,1.495,0.212,0.85,-1.094,-0.946,0.053,-0.029,-0.492,0.033,-0.764,0.962,0.63,0.511,1.117,-0.753,-0.791,-0.955,-1.491,-0.647,-2.253,0.336,-1.333,-1.441,1.136,1.864,-1.287,0.286,0.62,-0.74,-0.659,1.709,-0.49,-0.617,1.777,1.57,0.072,0.214,-1.309,0.665,-0.271,1.09,-0.802,1.546,0.799,0.479,Freestyle,730,441,0.447
-0.055,0.741,0.28,0.419,0.806,0.081,0.001,-0.341,0.531,-0.445,-0.102,0.779,0.304,1.008,1.754,-0.237,-0.767,1.338,0.753,2.042,-1.217,0.547,0.105,1.993,-0.407,0.445,-0.588,0.061,-1.382,-0.181,-0.605,-1.456,-0.041,-0.114,-1.636,-1.079,-1.829,-0.068,-0.461,0.15,-1.356,-1.201,0.576,0.029,-1.999,2.05,-0.824,0.438,1.571,-0.626,0.845,-1.038,0.669,1.075,1.051,2.634,0.731,-0.253,1.171,-1.286,Backstroke,151,794,0.244
0.231,-0.428,-0.841,-0.487,0.707,0.225,0.037,-2.178,-0.772,-1.165,0.598,-0.52,0.326,-0.229,0.39,-1.207,-0.074,-1.193,1.517,0.221,1.15,1.142,0.029,0.631,-1.026,-0.204,0.741,0.359,-0.234,0.781,-1.458,0.654,0.173,0.168,0.781,-2.101,0.317,0.174,0.196,-0.6,0.292,0.495,-1.167,-1.307,-1.896,-1.302,0.774,-0.521,0.713,0.979,-0.008,0.737,-1.241,0.615,-0.487,0.226,0.51,-0.451,-0.372,1.556,Freestyle,1151,555,0.617
1.077,-1.235,0.423,1.374,-1.354,0.03,-0.728,0.452,-1.477,1.01,0.666,0.25,0.5,-1.232,-1.174,1.065,0.981,-0.283,0.324,1.419,-0.693,0.035,0.127,1.576,1.758,-0.658,0.612,-1.463,1.07,-0.219,-1.778,1.323,0.013,0.614,-0.077,-1.471,0.076,0.046,0.564,-0.489,-0.891,0.373,0.02,-0.353,-0.845,-1.096,0.066,-0.627,-0.74,-2.641,-1.321,1.348,-0.656,-1.569,0.748,1.671,-0.532,2.466,0.536,-2.591,Breaststroke,604,340,0.541
0.061,-1.362,0.839,-0.802,-1.162,-0.556,-0.153,-0.435,-0.587,-0.688,-2.048,-1.631,-0.213,-1.378,-0.645,-0.268,1.134,-0.617,-0.696,0.131,2.086,0.403,-0.384,1.668,1.115,0.18,1.132,-0.532,-0.853,-0.335,1.018,-1.005,-0.545,0.976,-1.144,1.576,-0.956,-0.609,-1.207,-0.675,0.092,0.406,0.129,0.535,-0.336,0.984,0.782,0.798,0.279,0.558,-0.236,1.497,0.224,1.454,-0.259,-0.472,-0.94,-0.535,-0.747,0.201,Breaststroke,1550,137,0.554
0.733,0.748,0.983,-1.174,-0.514,0.954,0.385,0.239,-0.688,-0.824,0.018,0.123,0.229,0.525,0.355,1.038,0.985,-0.821,1.133,0.677,0.121,-0.385,0.882,-0.082,0.548,-1.681,-0.37,0.378,-0.621,-0.605,-0.633,1.185,0.48,-0.709,-0.718,2.715,0.34,-0.379,-1.049,-0.407,-0.262,-0.699,0.83,-0.883,0.073,-1.241,0.087,0.89,-1.067,-0.273,-1.31,0.147,0.483,-0.131,-1.293,1.054,-1.849,-2.785,0.537,-1.176,Backstroke,1711,561,0.571
-0.997,0.755,-2.269,0.115,-1.408,1.619,1.282,0.406,-0.984,1.372,1.248,1.295,0.451,-1.125,1.841,-0.365,-0.182,0.514,-1.555,-0.958,0.978,-0.527,-0.674,-0.025,-0.256,0.179,0.329,0.757,0.076,-0.984,-0.095,0.798,0.682,-0.252,-1.481,-0.411,-0.547,1.453,1.38,0.995,-1.899,1.328,-0.929,0.912,1.051,0.218,-1.675,-1.581,-0.203,-0.039,1.872,-1.127,0.486,-0.228,-1.162,0.066,1.127,0.84,-0.227,-2.005,Backstroke,1285,281,0.616
-0.946,-0.827,-0.431,0.561,-0.365,-1.049,0.966,-0.732,-0.575,-0.417,1.311,-0.471,1.276,0.102,-0.572,0.004,-0.733,-0.403,1.142,0.577,0.527,1.463,-1.024,-1.633,1.15,1.324,0.812,0.925,0.299,1.873,-0.174,-0.119,-1.597,-0.41,-1.014,0.306,0.751,-1.171,-0.267,-0.091,-1.32,1.892,-0.55,-0.793,1.562,1.497,0.556,-1.311,0.078,0.508,0.845,0.577,0.102,-0.578,1.724,2.568,-0.314,-0.839,-0.264,0.297,Freestyle,1481,416,0.53
0.159,0.806,-0.003,-0.325,0.903,-0.434,0.332,-0.416,0.554,-0.291,-0.164,-0.051,1.129,-0.448,-1.471,-0.422,0.104,-0.247,-0.134,0.188,0.653,-0.085,-0.455,-0.773,-1.334,0.418,0.165,-1.59,-0.282,0.303,0.955,-0.117,0.188,1.245,0.078,2.034,1.055,0.903,0.391,0.219,-0.399,-1.096,0.375,-0.609,-0.71,0.059,-0.275,0.248,-1.317,-0.546,-0.24,1.835,0.102,-0.797,-0.945,1.114,-0.012,0.191,-1.887,-0.402,Freestyle,1256,763,0.596
-0.817,-0.118,1.263,-0.357,-1.046,-1.726,-1.395,-2.568,-0.454,-1.815,-0.229,3.411,-0.453,-0.493,0.303,-0.125,0.286,-0.244,-0.803,-0.037,0.334,-0.023,-2.883,-0.805,2.598,1.415,0.584,0.456,-1.143,0.962,0.511,0.404,-1.087,0.377,0.881,-0.197,-1.59,0.919,-0.459,-1.004,-0.151,-1.221,0.803,-0.338,-0.578,-2.662,-0.484,-0.663,1.821,0.13,-0.158,-1.79,1.098,-0.846,0.313,-0.284,-0.545,-0.802,0.352,-1.745,Breaststroke,779,108,0.742
-0.622,-1.046,0.523,0.641,-1.098,-0.492,0.511,-1.239,0.565,0.423,0.639,1.419,-2.066,0.39,0.259,-0.256,-0.432,2.555,-0.682,1.515,-0.796,1.016,0.447,-0.147,-0.559,-1.327,-0.337,-1.487,0.667,-2.153,0.542,0.718,-0.695,0.613,1.448,-0.383,-1.512,0.171,1.493,-0.966,1.164,-0.943,-0.056,-0.021,1.112,0.088,-0.907,-0.868,0.76,0.18,1.001,0.937,-1.257,0.248,0.711,1.176,1.236,-0.499,0.61,-1.491,Butterfly,601,113,0.45
-1.529,0.567,-1.601,0.1,0.676,-1.538,1.577,1.712,0.054,-0.001,0.372,0.076,1.012,-0.324,1.027,0.632,-2.409,1.671,0.725,0.516,1.023,-0.727,-0.198,0.883,-0.684,-1.129,-1.062,0.381,-0.734,-0.875,1.142,-0.508,-0.111,-1.302,-0.248,-1.756,1.285,0.581,-0.287,-0.643,-1.759,1.989,-0.711,-0.72,0.202,-0.364,-0.112,-1.494,0.569,-1.295,-0.509,-0.467,0.516,-1.549,-0.445,0.023,0.32,-0.528,-2.175,0.059,Butterfly,684,207,0.632
0.84,0.183,-0.019,1.234,0.347,1.439,0.555,0.207,0.891,-0.429,-0.332,-0.651,-1.776,-0.112,0.595,-1.852,-1.414,1.14,-0.046,0.842,1.041,0.143,1.673,0.545,1.515,-0.903,-1.357,-0.924,0.18,-0.987,-0.33,-0.981,-0.161,-0.48,-0.071,-1.302,0.429,-0.988,1.256,-1.884,0.237,0.008,1.503,-0.079,1.075,-0.69,0.141,1.708,-0.55,-1.626,0.93,0.787,-0.562,-0.016,0.195,-2.43,1.081,-0.13,-0.534,1.924,Breaststroke,586,301,0.666
-0.129,-0.554,1.696,-0.305,0.095,-0.18,0.363,0.218,0.017,-0.581,1.204,-0.814,-0.183,-0.429,0.065,2.238,-2.607,-0.607,1.094,1.629,-0.262,0.712,0.945,0.688,-0.635,2.181,1.777,1.0,0.559,-1.157,-0.249,1.336,0.078,0.604,-0.314,-0.502,-3.01,-0.995,-0.533,0.838,0.237,-0.638,-0.169,0.686,0.422,0.79,1.063,0.885,0.119,0.847,-1.672,-1.375,0.428,-0.993,-0.104,-0.45,0.493,-0.624,-1.559,-2.948,Breaststroke,361,243,0.44
0.758,-1.175,-0.139,-1.118,0.336,-0.785,2.206,-0.63,-0.099,0.471,-0.743,-0.322,1.96,0.054,1.076,0.946,-0.662,1.754,0.421,-0.595,-2.054,0.072,2.135,0.251,0.142,0.274,0.754,-1.79,0.649,0.512,0.892,1.43,-0.204,-0.052,-1.123,0.274,-0.272,-0.286,1.349,-0.104,0.755,0.538,1.951,-0.428,0.369,1.414,0.781,-0.301,0.936,0.234,0.613,0.874,0.007,0.407,-0.245,-0.15,-0.4,0.201,1.747,1.892,Butterfly,910,192,0.489
-0.644,0.946,-1.532,-0.558,1.625,-0.602,0.873,0.621,-0.848,-0.242,1.558,-0.56,-0.028,1.705,-0.913,-1.947,0.925,-0.93,0.129,-1.396,0.911,2.206,-0.943,-1.134,-0.155,-0.531,-0.21,-0.46,2.006,-0.293,1.259,-0.189,-1.086,-0.009,1.786,0.839,1.339,1.979,0.377,0.464,-0.012,-1.772,-0.289,0.677,0.643,1.778,-1.008,0.87,-0.319,0.501,-0.064,0.266,0.682,-0.739,1.319,0.798,-1.879,-0.864,1.949,0.306,Butterfly,937,159,0.395
-0.065,0.242,-0.368,-0.146,0.289,0.813,-0.76,-1.114,1.107,0.693,-1.814,0.668,2.202,-0.324,-0.138,0.609,0.695,1.575,-1.445,2.549,1.376,0.074,-0.095,-0.303,0.177,-0.495,-0.096,-0.682,0.878,-0.613,-0.391,0.766,0.407,1.445,0.59,-0.033,-0.048,-1.491,0.023,0.233,0.216,0.989,1.731,-0.515,0.15,0.975,0.287,-1.299,-0.445,1.137,0.423,0.638,-0.484,-0.622,1.68,0.459,0.224,2.979,-1.38,0.978,Backstroke,326,118,0.482
-1.983,-0.528,-0.43,-0.997,-0.146,1.678,-1.331,-0.378,-0.237,-1.211,-0.91,0.253,0.242,0.323,0.442,2.379,0.73,-3.159,2.028,-0.445,-1.703,-0.949,1.773,-0.413,-0.602,0.275,2.493,-1.095,-0.859,0.735,0.583,0.1,0.063,0.682,0.56,-0.021,-0.292,0.683,0.721,0.245,0.054,-0.07,0.979,-1.069,-2.194,0.498,-0.143,-0.053,0.124,-0.497,0.725,0.181,-0.448,-2.341,0.072,-1.577,-0.233,-0.599,0.177,0.084,Front Crawl,1701,182,0.232
-1.391,1.111,0.116,-0.15,-1.955,1.044,0.039,0.194,0.393,0.442,-0.413,0.508,1.248,-0.461,-0.398,0.951,1.21,0.517,-0.034,0.753,0.16,0.415,0.023,-1.23,-0.227,-1.372,0.733,1.915,-0.852,1.047,-0.632,-0.409,0.324,0.69,-0.768,-1.189,-0.027,-0.394,0.862,0.06,0.338,0.335,0.947,0.312,-1.39,-1.03,1.248,-0.834,-0.227,-0.919,-1.015,1.363,-1.172,0.219,-0.897,-0.68,0.196,0.851,0.986,-0.324,Backstroke,1713,935,0.727
-2.001,-2.061,1.971,2.292,0.687,0.82,-0.324,0.223,0.108,-0.391,0.031,0.609,0.393,2.521,0.995,1.316,-1.869,-0.581,-1.233,0.405,0.429,0.943,-0.183,0.132,-0.384,-1.139,0.071,-1.372,0.862,1.726,0.3,1.687,1.098,-0.764,-1.117,-0.414,-2.097,-0.889,-0.077,1.768,0.175,0.653,-0.118,-0.387,-0.661,-0.428,-1.006,-0.413,-0.578,0.674,-0.308,0.59,-0.465,-1.803,0.206,-0.264,0.842,0.409,-1.426,-1.222,Breaststroke,547,138,0.309
-0.53,0.179,-1.038,0.906,0.418,-0.332,-0.061,-0.249,0.157,-0.779,0.303,1.444,-0.023,1.154,-0.78,-1.863,0.285,1.009,-0.183,1.491,0.39,-0.232,1.525,-1.011,-0.186,-0.524,0.361,0.089,0.814,-0.979,1.097,0.648,-2.092,-0.104,1.939,0.469,0.541,-0.925,-0.103,-1.28,-1.312,2.15,-0.659,0.05,-1.001,-0.7,-1.104,0.596,-1.645,1.097,-1.171,0.108,-0.12,-0.275,0.952,0.935,-0.19,0.902,-0.338,0.483,Breaststroke,1022,355,0.776
1.425,0.417,0.805,-0.243,-3.037,0.224,-1.118,1.041,-0.401,1.088,-0.024,0.186,0.729,-1.108,0.555,0.694,0.19,0.406,0.41,-1.137,-0.523,-1.068,0.887,1.871,-0.507,1.35,0.057,0.961,0.163,-0.685,-0.249,-0.804,1.228,-0.728,-1.56,0.27,-0.63,1.583,1.111,0.467,0.138,-0.089,-2.046,-1.207,-0.957,-0.19,-0.233,2.161,-0.341,-0.056,-1.123,0.003,-0.778,0.949,-0.934,1.303,-0.254,-0.076,-0.524,-1.506,Backstroke,1328,397,0.391
0.569,1.263,-0.278,-0.299,1.305,-0.22,0.112,-1.338,-1.192,-1.159,-0.413,-0.747,1.763,-1.288,-0.649,-1.004,0.0,1.108,0.646,1.971,-0.705,0.375,-1.02,-0.717,-0.841,-0.997,1.624,0.048,-0.054,0.143,-1.424,0.892,-0.164,-0.203,0.935,-1.529,-0.942,-0.636,-0.685,-0.68,1.603,0.429,-0.565,0.359,-1.224,0.899,-0.825,1.588,-0.783,-0.986,1.67,0.706,-0.402,-0.15,1.146,0.585,0.23,-1.539,-0.4,0.645,Front Crawl,774,949,0.741
0.947,-1.49,0.233,-0.254,1.01,-2.722,-0.497,0.416,0.501,0.391,-0.295,-0.204,-1.602,1.319,-0.034,0.065,0.683,1.108,1.177,0.769,0.186,0.838,-0.747,1.712,-0.464,0.22,0.56,-0.337,-0.689,-0.204,1.04,-0.15,0.76,0.291,0.935,0.717,0.706,1.44,1.792,1.7,-0.116,-1.208,-0.808,-1.251,-0.904,0.107,1.703,0.18,-0.412,0.378,0.121,1.451,0.091,-0.39,1.361,2.1,0.151,1.11,-1.068,0.57,Backstroke,405,312,0.754
0.385,-0.46,-1.184,-0.212,-0.047,0.508,-0.158,0.758,0.06,-2.781,-0.37,-0.34,-0.33,-1.53,0.856,-0.385,1.936,-0.629,-1.461,-0.721,0.927,0.886,0.828,-1.682,-0.674,0.35,0.447,-1.266,0.051,-0.702,1.657,0.638,0.225,-0.64,0.027,-3.031,0.257,0.17,0.905,0.627,0.24,-0.467,-1.346,-0.344,1.45,0.714,1.317,0.082,1.19,-1.44,0.987,0.236,-0.472,-1.081,-0.619,0.065,-1.566,-0.303,-0.393,1.945,Butterfly,714,490,0.747
1.169,0.563,-0.503,-0.341,-0.615,-0.977,0.251,-1.789,0.173,1.026,0.025,1.407,-0.54,1.004,-1.935,-0.662,0.201,-0.344,0.234,0.373,0.096,-0.517,0.145,0.168,-1.679,-0.351,-0.633,-1.321,0.652,-1.203,-0.289,0.089,1.47,-0.289,-1.193,1.658,-0.543,0.646,-1.046,1.433,-0.099,-0.732,-0.792,0.773,1.105,1.09,-0.273,1.122,-1.835,-1.7,1.575,-0.045,1.027,-0.883,0.321,-2.294,0.689,-0.771,-0.574,0.162,Backstroke,377,1013,0.736
1.353,0.662,0.629,0.81,-0.127,-0.016,0.473,1.148,0.649,0.791,-1.995,0.566,0.673,-0.362,0.446,1.441,0.963,-1.046,-1.245,-0.817,0.346,-0.857,-2.204,-1.077,-2.125,1.363,1.512,0.527,-0.474,-1.54,-1.337,2.076,-0.913,-0.474,-0.041,-0.543,-1.071,-1.227,-0.103,0.727,0.168,0.138,-0.123,0.13,-0.63,-1.623,-0.538,-0.143,-1.583,0.177,0.268,0.261,-0.859,-2.021,-0.447,0.167,1.25,-0.127,0.538,1.329,Front Crawl,124,738,0.622
1.767,-1.558,-0.449,-0.165,-0.638,0.99,-2.117,0.676,1.387,1.272,-1.814,-0.806,-0.768,0.04,0.266,-0.729,-0.733,-0.283,-1.338,1.071,3.123,0.277,-1.576,-1.19,0.232,0.194,0.688,0.182,0.888,0.103,-0.35,0.517,0.758,0.236,-0.929,0.682,0.397,-1.362,-1.244,-2.345,-1.366,-1.035,-0.339,0.547,2.256,0.531,-0.308,-0.548,-0.424,-0.605,0.748,0.16,-2.041,-0.661,-1.157,0.659,-0.032,-1.387,0.797,1.813,Backstroke,1414,834,0.536
0.179,0.184,-1.23,1.244,-0.799,0.957,-0.054,1.217,-0.655,-1.32,-0.591,-0.044,0.869,-0.257,1.852,1.049,-2.832,2.213,3.044,-2.021,0.773,-1.057,0.332,2.594,1.161,0.022,-0.001,-0.62,1.597,0.069,0.387,0.55,-0.477,0.946,-0.666,-0.442,-0.466,2.257,-0.12,1.39,0.283,1.965,-0.006,-0.112,-0.133,1.471,-0.761,0.982,0.055,1.662,1.039,-0.319,0.51,1.104,-1.09,1.192,-0.523,0.747,-0.531,0.341,Breaststroke,855,399,0.63
0.937,-0.133,0.414,-1.148,-0.504,-0.455,0.074,1.416,-0.532,1.858,0.246,0.906,-1.919,-1.563,1.951,-0.742,0.412,-0.307,0.806,-0.405,-0.182,0.635,-0.292,0.535,0.063,-2.086,1.424,1.218,1.516,0.527,-1.631,0.371,-1.624,-0.362,-1.175,-0.274,-0.287,1.539,-0.544,0.388,2.28,-1.042,-0.071,-0.623,-1.47,-1.015,-0.744,-0.32,-1.381,-0.875,1.431,0.844,0.841,-1.834,0.848,-0.235,-0.786,0.601,0.854,-1.333,Butterfly,1265,141,0.736
0.859,-1.021,2.301,0.848,1.831,-0.891,-0.806,0.655,1.52,-2.113,-1.667,-1.215,1.155,-0.719,0.081,-0.408,-1.781,-1.416,1.78,-0.382,-0.783,-0.355,1.542,0.271,0.009,-0.098,0.184,-2.076,-0.917,2.752,0.018,0.61,0.858,0.389,-0.278,0.584,-0.659,0.019,0.504,-0.423,-0.064,-0.949,0.351,0.848,0.631,0.88,-1.061,0.653,0.363,-0.356,-0.435,-0.134,1.445,0.496,1.236,-0.671,0.26,-0.358,0.316,0.465,Breaststroke,346,434,0.678
0.087,1.719,1.229,1.907,0.223,0.413,0.702,0.03,-1.782,-0.473,-0.866,0.434,-0.696,0.672,0.527,0.107,0.875,0.165,0.453,1.016,0.223,-1.756,1.247,-0.47,-0.656,1.564,-1.262,2.014,1.626,-0.325,-0.314,1.047,-1.502,-1.442,0.268,-1.529,0.3,0.07,-0.594,0.697,-1.7,0.911,1.975,0.596,-0.816,0.69,-0.055,0.157,3.036,-1.023,-1.027,-0.761,-2.385,-0.496,-0.116,-0.281,0.572,-0.488,0.865,-0.431,Breaststroke,416,958,0.396
0.33,1.092,-0.402,-0.426,1.049,2.381,0.104,-1.338,-0.088,0.081,0.295,-1.305,-0.419,0.296,0.882,0.25,-0.752,-0.301,0.819,-0.005,0.873,2.131,0.083,0.29,-0.092,0.268,1.397,1.963,-1.749,-0.361,-0.887,-1.402,0.892,1.06,1.952,0.057,-1.948,0.94,1.535,1.865,-1.004,1.004,-0.809,0.107,-0.373,1.127,0.336,-1.178,1.519,-0.486,-0.227,0.4,0.073,0.064,-0.817,0.735,0.044,-0.1,0.939,-0.054,Breaststroke,1848,409,0.864
-0.049,-1.374,-1.834,-1.391,-0.729,0.233,-0.475,-2.015,-1.092,1.816,-1.264,0.896,-1.698,0.139,-0.677,1.057,-0.126,0.397,-0.872,-0.205,-0.047,-0.794,-0.433,-1.14,-2.344,1.553,1.445,-1.364,0.117,-1.31,1.097,0.395,-0.908,0.093,0.145,0.381,-0.648,0.479,-1.839,0.407,-0.494,-0.612,-0.479,-0.083,0.037,0.339,-0.564,2.116,1.041,0.346,0.348,-0.836,1.365,-1.001,-0.051,0.759,0.19,1.464,0.131,-0.064,Breaststroke,1538,563,0.627
0.219,0.975,-0.276,-0.146,0.87,1.246,0.363,0.326,-0.46,-1.785,-0.816,-0.835,1.939,-0.345,0.846,0.372,-0.535,0.062,0.374,-0.563,-0.518,-1.647,0.984,2.879,1.0,-0.658,0.444,-0.073,0.655,-0.342,0.162,0.263,-0.992,-0.344,0.776,1.212,-0.806,-0.195,1.044,0.017,-0.666,-0.714,-1.268,-1.079,0.154,-0.242,0.133,-1.587,0.663,-0.859,-0.683,0.333,0.523,0.661,-1.962,0.056,0.475,0.448,-0.182,-0.2,Butterfly,529,822,0.489
-1.591,-0.415,0.673,1.203,0.935,-0.717,0.11,-2.41,0.782,0.725,0.699,0.064,0.472,-1.461,0.313,0.605,-0.139,-0.842,1.984,-1.618,0.178,-2.597,0.447,1.144,0.789,-1.199,-0.948,-1.835,-1.128,-0.764,-0.462,-0.451,0.341,0.773,-1.322,1.056,-0.804,1.374,0.315,1.081,-0.933,-0.907,-0.681,1.347,0.631,-0.497,0.714,-0.233,-2.248,1.551,0.394,-0.135,0.176,1.775,-2.05,0.729,1.022,-0.582,-1.828,0.022,Butterfly,1075,480,0.397
0.761,-1.252,0.492,0.638,0.023,1.061,0.114,-0.092,-0.368,-0.512,-0.528,0.814,0.395,1.176,-0.625,-0.084,-0.148,-2.059,1.921,-0.989,-1.531,2.586,0.022,1.388,-0.089,0.813,-0.682,1.309,-2.354,-0.787,0.052,0.179,0.599,-0.246,1.085,-1.611,1.995,0.452,0.526,-0.375,-0.693,-0.246,-0.628,0.753,0.194,-0.44,0.571,-1.117,-1.096,-0.246,-0.073,-0.255,0.848,0.262,0.307,-2.633,0.853,-0.561,0.42,-0.155,Freestyle,1086,533,0.586
0.531,0.179,-0.25,-0.266,0.16,-0.197,1.107,1.66,0.394,1.558,0.463,-0.467,1.443,-1.22,0.902,-0.077,0.515,-1.017,-0.235,-0.549,1.44,-0.795,-1.768,0.285,0.517,-1.076,-1.285,-0.314,0.19,1.263,-0.534,1.459,-0.241,1.182,-0.816,-0.142,1.708,1.556,0.291,0.55,0.274,-0.674,1.049,0.257,-0.665,0.521,-1.518,-0.144,0.146,-2.019,-0.563,-0.861,0.954,-1.005,-0.917,-0.826,0.714,-2.074,-0.913,0.289,Backstroke,906,732,0.513
-1.568,1.16,0.041,0.071,-1.471,-1.21,2.287,-0.183,-0.177,1.301,-0.286,-0.842,-0.706,-1.117,-0.439,-0.05,0.157,-0.821,-1.336,-0.786,-1.514,-0.557,-0.946,-1.514,0.492,-1.092,0.192,-0.211,-0.113,0.225,-0.679,-0.47,1.641,-0.905,-0.605,-0.508,-0.543,-1.253,-1.081,0.508,1.02,0.187,-0.891,0.391,-0.265,-0.852,-2.153,0.7,-1.707,0.197,0.521,0.105,0.35,-0.325,-2.169,-0.202,1.032,0.07,-0.678,2.118,Breaststroke,756,338,0.488
-1.183,0.128,2.469,-1.332,0.736,0.864,-0.996,-1.283,0.098,0.386,0.921,1.159,-0.766,-0.104,-0.704,-0.442,1.494,0.745,0.151,-0.121,0.395,-0.364,1.14,-0.291,1.487,0.08,-2.855,1.112,2.668,0.978,2.29,0.336,-0.39,-1.638,0.703,0.786,-0.594,0.351,1.532,-2.953,0.685,-1.174,1.503,-0.677,1.05,0.355,-1.08,-1.091,-1.087,-0.834,0.674,1.27,-0.248,-0.957,1.974,-2.035,0.383,0.843,-0.226,-0.997,Butterfly,385,1062,0.474
-2.152,1.064,-0.352,-1.222,-0.17,0.461,1.5,0.3,-1.915,0.322,-0.457,0.528,-0.274,-0.145,0.618,-0.644,-1.428,-0.263,-0.565,-0.058,1.882,-1.066,0.44,0.168,-0.249,0.687,-0.1,1.025,-1.062,0.469,-2.058,-0.215,-0.175,-0.826,1.174,-0.306,-0.84,-0.624,0.495,0.338,2.197,2.733,-0.367,-0.449,-1.951,1.506,-0.676,1.312,-1.2,0.042,-0.265,-0.603,-1.08,0.669,-0.31,-0.013,-0.834,0.832,0.381,1.326,Freestyle,522,661,0.515
0.512,0.212,-0.874,-0.868,1.117,-0.547,0.659,1.377,0.714,-1.874,0.057,-0.456,0.358,0.55,-0.207,-0.181,0.227,1.028,2.284,1.795,-0.676,1.438,0.724,-0.784,0.344,1.002,-1.652,-0.297,-0.273,0.526,-0.587,0.113,-0.011,-0.678,-0.216,-0.694,-0.844,1.58,-1.414,1.56,0.404,0.17,1.056,-0.854,-0.589,0.135,0.656,0.164,-0.302,1.987,1.307,-0.283,-0.797,0.494,-0.271,0.299,-0.959,0.683,1.21,-0.4,Freestyle,1836,707,0.352
-0.282,0.011,0.411,0.785,-0.879,0.193,-0.117,-0.406,-0.037,0.081,1.321,-1.193,-0.415,1.139,-1.128,1.357,0.559,1.67,0.075,1.587,-0.399,0.15,0.702,-0.982,0.53,0.62,0.068,-1.022,0.962,1.95,0.557,0.4,0.104,0.531,0.025,0.829,0.574,0.536,0.742,-0.034,-0.981,0.839,0.853,-1.929,-0.012,-2.419,0.704,-0.457,-0.875,1.134,1.168,0.12,0.037,0.911,2.111,0.239,-1.715,-1.294,1.151,-2.17,Breaststroke,617,315,0.275
1.632,-1.153,0.256,1.609,0.183,0.268,0.041,0.596,-0.335,0.69,-2.797,-1.01,0.196,-1.765,0.11,-0.995,-0.857,-1.684,0.549,2.534,-0.871,0.637,-0.24,-0.788,-0.025,-1.963,-0.081,-0.774,-0.53,1.302,-0.418,0.002,0.699,-0.262,0.322,-2.479,-0.24,-1.083,0.321,-1.063,0.312,-1.512,1.083,0.156,-0.48,0.568,2.569,1.278,0.834,-0.715,0.137,-0.507,0.305,1.344,-0.785,-1.256,-0.595,0.21,0.068,-1.43,Breaststroke,1664,943,0.331
-0.447,-1.007,-0.006,-0.476,-0.262,-0.104,-0.406,1.027,1.107,0.402,0.569,0.398,0.849,1.888,-0.125,-1.455,1.937,2.248,-0.849,-0.022,-0.805,-0.162,0.171,1.3,-1.264,1.965,-0.571,-0.323,-1.167,-0.151,-0.358,0.39,-0.877,1.378,0.207,-1.182,-0.162,0.463,-0.15,-0.968,0.36,-1.691,-0.915,0.007,-0.032,1.253,0.315,0.199,-0.798,0.375,-0.136,2.194,0.822,1.165,1.335,0.461,-0.03,-0.499,0.269,0.218,Backstroke,831,283,0.464
0.61,-0.014,-0.805,-0.32,-2.688,-0.7,-0.474,0.358,-0.569,0.994,1.503,0.397,-0.015,1.094,1.654,1.622,-0.099,1.201,0.29,1.443,0.23,0.627,-0.579,-0.723,-1.036,1.928,-0.492,0.633,0.498,0.77,1.039,1.049,-0.872,0.955,-0.665,0.15,0.228,-0.358,-0.462,1.062,0.949,1.258,-0.174,-0.337,-1.262,0.038,-1.518,-0.164,-0.63,1.954,0.578,-0.989,-0.286,1.259,-0.279,1.392,1.338,1.877,-1.137,1.054,Backstroke,1367,310,0.189
-2.392,-0.008,-0.919,0.511,-0.65,-2.104,0.715,0.474,0.784,-2.617,-1.917,-0.301,-0.572,0.248,1.696,-2.119,-0.439,-0.494,-0.769,0.353,0.938,-1.0,1.654,-1.682,0.214,-1.162,-1.09,-2.677,-0.576,-0.214,-0.091,1.915,0.402,0.21,0.766,0.355,0.651,0.496,-0.228,-0.945,0.474,-1.759,-1.617,1.595,0.397,-2.081,1.854,2.143,-0.022,0.36,0.768,-0.116,-0.138,-1.879,-2.683,2.215,1.283,0.393,-0.246,0.962,Breaststroke,437,397,0.851
0.507,1.031,1.262,-0.635,-0.962,0.264,0.916,0.009,-2.378,-0.947,0.863,-1.252,-0.05,-0.704,-1.516,-0.365,-2.481,0.49,-0.093,-0.259,-0.318,1.005,-0.966,-0.774,1.541,0.336,1.473,-1.127,-0.371,1.65,-0.165,1.194,0.074,-0.584,-0.915,0.338,-1.021,-0.376,1.49,0.501,-0.149,-0.226,-1.296,0.893,-1.408,-1.653,-0.85,-1.029,0.611,-0.793,-0.16,0.706,1.534,1.301,0.577,0.778,-1.069,0.481,0.536,0.266,Backstroke,1071,127,0.658
-0.871,1.075,-0.683,0.976,1.162,1.468,-2.088,0.462,-0.0,1.095,-1.125,0.84,-0.653,1.461,0.614,-0.625,0.405,2.119,1.089,0.102,-2.861,0.283,0.598,1.594,0.73,-1.086,0.186,0.045,-0.687,1.537,-0.671,-0.385,-0.248,0.708,-0.018,1.506,-0.833,-0.079,-0.709,0.119,1.179,0.307,-1.356,-0.289,2.378,-0.844,0.907,-1.192,-0.119,-0.674,0.813,0.303,-1.255,-2.119,1.284,0.196,-1.087,-0.21,0.762,1.438,Backstroke,208,1008,0.732
-0.625,1.412,0.786,-0.306,0.099,0.609,0.017,-0.746,-0.732,0.199,0.031,1.621,-1.023,-0.339,-1.037,-0.053,-1.336,-0.59,0.979,-0.511,-0.375,-0.98,2.402,-0.61,0.605,0.846,-1.292,1.509,1.568,-0.018,0.227,-0.646,-1.67,-0.459,-1.148,1.075,-1.247,-0.923,0.976,0.867,-0.343,1.453,-1.79,-0.937,-0.375,0.775,-0.969,-0.179,0.372,0.676,-0.333,0.52,-0.248,-1.459,-1.037,-0.434,-1.498,0.621,0.846,-0.326,Front Crawl,458,102,0.64
0.788,1.029,-0.827,0.489,-0.113,-0.488,0.037,0.335,1.031,0.497,0.049,-0.861,-0.002,1.404,1.285,0.19,2.706,-0.145,1.11,0.44,0.39,-0.417,0.279,-0.472,0.314,-1.37,-0.175,-0.422,-0.894,0.868,0.094,1.303,1.416,0.816,-1.249,1.283,-0.151,1.179,0.831,-0.107,0.864,1.601,0.806,-0.591,0.88,-0.919,0.716,0.269,-0.155,-1.061,1.019,0.387,-0.456,1.078,-0.907,-1.77,1.208,-1.15,-0.075,0.357,Backstroke,1485,1019,0.512
-1.226,-0.134,1.938,-0.021,-1.566,-0.125,0.4,-0.854,0.981,-2.984,-1.186,0.741,-0.994,-0.077,-0.011,-0.745,-0.944,-0.162,-2.061,-1.258,0.512,-0.747,-0.844,1.248,1.01,-1.197,0.242,1.128,-0.52,0.331,0.552,0.21,1.662,-0.886,-0.525,-0.721,-0.263,1.024,-0.985,1.166,-0.774,0.14,-0.477,0.854,-1.177,0.017,2.002,-0.358,0.735,2.285,-1.217,-1.358,-0.787,-0.491,0.287,-0.194,0.824,-1.066,0.127,-1.062,Freestyle,219,473,0.53
0.287,1.003,0.912,0.851,-0.981,1.454,0.077,-1.601,-0.207,-0.571,0.307,0.49,2.223,-1.323,-0.179,0.654,0.338,-0.545,0.117,0.199,0.362,0.052,0.802,1.342,3.4,-0.185,0.188,1.625,0.362,-0.476,0.299,0.21,-0.866,0.572,1.526,-0.048,1.263,0.769,1.126,-0.173,0.933,0.443,0.728,-0.67,-2.048,-1.406,0.907,0.155,-0.392,0.067,-1.515,-1.056,0.478,0.702,0.937,0.636,1.095,-0.469,-1.605,-1.622,Backstroke,400,1044,0.504
-0.146,-1.026,1.774,1.016,-0.433,-0.857,1.151,-1.245,-0.258,0.491,1.733,0.323,1.733,0.593,1.506,-1.139,-0.55,0.996,0.651,0.527,0.102,1.722,0.947,-0.376,-0.256,-0.227,-0.849,0.622,-0.603,-0.298,1.912,-0.578,-0.412,-0.587,-0.268,-0.037,-1.284,-0.212,-0.809,0.888,-0.895,-1.826,-1.347,0.019,-0.808,-1.245,-0.053,-0.1,-1.718,1.217,-1.471,-0.176,-0.729,1.378,1.17,0.648,0.892,-1.984,-0.29,-0.814,Backstroke,123,516,0.412
-0.326,-0.963,0.931,0.723,1.233,-0.382,0.915,-0.01,0.32,0.069,0.378,-1.211,-1.926,-0.553,0.548,-0.471,-0.572,0.181,0.217,-0.741,-0.945,-0.193,-2.365,-1.417,-1.139,0.219,-0.365,0.077,1.038,0.207,-1.436,1.541,0.308,1.799,0.587,1.564,0.078,-1.248,0.379,-1.077,0.864,0.558,1.316,-0.692,-1.526,2.621,-0.174,0.152,0.419,0.99,-0.237,-1.71,0.781,0.414,2.126,-0.786,-1.072,1.262,-1.151,-1.432,Front Crawl,1192,194,0.171
-0.411,0.505,-1.674,1.857,0.712,-0.988,1.373,0.44,-0.458,-0.932,-0.134,-0.605,1.515,1.196,1.091,-1.349,0.502,-1.257,0.566,-0.076,-0.531,-0.652,-1.532,-0.119,0.334,0.358,-0.802,0.285,0.871,0.244,0.367,0.166,0.13,0.966,0.38,-0.764,-2.564,-0.556,0.709,-0.036,0.832,0.704,-0.577,2.525,0.571,-0.441,-0.608,0.662,-1.48,-0.04,0.088,0.933,1.047,0.583,1.003,-0.013,-0.722,-0.249,0.257,-0.605,Front Crawl,444,397,0.565
-1.283,0.548,1.563,-0.478,-0.613,0.547,-0.802,0.081,-0.566,-0.085,1.71,2.895,-0.137,-0.625,-0.819,-0.15,-0.902,-0.292,0.706,1.189,0.272,0.347,-0.913,1.823,0.978,0.29,0.649,1.853,0.971,-1.193,1.429,-0.743,0.846,-0.026,0.12,-0.213,0.099,-0.926,-2.984,-0.826,0.874,-0.185,1.067,-1.368,2.523,-0.772,0.242,-0.912,-0.388,0.613,1.162,-0.596,0.191,-0.163,-0.214,0.709,0.429,0.749,-0.075,1.88,Butterfly,375,863,0.255
-0.107,-0.862,-0.664,-0.255,-0.811,0.664,0.793,1.549,-1.67,-0.773,1.548,-0.359,-0.039,-1.731,-0.074,-0.374,-0.321,-0.047,-0.305,0.116,-0.096,-0.889,0.509,-0.335,-1.428,1.076,0.685,-0.131,0.72,-0.921,-2.26,-1.579,-0.398,-0.24,-0.775,1.897,-0.987,-0.075,1.365,-0.005,0.216,0.667,0.673,-0.962,-0.245,-0.272,-1.313,-0.104,0.326,-0.815,0.367,-0.743,0.253,-0.819,-1.484,0.714,-0.009,0.215,0.574,0.714,Breaststroke,1147,350,0.548
0.359,1.447,-0.156,-1.162,-0.864,1.884,1.12,-0.594,0.549,0.542,-1.795,0.991,1.925,-1.153,0.517,2.388,-0.026,-0.552,-0.52,0.496,-0.224,0.402,0.095,0.513,-0.298,0.476,-0.363,1.054,-0.278,-1.909,0.189,-0.189,-1.306,-1.781,0.002,0.589,-0.037,-0.084,-1.599,1.007,0.372,-0.55,0.895,-2.225,0.873,-0.621,-0.539,-0.282,-0.079,-0.015,-0.01,-1.473,-0.125,0.641,0.974,1.01,1.605,1.795,-1.144,2.474,Backstroke,1142,496,0.533
-0.189,0.421,0.436,-0.014,0.171,-0.111,0.38,0.915,1.485,-1.047,-1.03,-1.01,1.12,0.15,1.764,-0.376,0.508,-0.615,0.028,0.65,-0.309,0.774,0.567,1.237,-0.192,-0.564,-1.483,-0.909,0.451,-0.106,-0.764,-0.316,-0.022,-0.024,0.08,0.186,-1.196,-0.53,-1.444,-0.693,1.586,-0.75,0.034,1.031,0.643,1.121,-0.123,1.17,-1.282,0.273,1.023,-0.294,2.384,-1.432,-0.569,1.582,0.611,0.863,-1.048,1.145,Freestyle,166,568,0.285
1.607,-1.948,-0.301,2.165,1.381,0.129,1.794,-2.337,-0.074,-0.036,-0.384,0.393,-0.476,0.794,0.525,-0.762,-1.718,-0.221,-1.069,-0.759,1.424,1.621,-0.002,0.203,-0.18,0.632,-0.621,-1.518,1.531,0.031,1.786,0.985,-4.423,1.051,1.147,0.453,0.543,1.249,1.43,-0.934,2.189,1.379,-1.349,-0.405,-0.039,-1.209,-0.957,-0.008,-0.396,-0.666,-0.351,-0.202,-1.388,-0.214,-0.346,0.371,1.147,0.327,0.584,0.628,Backstroke,269,215,0.182
-1.922,-0.421,-0.949,0.539,-0.668,0.389,0.774,-0.422,-0.95,0.354,-0.437,-1.711,0.979,-0.287,-0.192,-1.068,0.314,0.912,0.948,0.193,-0.574,-1.709,1.55,-1.482,-0.664,0.136,-0.889,-0.588,-0.152,-0.985,-0.368,-0.357,-1.084,-0.819,-1.19,-0.687,0.637,-0.276,0.344,-2.53,-0.257,0.46,0.998,-0.196,0.68,0.253,-0.072,0.528,-1.462,-1.247,-0.544,0.047,1.199,0.88,0.621,1.497,0.639,-0.797,-1.142,0.201,Butterfly,585,281,0.451
-1.195,0.883,0.24,-2.253,-1.359,0.226,-0.051,0.476,-1.097,-0.381,1.43,0.729,0.327,-0.857,0.001,-0.12,1.869,-1.145,0.616,-1.188,0.337,1.651,-1.036,0.59,-0.429,-1.795,0.175,-0.446,0.084,1.183,0.131,0.493,0.765,0.221,0.522,-0.015,1.017,-0.941,-0.259,0.555,0.769,-0.59,0.589,-0.167,0.929,-0.823,-0.531,0.123,1.412,-1.885,0.619,-1.285,0.36,-0.791,1.722,-0.39,-0.738,-0.418,1.575,1.028,Butterfly,829,550,0.179
0.648,1.081,-1.151,-0.538,1.821,1.233,0.721,-1.821,0.638,-0.865,-0.007,0.23,-0.372,-0.408,-1.649,-2.185,-0.757,-1.485,-1.033,0.169,-0.42,-0.582,0.116,0.347,0.409,0.119,-0.549,0.824,-0.26,0.62,-0.774,0.497,0.56,0.119,0.183,-0.069,-0.444,0.248,1.37,-0.866,1.436,-0.775,0.07,0.472,-0.053,1.24,0.119,-0.919,-0.385,-0.053,0.054,-0.81,-0.111,-0.109,-0.234,-0.575,-0.731,-1.425,-0.12,1.178,Freestyle,1900,728,0.504
0.202,0.277,0.565,-0.691,0.311,2.187,0.031,-2.036,-0.377,-0.052,0.462,0.558,0.18,-1.462,-0.048,-1.025,1.333,0.182,1.847,-1.883,0.447,2.639,0.636,0.74,-1.811,-1.599,0.083,0.183,-0.346,-0.003,-1.232,1.998,0.536,1.239,1.121,-0.406,-1.005,-1.056,2.344,0.107,0.072,1.777,0.276,-0.906,0.495,-0.287,0.654,-3.212,1.08,0.717,-1.346,0.904,-0.203,0.331,0.226,0.271,-1.451,-0.484,-0.304,-0.043,Breaststroke,419,159,0.417
3.505,-0.903,0.234,-0.038,2.925,-0.725,0.951,-0.19,-0.158,1.513,-0.048,-0.627,-0.31,0.21,-0.637,-0.216,1.702,-0.453,0.282,-0.065,-1.705,-1.178,-0.056,1.344,0.979,0.486,0.342,0.982,0.498,0.054,-0.824,-0.58,-1.743,-0.558,1.128,-1.041,-0.788,-0.173,0.078,-1.256,0.173,-0.417,0.149,0.281,-0.459,-0.533,2.9,0.292,0.822,-1.616,0.374,-2.176,-0.777,0.076,1.038,-0.007,-0.622,0.697,0.397,-3.087,Butterfly,699,949,0.388
0.107,-1.109,0.015,-0.287,-0.134,-0.793,0.203,0.23,-0.895,-1.297,0.458,1.265,-0.243,-0.697,-0.326,0.203,1.459,-0.259,0.032,-0.102,1.367,-0.134,-0.692,-0.482,0.436,0.9,1.214,0.441,1.36,0.354,1.839,0.494,-0.233,-1.855,0.41,0.059,0.097,0.748,-0.013,1.591,-0.678,-0.621,-0.979,0.95,-0.683,0.86,-0.914,-0.75,0.321,1.175,-0.44,-1.171,2.354,2.066,1.87,1.031,0.596,0.548,0.505,-0.979,Front Crawl,1057,849,0.639
-1.023,1.73,-0.309,0.863,-2.334,-0.489,-0.348,-2.611,-0.848,-1.901,1.064,0.031,-0.021,-1.196,-0.089,0.467,0.046,-0.202,1.818,-1.226,1.055,0.84,1.105,0.086,-0.727,-1.059,0.035,1.785,-0.042,-2.064,-1.045,-0.815,-0.864,-0.561,0.099,-0.02,0.06,-0.656,-1.163,-0.519,-1.114,-0.481,0.606,0.575,-1.046,1.037,-0.22,-0.956,-0.838,2.497,-2.907,-0.134,-0.095,0.554,-1.434,-1.235,1.981,1.012,-0.176,0.137,Freestyle,416,1061,0.413
-0.467,0.268,1.397,-1.237,1.567,1.775,1.378,0.146,-0.264,-1.243,0.497,1.047,-1.012,-0.14,1.196,-0.554,1.361,-0.237,-1.28,-0.191,1.077,-0.668,0.082,0.466,-0.015,-0.59,-1.119,-1.658,0.334,-0.346,0.155,1.184,0.056,-2.863,-1.729,-1.58,-0.273,1.061,0.013,-1.051,-0.312,0.058,0.789,2.55,-0.727,0.817,0.47,0.183,0.029,1.65,0.714,-2.567,0.204,-0.926,-0.441,-0.332,0.483,0.89,-1.144,-1.286,Front Crawl,1460,715,0.142
-0.124,1.068,0.628,-0.225,-0.35,-0.783,-1.1,2.098,0.672,-0.127,-1.491,-1.39,0.771,-1.376,-0.857,-0.863,0.339,-0.511,-2.535,0.96,1.371,-1.883,-0.507,0.415,1.539,-0.779,-0.609,-0.461,1.094,-1.499,-0.412,0.545,0.519,-0.505,-0.37,-0.673,-1.159,-0.378,-0.449,-1.186,-0.058,0.791,-0.962,-0.598,-1.693,-0.157,-0.797,-1.256,-1.764,-0.344,0.899,1.321,-0.406,0.181,-0.142,-0.284,0.147,-1.122,-0.715,0.758,Backstroke,1616,760,0.387
1.869,1.0,0.384,-0.213,-0.926,-1.061,1.543,-0.917,-0.704,1.195,1.534,1.165,-0.303,-0.195,-1.36,-1.551,-0.201,0.998,0.969,0.183,-0.265,-0.769,1.367,1.097,-0.483,0.584,1.535,2.109,0.09,1.368,2.348,1.139,-0.41,-1.154,-0.445,-0.054,1.089,0.865,0.522,1.532,0.515,0.38,1.024,0.666,1.998,-1.13,1.891,1.221,0.494,0.504,-1.296,0.131,-0.311,-0.486,0.075,-0.683,0.688,0.897,0.742,-1.951,Butterfly,900,250,0.396
-1.56,1.539,0.594,2.214,-0.902,-0.103,1.602,0.966,1.667,-0.273,-0.788,0.751,0.123,0.245,0.739,0.106,0.701,-0.13,0.123,-0.736,-0.388,-0.642,-0.062,-0.656,-0.891,0.294,-0.474,-0.465,0.368,-0.385,-1.256,-0.543,-0.942,0.605,-0.155,1.529,0.855,-0.431,-0.069,-0.427,0.492,-2.028,-0.233,-0.565,-0.702,-0.721,-1.528,-0.309,0.307,1.201,-0.367,-0.453,0.547,0.385,-0.458,0.286,2.259,-0.557,0.061,0.296,Breaststroke,497,763,0.469
-0.878,-1.621,-0.758,-0.485,-1.101,0.494,-1.585,0.223,1.626,-0.752,0.431,-1.657,-1.236,0.446,1.191,-0.524,1.208,-2.064,0.468,0.418,-1.162,0.216,-0.941,-1.795,0.081,1.194,0.279,-0.608,0.094,0.356,0.449,0.104,0.232,0.664,0.064,-0.756,-1.236,1.187,1.667,-0.449,-1.337,0.761,-0.113,-0.273,-1.052,-1.357,-0.485,-0.831,1.349,-1.385,1.241,-0.608,0.776,-0.195,0.498,0.386,-1.076,0.257,0.644,0.296,Breaststroke,602,163,0.491
0.105,0.388,0.292,-0.399,-0.906,-1.223,-0.783,-1.618,-0.243,0.395,0.671,-0.576,0.648,-2.33,-0.806,1.552,-0.202,-1.144,0.105,1.985,0.009,-0.334,-0.91,-0.322,-0.574,0.789,0.41,-1.738,-1.491,0.448,-0.02,0.747,0.199,-0.871,0.555,1.738,-0.582,-1.027,1.552,-0.091,1.321,-0.022,-1.699,0.863,0.174,1.061,-0.007,0.23,-0.045,0.361,-1.23,-1.199,0.724,-1.074,1.016,1.038,-0.57,-0.55,0.503,-0.935,Backstroke,935,721,0.913
-1.68,0.539,1.103,-0.921,1.0,0.555,-0.356,0.179,1.714,0.704,0.968,-0.862,-0.179,-0.352,-1.1,0.732,1.637,0.373,1.253,1.878,1.86,-1.074,1.794,-0.007,0.305,1.043,-1.006,0.174,0.375,0.886,-0.442,-0.914,-0.612,0.864,-0.142,-0.283,-1.337,0.081,0.236,-0.428,1.877,0.301,-0.243,0.53,-0.732,0.43,-0.458,-1.496,0.975,-0.245,-0.822,-0.218,1.144,-1.235,0.033,1.185,1.204,1.272,0.413,0.104,Breaststroke,1829,455,0.424
0.544,0.737,-0.27,-0.804,0.203,-0.824,1.492,0.882,-0.828,-0.664,0.58,-0.991,-0.498,-0.951,-2.166,1.368,1.679,0.47,0.16,-0.374,-0.066,0.48,0.413,-2.13,-1.859,1.351,1.222,-0.217,0.297,-1.261,0.822,-0.687,0.633,0.405,-0.268,-1.473,-0.49,-0.851,-1.429,0.479,0.464,0.366,0.514,-1.501,-2.776,-0.536,-0.681,0.127,0.162,-0.751,1.193,1.843,-1.19,-0.207,-0.631,0.224,-0.9,0.965,1.075,-0.626,Freestyle,330,750,0.396
0.427,-0.631,-0.648,1.204,0.683,0.501,0.123,0.946,-1.192,-1.018,-2.448,-1.191,-2.241,-0.446,-1.023,-0.727,-0.052,0.031,0.176,0.852,-0.106,0.904,0.634,0.63,0.045,0.064,-0.489,-0.196,-0.28,-0.463,1.114,-0.817,-2.112,-1.389,0.006,1.085,-0.33,-0.356,-2.39,0.171,-2.129,0.473,0.303,2.101,1.794,2.741,0.498,-1.267,1.677,-0.42,-0.88,-0.63,0.803,-0.773,-0.222,1.764,1.265,0.255,1.388,0.48,Backstroke,813,920,0.58
-0.315,0.644,1.656,0.183,-0.705,-0.251,0.436,-0.259,1.399,1.609,-0.628,-1.656,-2.101,0.024,-0.182,-0.577,-0.518,-2.343,-1.675,0.052,-1.028,-0.647,-0.063,-0.828,1.569,1.937,1.605,0.773,-0.034,0.219,-2.202,-0.218,0.77,-0.216,0.27,0.85,-1.101,2.006,-1.977,0.005,0.898,1.561,-0.26,0.24,-1.867,-0.116,0.295,1.211,-0.269,-1.004,-2.03,-0.86,0.408,-0.687,1.613,0.945,0.944,0.537,0.677,-0.298,Freestyle,968,628,0.147
-0.481,1.789,0.397,0.357,0.946,-0.038,-0.967,0.737,0.504,-0.655,0.732,0.239,0.801,-0.508,0.082,-0.364,0.067,-0.927,0.609,-0.647,-1.055,0.873,-0.496,0.914,1.368,-0.467,1.02,-1.533,0.209,0.865,-1.208,-0.271,1.024,0.319,0.789,1.201,0.152,1.631,1.649,0.126,-0.849,0.001,-0.077,-0.385,0.629,0.378,0.485,0.092,0.204,-0.219,-0.801,0.34,0.914,0.828,1.091,-0.024,0.751,0.068,1.552,0.355,Freestyle,337,398,0.568
0.458,0.251,0.224,0.499,1.283,1.882,-1.308,0.34,0.276,-1.6,-1.125,-0.197,-0.888,1.428,-0.193,0.415,0.589,-0.55,-0.435,-0.549,1.276,1.098,-1.14,0.022,-0.354,-0.631,-0.106,0.298,-0.219,0.304,0.043,1.009,0.345,0.14,0.604,-0.479,2.367,-1.484,-1.081,-0.394,-1.997,0.374,0.194,0.127,0.876,3.356,0.864,0.575,0.22,0.373,-0.58,0.401,-0.771,-1.515,-0.138,-1.122,-0.612,-1.174,-0.227,1.072,Backstroke,386,846,0.532
2.472,-1.053,0.744,-1.013,0.677,0.506,0.36,0.295,-0.698,0.07,1.203,0.125,-0.812,-0.412,0.224,-0.927,-0.524,0.457,-0.77,-0.86,0.175,-0.282,0.71,0.323,-0.718,0.085,-0.116,1.073,-0.312,-1.096,0.55,-1.001,0.781,-0.428,-0.61,-1.576,0.232,-0.945,0.902,0.759,-0.388,1.113,-1.086,-0.517,1.18,0.962,0.592,1.372,0.378,1.079,1.283,-0.613,-0.35,-0.154,0.655,-0.364,0.94,-0.999,0.697,-1.023,Front Crawl,894,181,0.283
-0.325,-0.748,0.013,0.872,-0.025,-0.416,1.055,0.136,-0.291,1.271,0.365,-0.291,-0.855,0.825,0.156,-0.914,-1.183,1.014,1.964,-0.148,-1.738,-1.112,0.889,0.273,0.827,-1.131,0.187,0.906,1.06,0.019,0.62,-0.433,1.4,0.536,1.11,1.506,-0.707,0.292,-0.357,0.158,-0.712,-0.01,-0.065,0.687,0.081,-1.375,-0.019,-0.532,0.32,-0.465,0.7,1.238,-1.439,-1.625,0.182,-0.196,0.224,-0.549,0.166,-1.607,Breaststroke,1518,903,1.0
0.251,1.292,0.898,-0.024,-1.147,1.088,0.716,0.272,-0.306,0.774,0.651,-0.028,0.54,0.218,0.356,-1.612,-0.777,-0.516,0.028,0.253,-0.535,-0.264,1.763,0.015,-1.089,2.69,-1.218,-0.95,-0.074,-0.905,1.307,-1.149,-1.143,-1.181,-1.81,0.197,-0.302,-2.93,-0.646,-0.415,-0.093,1.524,-1.509,-0.094,1.1,2.021,-0.467,0.04,-0.202,1.679,0.149,1.866,-1.777,1.168,0.126,0.52,0.911,-0.486,0.58,0.572,Breaststroke,224,842,0.568
-0.033,1.708,2.731,0.209,-0.431,1.469,-0.489,-1.393,1.583,-1.499,-2.667,-0.246,0.127,-0.808,0.378,0.596,0.726,1.486,-0.345,0.899,2.437,-0.463,-1.016,-0.35,0.592,-0.213,-1.548,0.563,0.676,-0.486,-0.173,0.689,-0.219,0.303,-1.211,-0.215,0.847,2.838,1.693,-0.146,-1.696,0.351,0.708,0.171,0.662,1.401,0.249,1.087,-0.214,-1.034,-1.818,-0.087,-0.651,0.399,0.587,-1.435,-0.093,0.213,0.633,-0.477,Breaststroke,1428,429,0.327
0.633,1.082,0.029,0.866,1.088,0.28,-0.961,0.622,0.705,-1.379,-2.582,-0.189,-1.624,0.099,-0.05,-0.147,-0.96,-1.157,-0.157,1.084,1.452,0.442,-0.6,-0.473,-1.859,0.391,0.743,1.837,-1.437,-0.655,1.682,1.167,-1.891,1.16,-0.868,1.718,-0.585,0.712,1.03,-1.277,0.066,-0.128,-1.283,-0.978,-0.05,2.472,-0.505,-1.24,-0.276,0.271,0.474,0.504,0.828,1.421,-0.534,-1.228,0.651,-0.908,-1.311,1.792,Breaststroke,437,633,0.457
1.097,1.365,-0.344,-1.575,0.766,-0.042,0.532,-0.634,2.011,-0.738,-0.029,-0.567,1.924,-0.332,0.761,-0.333,-1.875,0.005,0.95,-0.225,-0.614,-0.195,0.021,-0.505,1.046,0.393,-0.493,0.931,1.57,-0.3,0.315,-0.229,-0.188,0.881,-0.657,-0.962,2.074,-2.053,0.675,0.035,0.793,1.894,0.873,-0.263,0.859,1.546,-1.002,-1.315,-1.484,-0.926,0.089,1.136,1.146,-0.452,0.365,1.272,1.58,-0.43,-0.699,-0.157,Backstroke,1623,854,0.806
-0.084,1.243,-1.7,-1.548,-3.525,1.125,0.272,0.509,1.284,-0.372,-1.465,-1.079,0.339,-0.532,-0.513,0.867,0.066,0.476,-0.537,2.892,-0.495,0.263,-0.827,-0.015,1.712,-0.802,-0.956,0.064,-0.476,1.871,0.952,-0.571,-1.733,0.588,1.192,0.167,-2.674,-0.275,0.535,-1.529,1.354,0.585,0.463,0.054,0.024,0.315,0.326,-0.291,0.168,-0.171,-1.066,0.314,1.083,0.273,-0.839,0.26,-0.436,-0.731,-1.24,1.564,Breaststroke,516,703,0.434
1.7,0.262,0.028,-1.228,0.403,0.108,0.59,-0.863,1.101,2.668,1.252,0.77,1.25,1.105,0.669,-0.606,-0.383,0.904,2.137,0.106,-2.119,-1.174,0.061,-0.559,-0.944,-1.007,-0.472,-0.902,-1.126,1.522,1.373,-0.742,-0.318,0.69,-1.695,-1.09,-0.987,0.052,0.039,1.235,1.06,1.469,1.288,0.39,-0.282,-0.962,-0.679,1.594,-0.403,-0.161,1.182,0.648,-0.325,0.48,0.354,-0.058,0.995,-0.161,0.335,1.737,Butterfly,1601,853,0.026
-0.284,-0.564,-1.03,-0.427,0.492,0.296,-0.784,0.909,0.359,-0.739,1.409,1.127,1.165,0.952,2.106,1.036,0.149,-0.42,0.796,-1.154,0.442,1.988,0.379,-1.123,0.382,1.271,-0.881,-1.124,1.021,-0.299,0.354,-0.499,0.997,0.924,-0.138,-0.279,0.279,0.56,-0.507,-0.112,1.115,-0.927,-0.514,0.278,-0.676,0.787,0.396,0.311,-0.66,1.111,0.455,-0.65,1.502,-0.056,-0.438,0.53,0.155,1.388,-1.854,-1.251,Freestyle,1040,654,0.381
2.245,0.612,0.138,0.764,0.414,-1.495,-0.331,-0.041,-1.301,0.642,-0.038,-0.198,1.894,0.722,-0.083,0.379,-1.058,-0.581,-0.629,0.567,0.356,-1.13,-1.815,-1.322,0.981,-0.473,-0.873,-0.134,1.497,1.218,3.167,-0.553,-0.611,-1.696,-0.666,-0.894,-1.249,0.765,0.011,1.107,-0.132,-0.703,-0.922,0.878,-0.34,-0.131,0.537,0.597,0.167,-0.287,-0.869,-2.536,-1.303,-1.047,1.246,-0.422,1.196,-0.032,1.579,-1.747,Freestyle,188,842,0.595
0.651,-2.165,0.284,0.028,0.487,-0.54,0.393,0.696,1.393,-1.473,-0.487,-0.272,0.081,-0.47,-0.314,-0.509,0.264,-1.753,1.359,-1.389,-0.681,1.871,0.671,0.837,-1.386,1.476,-0.858,0.03,0.609,0.614,-1.892,1.002,1.614,-0.939,-0.397,-0.329,-1.16,-0.101,0.122,2.065,-0.402,0.437,0.451,0.17,-0.311,-1.186,1.21,0.562,-0.401,-1.406,1.048,1.416,-0.184,1.001,-2.524,-1.383,1.634,-0.766,0.093,0.047,Butterfly,1834,1072,0.527
-0.139,1.053,-1.937,-0.614,1.427,-0.565,0.566,0.651,-1.084,-0.326,1.407,-0.276,0.167,-1.729,1.965,1.074,-0.98,0.5,0.744,-0.505,0.389,-0.384,-0.528,1.058,0.413,0.208,-0.762,1.675,0.49,-0.536,1.031,-1.811,0.716,1.063,0.256,-0.398,-0.887,-0.072,-4.269,0.238,-0.203,-0.058,0.508,-0.395,-1.712,-1.421,-0.409,-1.146,-1.749,-0.674,-0.314,0.326,-1.786,0.651,1.011,-0.687,0.587,0.737,0.179,0.257,Backstroke,1420,642,0.487
-0.731,0.534,0.049,0.935,0.372,0.654,0.454,0.572,0.984,0.469,0.117,1.137,-0.067,1.875,-0.785,-0.672,-0.066,-0.962,1.209,-0.304,-2.061,-0.443,1.159,-1.732,0.061,-0.686,-0.825,-0.614,1.652,-0.197,-0.792,0.665,-0.772,-1.302,0.249,1.043,-1.43,-0.033,1.607,-0.16,-0.568,0.294,0.072,-0.592,0.67,0.453,1.137,-1.283,-0.338,-0.557,0.793,-1.242,-0.086,1.056,0.476,-0.854,1.337,0.339,0.253,-0.121,Breaststroke,689,827,0.224
-0.501,0.469,-0.344,-0.596,1.349,0.945,0.258,-1.423,-1.358,0.055,-1.472,0.879,0.065,0.712,0.762,-1.02,-0.092,0.425,0.747,1.202,-0.822,0.089,0.243,0.933,1.62,-2.548,1.177,0.319,0.095,1.041,2.334,0.004,-0.559,3.098,0.248,0.234,-0.03,1.485,-0.55,-0.235,0.259,1.498,0.808,0.172,-1.065,0.951,0.834,0.646,0.719,-0.425,-1.261,-0.548,2.02,-1.461,-0.871,0.496,1.343,-2.232,-0.448,-0.74,Front Crawl,1010,152,0.186
0.696,-1.566,0.408,0.066,0.258,-2.111,0.589,0.195,0.712,0.978,0.698,2.814,1.56,0.301,1.757,1.03,0.36,1.057,-0.176,-0.036,1.488,1.123,-0.865,-0.188,-1.202,0.805,1.75,-1.001,0.277,0.349,-1.341,1.342,-1.57,0.981,0.769,0.219,-1.16,-1.335,-1.429,-1.037,1.625,-0.009,0.26,-0.73,0.268,0.751,-1.426,0.364,-0.563,-0.31,-1.847,-1.365,-0.149,1.537,0.192,-0.194,-1.937,-0.112,-1.388,0.868,Freestyle,1107,811,0.271
-1.893,0.13,1.319,-0.979,0.368,1.81,-1.115,-0.326,0.049,0.089,-2.153,1.082,-1.614,-0.325,0.501,-0.306,-0.471,0.159,-0.262,-0.38,0.7,0.75,-0.889,-0.098,0.989,-0.31,0.689,0.412,0.872,0.499,-0.898,-0.736,0.707,-0.054,-0.596,-2.116,1.449,-0.619,-0.397,0.043,2.173,-0.282,-2.05,-0.872,0.147,-0.395,-0.878,0.169,-2.218,-0.18,-0.491,0.971,0.86,1.504,-1.273,2.306,1.524,-0.27,-1.164,-0.07,Backstroke,464,923,0.245
0.257,-0.588,1.144,0.392,-0.201,-0.138,2.074,0.135,1.154,0.011,-1.398,0.925,0.244,2.652,0.029,-1.461,0.455,-1.268,0.622,0.594,0.932,1.168,0.306,0.523,-1.039,0.259,1.764,-0.166,0.125,1.053,0.218,0.703,-0.669,-1.376,0.077,-0.646,0.034,0.157,-0.187,0.587,-1.711,-1.537,-0.765,-0.146,0.534,1.227,0.338,0.584,-1.625,-0.392,0.137,2.066,0.448,0.571,-2.634,0.266,-1.274,-0.069,0.567,-0.233,Backstroke,1347,494,0.382
-1.518,1.074,0.255,-0.873,-1.669,-1.175,1.133,1.342,0.976,-0.814,0.877,1.638,-0.052,1.47,1.616,-0.453,-0.009,1.422,-1.564,-1.129,-1.035,0.988,0.583,-0.323,-0.424,-1.409,-0.026,0.463,0.278,0.764,1.3,-0.609,0.007,1.445,0.307,-0.83,0.103,0.53,1.318,1.927,0.272,1.48,-2.286,1.436,0.085,-1.241,0.097,-1.783,-0.625,-0.902,-0.76,0.735,0.821,-1.103,-0.211,-0.579,-0.91,0.109,-0.642,-0.64,Backstroke,1904,488,0.587
0.356,0.868,-1.57,-0.154,0.286,-0.995,-1.943,0.468,-0.55,0.92,1.031,0.025,1.003,0.542,0.323,0.444,-1.053,-1.289,0.036,-1.616,-1.441,-0.431,-1.265,-0.739,0.616,-0.682,-0.132,1.058,1.15,0.029,1.317,1.388,-0.608,1.388,0.992,0.185,-0.424,0.121,-0.682,-0.161,-0.659,-0.687,0.6,-0.162,-0.52,-1.531,1.005,-1.172,0.527,-0.509,-0.163,0.856,0.377,0.018,0.525,-0.735,-0.419,0.746,1.36,0.4,Butterfly,1279,491,0.686
0.599,0.049,-0.145,-0.603,-0.816,-0.77,-0.469,-1.118,1.768,-0.541,-0.225,0.157,-2.883,0.311,2.085,-0.827,-1.214,-1.996,-1.422,1.251,1.181,1.627,1.194,-0.32,-1.851,-0.091,0.234,-0.645,-1.08,0.023,0.524,-2.306,-1.261,-0.181,0.463,-0.299,-0.351,-0.623,-0.537,-0.868,-1.134,0.255,2.026,0.008,0.733,-0.231,-1.404,0.806,-0.726,0.922,0.467,0.572,1.874,-1.332,-1.642,1.157,1.24,1.148,-2.135,-0.003,Backstroke,855,470,0.711
-0.445,-0.343,-1.739,0.029,1.228,0.197,0.708,-0.374,1.547,-0.078,1.276,-0.096,0.586,0.789,0.41,-0.462,0.733,-0.242,0.864,1.761,0.95,-0.672,-0.162,-1.029,1.381,-2.122,0.035,-0.517,1.336,-0.154,1.262,-1.361,0.477,-0.543,0.747,-1.515,-0.093,-0.388,-0.077,0.779,0.76,0.083,-0.738,0.729,-1.57,-1.155,1.52,0.459,2.225,0.078,0.665,0.714,-0.588,1.147,0.029,-1.96,-3.2,-2.254,0.235,2.092,Breaststroke,514,319,0.516
-0.801,-0.452,1.023,-1.951,1.368,1.159,-1.365,-0.782,0.996,-0.459,0.981,1.025,0.022,-0.454,0.301,-0.29,0.285,-0.844,0.419,1.071,0.786,-1.574,-0.087,0.091,-0.707,-0.397,-1.6,0.502,0.701,0.516,1.154,0.39,-0.395,1.078,-0.627,-0.023,-0.29,-1.619,0.303,-0.208,-0.643,-0.302,-0.878,0.184,-0.226,0.024,-1.358,0.708,0.914,-1.085,-0.051,-0.114,0.583,-0.686,1.338,-0.896,2.459,-0.314,-0.881,0.556,Butterfly,599,287,0.911
0.408,-0.069,-1.242,0.561,-0.306,0.469,0.491,0.139,-0.398,1.15,-1.833,-0.086,0.844,-0.65,-0.526,1.178,1.315,1.597,1.482,0.311,0.492,1.044,0.676,0.998,-1.381,-0.01,-1.162,0.476,1.471,0.02,0.187,-0.3,2.723,-0.664,-1.812,-0.924,1.649,-0.107,1.025,0.601,0.374,-1.03,-0.36,-0.259,-1.074,-0.468,0.617,0.438,0.305,0.268,0.447,-0.339,1.199,-2.015,1.804,1.7,1.075,-0.228,-0.706,0.149,Butterfly,744,1003,0.421
0.002,-0.729,0.257,0.88,0.491,-2.118,-0.224,0.126,-1.123,0.287,1.68,-0.921,-0.942,1.42,1.07,-1.812,1.901,0.102,-0.215,0.363,1.098,-0.264,0.488,0.163,-0.449,-0.402,0.529,-0.642,-1.257,-1.384,0.609,-1.804,0.218,-0.727,0.428,-1.173,0.33,-0.687,-0.977,0.249,0.178,0.298,-0.914,0.377,0.894,1.748,-0.622,1.609,0.115,-0.636,-1.027,0.612,0.149,-1.253,0.786,1.984,-1.646,0.139,-1.202,-1.803,Front Crawl,1262,342,0.417
-1.38,0.326,1.144,0.649,-0.492,0.663,1.193,0.295,-0.03,0.336,0.407,0.806,1.326,0.803,-2.321,0.58,-0.836,-0.791,-0.469,0.723,-0.86,-0.417,0.529,0.417,-0.499,-1.07,0.97,-0.08,0.529,0.9,-0.446,-0.337,-1.542,1.777,-0.067,2.117,-1.205,0.932,-0.611,0.289,1.402,-2.425,1.194,-1.367,-1.181,1.66,2.063,1.158,0.625,0.027,1.653,1.682,-0.035,-0.452,1.421,0.187,1.946,0.609,1.454,-0.985,Breaststroke,751,717,0.558
1.229,-0.332,0.144,-0.625,0.244,1.084,-0.086,-1.873,-0.519,-0.533,0.731,-2.35,-1.444,0.295,-0.309,-0.624,-0.748,0.336,0.272,1.143,-0.08,-1.623,-0.658,-1.344,-0.384,-0.837,1.043,-1.906,0.506,-0.538,0.755,-0.677,1.233,0.123,-0.775,-1.375,0.001,-0.386,-0.661,-0.136,0.192,-0.093,-1.369,0.162,0.874,0.676,-0.141,-0.756,0.875,-0.483,-0.881,0.893,0.176,0.646,0.607,-0.154,0.3,1.156,-1.895,-0.388,Front Crawl,791,781,0.314
1.029,1.109,-0.54,-0.718,-0.704,-1.024,0.571,-0.652,-2.018,-1.86,-2.311,-0.402,-0.322,-0.779,0.433,-0.694,-0.948,2.697,0.141,0.178,-0.363,-0.901,0.052,-0.678,-0.717,0.48,-0.596,0.708,-1.079,-1.352,-1.263,-0.307,-0.338,0.314,-2.889,-0.419,1.926,-1.025,0.678,1.235,0.207,0.223,-1.311,-0.339,-0.279,-0.894,-1.492,0.578,2.005,1.147,0.621,-0.587,-1.629,0.285,-1.147,1.358,-1.396,0.718,-1.558,0.652,Backstroke,1459,305,0.74
-1.28,0.499,1.011,-1.264,-0.34,0.708,0.109,-1.839,-1.754,1.524,-0.406,-0.146,0.758,2.213,-1.514,-1.246,0.165,-0.678,-0.852,-0.59,-1.693,-0.661,1.062,-2.266,0.557,-0.107,-0.456,-1.874,1.133,-1.459,-0.906,-1.469,-0.504,1.401,-0.963,-0.352,-0.601,2.392,0.201,0.368,0.001,-0.104,-1.211,1.292,1.398,-0.417,-0.62,-0.515,0.378,0.375,0.831,-1.063,-0.515,1.839,-1.478,1.168,0.096,-0.721,-0.707,0.83,Breaststroke,1335,260,0.219
-1.049,-0.51,-1.12,0.417,0.437,1.589,-0.281,1.796,-0.355,-0.936,-2.125,1.713,1.136,0.719,-0.705,1.296,-0.023,0.632,0.934,0.211,-1.06,1.793,1.232,-0.327,1.005,-0.868,0.299,-0.128,-0.707,0.049,-0.158,0.446,0.745,0.954,-1.173,0.033,0.255,0.324,-0.49,0.402,0.718,0.897,-0.874,0.343,1.7,1.379,-0.095,-0.576,-0.096,0.006,-0.884,0.249,0.675,0.79,1.027,0.069,-0.909,-1.025,0.277,-0.708,Butterfly,843,1078,0.275
-1.048,0.432,1.393,-0.668,-0.159,0.889,-2.378,1.378,0.758,1.108,1.715,0.156,-0.582,-0.413,-1.536,0.213,-2.209,0.57,-0.239,0.079,-0.437,0.28,0.218,-1.332,-1.684,0.233,0.802,-0.212,-0.055,-0.257,-1.454,-0.95,-0.468,0.239,0.185,0.548,0.912,0.106,0.572,0.96,0.292,1.012,-0.785,0.026,-1.16,-0.378,-1.144,-0.812,-0.264,0.551,0.582,0.519,-0.937,-0.765,0.972,0.977,-3.036,-0.514,0.948,1.213,Front Crawl,859,478,0.658
1.189,1.094,0.829,-0.151,0.83,-0.666,1.168,-1.006,0.272,-0.557,0.39,-1.566,-0.683,1.355,0.432,-0.25,-1.181,-0.7,1.741,0.828,0.618,0.312,-1.035,1.375,-0.927,-1.421,0.748,-0.571,1.249,-0.047,-0.731,0.069,1.149,-1.309,-1.213,1.221,-0.866,0.058,0.474,1.026,-0.416,-0.73,1.153,0.941,2.819,1.431,-0.257,-0.322,0.01,-0.327,-1.14,1.507,-0.28,-0.079,-1.767,-0.368,-0.518,1.134,-0.856,0.826,Breaststroke,108,545,0.719
-0.778,0.013,0.358,-0.337,0.914,-1.761,1.215,-1.204,0.623,1.119,-0.83,0.34,-0.635,-0.771,-0.279,-0.329,0.075,-0.94,-0.247,-1.207,0.583,0.94,1.816,0.847,-0.721,0.374,-0.692,-0.467,0.613,0.662,-0.837,-0.791,1.377,-0.245,-0.373,-0.256,-0.539,0.49,-1.397,-0.224,0.145,0.117,1.092,1.513,1.019,-0.717,-0.385,-0.167,1.389,-1.69,-0.883,1.912,1.623,0.177,-0.124,1.141,0.114,-2.282,0.256,0.176,Freestyle,1748,377,0.021
-1.599,-0.367,-0.804,-1.545,0.143,0.952,0.764,0.056,0.653,0.042,0.24,1.556,2.352,-1.12,0.574,-0.557,0.107,-0.552,0.987,-0.432,1.117,-1.271,-0.949,-0.017,-0.435,0.707,0.285,-0.595,0.72,1.354,0.341,0.835,1.766,-0.649,0.501,1.653,0.749,-0.601,-0.519,-1.213,0.029,0.171,-1.048,0.62,-1.58,-2.265,-0.141,1.639,-0.102,0.35,0.249,0.178,0.975,-0.084,-0.383,-1.326,2.275,0.858,0.436,-0.508,Butterfly,1766,491,0.67
-0.277,-0.976,1.085,-0.194,0.793,1.287,0.583,0.369,0.418,-1.816,-0.651,-0.203,-0.247,2.066,-0.327,1.198,0.259,0.733,-0.456,1.669,-0.468,0.983,-0.096,-1.627,-1.239,-1.282,1.393,-1.854,0.009,-0.401,1.202,-1.513,0.781,0.724,0.755,-0.56,1.398,-0.048,-0.787,-1.206,0.601,0.325,-1.77,0.048,1.2,0.396,-0.494,-1.494,1.265,0.542,-0.311,0.41,0.461,-0.336,0.021,0.152,0.02,-1.25,-1.886,0.721,Freestyle,196,1057,0.215
1.362,0.417,-0.337,1.517,0.406,0.795,-2.053,-0.558,1.523,0.187,0.89,-1.527,-2.332,-0.362,0.411,-0.058,1.366,-0.075,0.019,0.858,0.073,-1.86,-1.128,0.963,-0.466,-0.449,-1.021,0.119,0.447,0.847,-0.245,-0.915,0.201,0.539,0.7,-1.877,-0.286,-3.037,0.157,-0.073,0.578,1.175,-0.589,-0.087,0.071,-0.919,1.28,0.352,0.044,0.202,-0.532,-1.806,1.204,-1.229,1.193,0.022,-1.986,-1.455,-0.273,0.04,Breaststroke,909,1031,0.172
0.158,0.766,-0.02,0.713,-1.192,-1.049,0.657,0.864,0.84,0.076,-2.652,0.91,-0.297,-1.225,-0.829,0.316,0.369,-0.844,0.532,0.234,-0.403,0.792,0.247,-0.684,0.788,-1.281,-1.303,-0.354,-1.24,0.501,1.97,-1.514,0.575,-1.363,0.379,-1.293,0.571,0.23,-0.383,-0.72,-1.87,0.668,0.222,-0.248,-2.572,0.548,0.797,0.556,0.573,0.259,2.639,0.472,-0.235,-0.054,1.541,0.16,-0.118,1.874,-0.784,-0.454,Breaststroke,163,719,0.361
-0.241,1.767,-0.166,0.893,1.033,-0.427,0.784,0.357,1.215,2.009,-1.165,-1.771,-0.35,-2.637,-0.532,2.501,0.797,1.447,-0.011,-0.498,0.525,-0.135,-1.064,1.367,1.522,-0.834,-0.427,-0.141,-0.348,0.659,0.622,0.064,-0.699,-0.137,-0.438,0.35,-1.547,-0.661,0.959,-0.892,-0.49,-0.334,-1.035,1.997,-0.039,-1.297,0.266,1.833,-1.003,1.946,-0.156,1.178,-0.269,-1.98,1.349,-0.306,-0.144,-0.771,-0.972,-1.268,Freestyle,327,532,0.534
0.741,1.172,-2.163,-0.428,3.488,-0.248,1.061,-0.582,-0.062,0.39,-0.475,0.496,-0.205,-1.283,-2.928,-0.041,-0.417,0.033,-0.27,0.102,0.328,-1.272,-0.454,1.608,-0.225,0.927,0.729,-0.82,-1.301,1.018,0.086,-1.552,-0.683,-0.302,-0.522,-1.108,-0.337,0.28,-1.188,1.374,-1.27,0.3,-0.344,1.439,-1.033,1.511,3.415,0.46,0.44,-1.312,0.549,0.913,1.75,-0.611,0.794,0.932,0.088,0.563,-1.98,0.73,Butterfly,1651,851,0.511
0.152,-0.452,-0.909,-0.126,-0.176,-0.888,0.847,0.862,-0.495,-1.194,1.217,-0.402,-1.995,0.217,1.267,0.812,-0.603,-1.324,-1.122,-1.382,-1.205,0.243,1.618,-0.576,1.418,1.034,0.494,-0.031,0.874,1.324,-0.399,-0.046,-1.129,-0.466,-0.832,0.997,-0.982,-0.031,-1.026,0.325,0.788,1.263,-0.218,-0.644,-0.01,-0.546,-0.536,-1.365,0.273,0.441,0.562,-2.021,1.597,0.072,-0.545,-1.193,0.269,1.51,-0.117,0.514,Breaststroke,1206,793,0.526
0.167,0.198,2.678,-1.224,0.274,1.667,1.021,1.556,0.36,1.832,0.534,1.094,-0.127,0.434,-0.969,-0.761,1.508,0.865,-0.113,-0.437,0.488,0.191,2.857,1.026,-0.55,1.019,-0.221,-1.334,0.285,0.956,1.339,-0.807,1.061,-0.751,-0.493,-1.012,1.799,-0.158,0.675,0.502,-0.471,-1.849,1.45,-0.432,-0.412,0.096,-0.211,-0.404,1.635,0.203,-0.591,1.155,0.001,-0.165,0.85,-0.425,-0.756,1.002,2.815,0.563,Front Crawl,1677,296,0.53
1.224,-0.22,-0.309,0.509,1.107,2.257,0.815,-0.615,0.512,-0.53,-1.11,-0.678,1.212,-0.864,1.475,-0.163,0.276,1.565,-0.767,-0.552,0.684,-0.978,-2.115,1.409,-0.14,-2.49,0.858,-0.984,0.733,-0.065,0.483,0.828,-1.277,0.423,0.363,0.761,0.023,-0.085,0.461,0.57,0.163,0.982,-0.954,0.133,-0.534,-0.778,0.251,-0.115,-1.235,-1.067,-0.366,0.562,0.989,-1.927,0.085,-0.723,2.339,-0.595,0.063,0.444,Front Crawl,122,1008,0.347
0.743,-2.521,-1.212,-0.849,1.091,0.898,-0.717,0.06,1.178,0.385,0.3,0.599,0.351,0.859,-1.088,0.119,0.837,1.867,0.633,-0.547,-0.822,0.737,-2.481,0.513,-1.052,1.852,-0.482,1.726,-0.134,-2.189,1.27,-0.577,-1.122,-2.077,-0.36,0.334,-0.17,-2.328,0.1,-0.371,-1.573,-1.41,0.682,-0.061,-0.361,0.463,-2.486,0.031,-0.035,0.155,-0.811,-1.394,-1.327,-1.065,0.138,-0.395,-0.61,-1.0,-1.893,-1.308,Breaststroke,1721,586,0.376
0.089,0.609,-0.422,-0.189,0.707,-0.731,-1.017,-0.671,-1.032,0.797,0.172,0.941,1.309,1.548,1.558,0.262,-2.005,0.714,-0.105,0.009,-0.487,-1.048,-0.379,-0.263,0.793,0.777,0.048,-0.341,0.196,-0.605,-0.426,-0.182,-0.866,-0.677,1.391,0.571,-0.702,-1.007,-0.869,-0.187,1.723,-1.771,0.572,-0.434,-1.163,0.844,-0.336,0.038,0.895,-0.015,-0.958,-2.477,1.66,-0.429,0.815,0.312,-0.45,0.091,-0.418,0.814,Front Crawl,1607,703,0.371
0.042,0.545,2.981,-0.997,1.714,-0.496,1.118,0.259,1.226,0.366,-0.535,0.732,1.365,-0.259,0.065,-0.791,0.36,-1.54,0.041,-1.144,1.549,-0.048,0.762,-0.408,-1.562,-0.01,1.811,-0.772,0.303,0.362,0.368,-0.47,-0.026,0.114,-0.063,-0.167,-0.59,0.997,-1.609,-0.266,-1.632,0.662,-1.45,1.728,1.2,1.266,-0.494,-1.018,-0.073,0.137,0.679,1.627,-0.713,-0.285,-1.283,-0.444,0.093,0.319,0.752,0.668,Butterfly,772,792,0.278
1.075,1.129,-0.038,0.788,-0.989,0.048,0.309,0.693,-0.915,-1.163,-0.837,-0.622,-0.32,-0.828,0.623,-0.387,0.25,-0.687,0.357,-0.947,-0.425,-0.008,0.4,0.291,0.889,-1.198,0.293,1.192,1.394,-0.493,-0.061,-0.826,-2.127,-1.61,-0.848,1.444,0.226,-0.899,0.227,0.188,0.753,-1.179,-1.065,0.012,-1.411,-0.478,0.477,-1.309,-0.107,1.217,1.788,-0.207,-1.442,-1.486,2.122,-0.023,-0.446,0.207,0.025,-0.559,Freestyle,1556,905,0.927
-1.536,0.308,0.118,0.749,-1.546,0.317,0.938,0.676,0.565,-1.884,0.214,0.251,-1.142,0.849,1.343,-0.095,0.591,0.906,-0.964,1.428,-0.2,1.045,-0.449,-0.556,-0.225,0.289,0.676,0.297,1.05,1.003,0.909,-1.059,0.002,0.071,0.71,-0.533,-2.867,0.666,0.975,0.195,-0.187,-0.894,-0.321,0.32,-1.386,1.111,-0.585,-0.744,0.26,-0.88,-0.499,1.192,0.864,0.132,-0.673,-0.263,-0.779,0.701,-0.752,0.665,Breaststroke,530,828,0.416
0.4,-0.946,0.966,-1.395,-1.275,0.169,-0.006,-1.453,-1.956,-0.164,-0.1,-0.754,-1.117,-0.202,1.385,0.595,0.551,1.119,-0.131,-2.799,-0.54,-1.458,1.356,1.18,0.274,0.633,1.326,1.464,0.76,-0.772,0.662,0.598,0.069,0.19,-0.169,0.303,-0.532,-0.225,-3.159,-2.139,0.119,-0.934,1.542,-0.458,-1.125,0.287,-1.719,-0.456,-3.076,0.113,0.815,-0.499,1.01,0.461,0.078,0.483,-0.972,0.742,0.124,-0.06,Front Crawl,968,885,0.46
-0.726,-2.397,-0.139,-0.254,-0.779,-0.526,1.302,1.095,-0.588,-0.405,1.381,-0.106,-0.33,1.072,-0.7,-0.426,0.924,1.656,-0.579,-0.107,-0.906,0.131,-0.206,1.273,2.515,0.687,-0.103,-0.393,-1.735,0.301,-0.75,0.08,-0.295,-1.447,-1.652,1.025,0.268,0.872,-1.031,2.493,-0.772,-2.461,-0.323,-1.533,-0.308,-0.226,0.073,-1.683,1.082,0.777,0.803,1.345,-1.296,-0.047,-0.067,0.69,-0.388,1.593,-1.748,-0.348,Front Crawl,429,185,0.598
-0.977,-0.187,1.856,0.868,0.537,-0.131,1.261,0.914,0.183,-1.996,1.307,0.539,-0.735,0.572,0.351,-0.624,-0.331,-1.58,1.828,-0.38,0.177,-0.623,0.899,1.613,0.479,0.235,1.823,0.339,0.613,0.454,0.849,0.306,1.083,-2.354,0.214,-1.722,0.93,0.59,-0.595,1.733,-1.605,1.941,0.279,1.442,0.123,-0.655,-0.616,1.584,0.434,-0.629,-1.045,1.554,-0.754,-2.173,0.66,0.646,-1.449,-2.817,1.163,-0.325,Freestyle,1689,951,0.54
1.594,0.346,-1.486,0.334,-2.066,-1.47,-0.081,0.146,1.389,1.26,-1.018,-1.499,0.335,-0.31,-0.354,0.566,0.399,-0.303,2.33,1.314,-0.455,-0.787,0.818,0.408,-1.267,-0.661,-1.262,-0.318,0.052,0.226,0.237,0.148,-0.182,-0.834,-2.225,0.422,-1.056,-1.01,2.029,1.95,0.519,0.118,-1.378,0.835,0.312,0.28,0.8,1.845,-0.785,-0.105,-0.544,-0.35,-0.206,1.451,0.297,-0.525,1.259,-1.267,0.11,1.126,Butterfly,1518,721,0.63
0.802,-0.893,-1.53,-0.5,-0.119,1.28,0.481,0.191,0.948,-1.383,-2.379,1.34,0.17,-0.175,-1.218,0.248,-0.818,1.109,0.592,-0.48,0.568,-1.267,-1.318,0.06,1.336,-0.346,2.107,0.542,0.07,1.092,1.566,-0.803,-1.886,1.252,0.111,-0.986,-0.353,1.349,0.184,-0.739,1.292,0.418,0.25,0.032,-0.073,-0.468,1.727,0.132,0.621,1.761,-1.928,-1.87,-0.502,-0.044,0.656,2.053,-0.908,0.036,1.756,0.536,Freestyle,1260,692,0.376
0.986,-0.404,-0.129,-0.882,-0.364,-0.362,-1.259,-1.484,0.188,-0.649,0.484,1.17,0.754,-1.558,-1.179,1.224,0.831,-0.181,0.41,-0.504,-0.231,-0.885,0.915,1.634,-0.215,-1.936,-1.248,-1.044,0.71,-0.887,1.286,1.801,1.693,-0.806,-0.101,0.813,1.423,-1.197,-0.961,0.449,-0.055,0.193,1.09,-0.588,0.289,0.599,0.949,-0.468,0.37,-0.617,0.106,-0.806,0.284,0.494,1.222,0.873,0.033,-0.671,-0.627,-0.586,Front Crawl,1189,438,0.467
-0.415,-1.092,-1.8,0.002,-0.695,-0.181,0.693,-0.733,-1.868,-0.554,-0.553,-0.141,-1.529,-0.778,-0.537,1.103,0.52,0.695,0.344,3.722,0.003,0.931,-0.393,-1.495,0.479,0.752,0.318,0.969,0.736,1.469,0.374,-0.295,0.478,2.99,0.605,0.266,-0.657,0.216,-0.301,1.672,-2.769,0.788,-0.269,-0.575,0.116,-0.9,0.429,-0.562,-0.812,-0.451,-2.062,0.901,-0.499,0.549,-0.898,0.516,2.912,-1.478,0.159,0.86,Backstroke,1300,826,0.525
0.911,0.841,0.03,1.71,0.264,-0.142,0.133,0.308,-1.508,0.825,-0.66,1.244,-0.162,-0.84,0.562,0.743,0.757,-1.896,-0.473,-0.545,2.395,-0.439,2.218,0.996,-1.419,-0.282,-0.724,1.362,0.64,0.014,-1.51,0.784,-1.165,0.277,0.871,-1.36,1.392,-0.486,0.167,-2.026,0.434,-2.038,-2.102,-0.659,-1.259,1.401,0.476,0.246,-0.292,0.062,-0.622,-1.154,-0.831,0.223,-1.269,-0.937,-0.23,0.379,0.606,0.483,Freestyle,1147,685,0.356
-0.881,0.948,-1.503,-0.302,-0.589,-1.633,0.771,0.897,1.989,-0.168,0.981,-0.429,-0.363,1.254,0.935,0.141,1.219,-0.145,-0.615,0.351,-2.277,0.741,0.152,0.644,0.927,-0.525,0.358,0.905,1.228,0.971,-0.796,-0.877,0.149,-0.876,-0.203,0.44,1.02,-0.385,0.767,-1.807,0.181,0.803,0.261,-1.163,1.62,0.094,-0.284,-0.344,-1.202,0.268,0.059,-0.626,0.715,-0.674,1.232,0.008,-0.071,-0.231,1.953,-0.134,Butterfly,1765,895,0.379
-0.844,-0.46,-0.917,1.579,-1.017,-0.459,-0.53,-2.87,1.483,1.863,-1.043,2.248,0.981,-0.169,-0.195,-1.95,-0.201,0.386,-2.143,1.111,-0.062,0.054,-0.361,-0.764,-1.752,1.707,0.72,0.494,0.241,0.97,0.557,-1.413,-1.783,1.179,0.297,-0.262,0.637,0.526,-0.311,0.636,0.149,0.08,1.318,-1.354,-0.607,-1.353,1.296,0.271,0.076,0.299,-2.01,0.341,0.184,1.239,0.958,0.695,0.042,0.54,-0.512,-0.554,Front Crawl,1894,290,0.551
-1.669,-0.953,-0.59,-0.532,-0.139,0.687,-0.884,2.075,0.02,0.796,-0.352,0.827,-0.13,-0.783,-0.221,0.855,1.441,0.148,0.827,-0.779,-0.782,-0.11,1.638,-0.153,-0.937,-1.275,0.385,0.569,-0.401,-0.461,-0.873,-2.207,-0.246,-1.304,-0.868,-0.296,-1.113,-1.762,1.136,1.544,0.875,-1.795,-0.545,-0.656,0.515,0.577,0.986,-0.839,0.054,1.312,-0.164,-0.758,-1.598,0.591,-1.077,1.212,1.452,-1.738,1.564,1.312,Freestyle,1690,627,0.541
-0.235,-0.605,-1.159,-1.309,0.904,2.446,-1.692,0.548,0.406,0.533,-0.056,0.806,2.726,-2.396,-0.253,0.688,0.015,0.008,0.904,-0.02,-0.567,0.429,-0.287,-0.445,-0.243,0.115,0.507,0.694,-0.599,-0.496,-0.661,0.601,-0.19,0.761,0.786,-0.519,0.761,0.151,1.103,-0.028,0.154,-1.032,1.579,-0.15,-0.039,-1.109,-0.016,0.643,-0.182,-0.237,1.161,-0.816,0.668,2.507,-0.322,-1.133,1.409,1.34,0.386,-0.445,Front Crawl,1111,697,0.612
-0.826,0.058,0.63,0.177,-1.294,-0.191,0.063,2.504,1.135,-1.454,-1.124,0.536,1.323,-1.226,0.528,0.064,-0.635,0.443,0.078,-1.51,0.948,-0.954,-0.117,-1.386,0.946,-0.746,0.193,-1.412,-0.222,0.924,0.37,-0.66,-0.856,0.124,0.247,0.277,0.355,1.059,-0.265,-1.649,-0.258,0.12,0.067,-0.893,0.479,0.431,0.236,-0.222,-0.25,-0.191,1.954,-0.496,0.154,-0.355,-2.081,-0.549,1.587,0.087,0.185,-1.174,Butterfly,1349,788,0.308
0.597,-0.859,0.134,-1.3,-0.388,-0.406,-0.308,0.218,1.069,-0.404,1.998,-1.205,-1.412,0.406,-0.514,1.989,-0.173,1.438,1.407,-0.277,1.251,0.754,-0.345,-1.477,-0.033,0.593,-1.611,0.811,0.0,1.393,1.248,-1.012,-2.108,-0.117,0.216,-0.422,0.604,-1.112,0.297,1.025,0.977,-1.358,0.883,-1.05,0.753,0.545,-1.541,0.915,0.119,0.02,1.446,2.756,-0.347,0.803,0.847,0.28,-0.445,0.112,1.541,0.234,Breaststroke,1838,708,0.28
-1.445,2.34,-0.988,0.287,0.496,0.224,0.927,-0.326,-2.126,1.15,0.969,-0.126,-1.535,0.641,-1.375,-0.159,-2.062,-0.687,0.756,0.334,-2.118,1.912,-2.071,-0.518,0.926,-1.836,0.522,-0.942,-0.168,1.726,1.429,-0.175,-0.075,1.347,0.529,2.457,-0.175,-0.497,1.946,-0.77,1.2,-0.654,-0.51,-2.372,-0.985,-0.771,-1.384,2.094,-0.479,-0.91,-0.051,1.255,-1.843,0.473,-1.413,0.163,0.61,-0.354,0.909,0.594,Backstroke,1153,1009,0.792
-0.596,0.515,-1.097,-0.269,-0.841,-2.43,-1.206,-0.245,-1.171,-0.345,1.378,-0.265,-0.048,-1.252,-0.517,0.391,0.518,-0.653,-0.239,-1.02,1.035,-1.554,-0.148,0.433,-1.857,-0.738,-0.317,-0.022,0.317,1.457,-1.736,-0.593,-0.156,1.421,-0.004,-0.884,0.226,0.098,0.095,0.276,1.095,-0.864,1.523,1.804,-1.213,-1.096,-0.52,0.96,-0.152,0.312,0.09,-0.985,-0.97,0.419,-0.225,-1.805,0.979,-0.81,-0.434,0.347,Front Crawl,1130,173,0.486
0.675,-2.138,0.48,0.928,0.645,-0.032,0.122,1.87,1.951,-2.137,1.678,-0.322,0.322,0.498,-0.893,2.697,-1.927,-0.466,-1.482,-1.258,-1.006,-1.27,-0.809,-0.053,-0.216,0.735,-0.439,0.801,0.125,0.591,-0.302,0.792,-0.088,1.141,-0.327,-0.7,-1.3,1.236,-1.384,-0.022,0.511,0.003,-2.113,1.257,0.367,-0.058,-0.6,-1.09,0.877,0.551,0.818,-0.92,-0.224,-2.28,-0.237,-0.445,0.355,1.67,-0.266,-0.466,Freestyle,1235,910,0.436
-0.179,-1.542,0.093,0.317,-0.024,-0.93,0.336,0.323,0.858,-1.482,-0.234,0.769,0.533,1.905,-0.604,1.853,0.651,-1.105,1.142,0.127,0.685,-0.887,-0.292,2.398,-0.662,1.076,-0.593,-0.54,0.099,1.392,0.652,-0.692,-0.612,0.573,-1.894,-0.249,-0.4,-0.059,-0.883,-1.454,0.268,-0.017,-0.365,-1.202,-2.288,-1.159,1.166,0.438,0.48,-0.203,0.303,-1.703,-0.472,0.24,0.01,0.772,1.325,0.237,0.666,1.12,Backstroke,1075,756,0.389
1.364,-0.188,-0.745,0.015,0.026,0.298,0.978,1.382,0.618,0.594,-1.287,1.786,2.469,-1.27,-1.061,-1.144,0.113,0.502,0.951,0.53,1.526,-0.342,2.024,0.572,-2.585,0.098,1.514,-0.096,-0.408,-0.001,-0.904,1.016,0.069,0.069,0.779,-1.288,-2.717,-0.83,0.28,-0.629,0.807,-0.88,0.218,-1.442,-0.825,-1.79,0.577,-0.739,-0.252,-0.149,0.4,1.03,0.502,-0.743,0.277,-0.445,0.797,-0.512,-1.241,-0.505,Butterfly,1693,619,0.369
-0.82,0.759,-1.164,1.004,-0.403,-0.604,-0.539,0.847,1.021,-0.017,-2.317,-0.921,-1.146,-1.974,-0.114,-0.498,1.136,-0.806,-0.61,-0.058,-0.05,0.652,-1.463,-0.165,-0.95,-0.771,-1.724,-1.099,0.892,-1.281,1.145,-1.142,-0.329,0.024,0.635,-1.379,-0.059,0.455,-2.096,-0.871,0.997,0.487,0.101,0.07,-0.702,1.228,-0.441,0.228,-0.104,-0.08,-0.145,0.111,-2.274,0.679,0.164,1.138,0.797,0.056,0.242,-0.078,Butterfly,1162,185,0.448
0.811,-0.974,-1.321,0.573,0.919,-0.705,0.384,1.081,-0.28,-1.881,-0.555,1.309,0.154,1.673,-1.311,-0.983,0.709,0.407,-1.287,-0.707,0.327,-0.259,0.159,0.631,2.216,0.05,-0.521,-0.148,0.768,-2.397,-1.127,0.057,1.43,-0.005,-0.981,0.695,-0.009,1.04,1.58,-0.325,-0.47,0.647,0.522,-1.818,1.099,-1.036,-0.58,0.627,1.592,-0.184,-0.936,1.382,-2.306,0.948,-0.722,-1.7,0.202,1.047,0.805,0.002,Freestyle,314,726,0.382
1.445,-1.527,0.175,0.555,0.4,0.5,0.793,-2.717,1.271,-0.98,0.871,2.272,-1.315,0.772,-0.006,0.76,-0.012,0.299,1.022,0.287,-0.165,-1.108,-2.26,0.494,0.466,1.043,-0.083,-0.846,0.143,-1.553,-2.537,-0.177,0.179,-1.175,-1.016,0.921,0.845,0.35,0.364,-0.6,0.443,-0.363,0.006,-0.022,-1.921,0.628,-0.319,0.561,0.553,-1.494,2.295,1.791,-0.037,-0.154,-0.41,0.548,-1.14,2.609,-0.015,-1.044,Front Crawl,530,126,0.502
-0.319,-0.008,-0.275,-1.094,0.959,-0.093,-0.777,-0.426,-1.892,-0.979,-0.54,-0.354,-0.625,-0.321,-0.167,-2.486,0.873,0.728,0.726,-1.477,-2.201,-0.365,0.082,-2.863,-0.577,0.143,-1.232,-0.234,-0.458,0.559,-0.345,-2.877,-1.257,-0.059,0.741,0.485,-0.416,-1.178,-0.257,0.826,-0.094,-0.463,1.43,-1.709,0.633,1.826,0.633,-0.209,0.619,1.012,-0.209,-0.705,-1.322,-0.437,-1.023,1.539,-0.966,0.56,-0.709,-0.704,Butterfly,1050,973,0.965
0.797,-1.914,-1.477,0.781,-0.785,0.614,1.414,-0.883,0.381,1.039,-0.763,0.736,1.575,0.779,-1.389,0.542,2.035,0.578,0.081,0.437,-1.188,-0.219,-2.024,-0.874,-0.475,0.557,0.58,0.533,0.055,-0.597,-1.285,-0.669,-0.313,-0.826,0.679,-1.036,0.409,0.286,-0.605,1.808,-0.235,1.65,-1.044,-1.438,1.898,0.747,-1.335,0.11,0.825,-0.04,0.084,0.674,-0.518,0.772,-0.037,0.21,-1.324,0.767,0.177,0.608,Breaststroke,104,700,0.465
-1.123,-0.274,1.443,1.516,-1.166,1.343,0.498,-0.004,1.269,0.225,1.853,0.111,0.931,1.338,-1.491,-0.307,1.277,-0.455,-0.233,2.211,0.197,-0.633,1.657,-0.251,-0.381,2.125,0.14,0.202,0.193,0.547,-0.482,0.732,0.65,-2.465,-0.598,-0.575,-0.287,0.771,-1.389,-0.307,0.301,-0.371,-0.66,-0.888,-0.792,2.12,1.733,0.058,0.412,1.075,-0.193,-0.861,0.778,1.718,0.973,0.983,-1.474,0.731,0.706,0.505,Breaststroke,1273,942,0.342
0.798,0.42,0.102,0.673,0.996,0.784,0.415,-1.799,-1.407,-0.496,0.511,0.881,-0.38,-0.93,-1.324,-0.39,-0.305,0.144,-0.278,-0.447,0.24,-1.791,-1.751,-0.672,-0.466,2.538,0.412,-0.637,0.022,-0.616,-0.49,0.316,1.449,1.487,0.292,0.01,-0.732,-0.153,-0.027,0.361,0.462,0.825,0.79,2.155,-0.352,-0.018,0.141,0.766,-0.578,-0.161,0.191,1.028,0.529,1.712,0.449,-0.702,-0.553,-1.168,1.291,0.587,Butterfly,1103,1055,0.431
-0.273,-0.525,1.506,0.982,0.122,-0.871,-0.36,1.072,-0.586,1.277,-1.785,-1.006,0.649,-0.665,0.238,0.298,1.8,-0.375,-0.338,-0.176,-1.688,-0.448,-0.016,1.097,0.542,-0.226,0.385,-0.2,0.433,0.436,-0.166,0.437,-0.508,0.067,0.04,1.203,-0.823,0.814,0.652,-0.599,1.568,-0.175,-1.335,0.211,0.656,0.874,0.39,-1.283,-1.137,1.255,0.66,0.483,-0.604,-1.297,-0.032,1.513,-0.182,-0.124,0.191,1.013,Butterfly,1598,206,0.509
1.004,0.011,-0.137,-1.496,0.635,-0.767,1.226,-0.486,1.347,-1.978,0.844,-1.699,0.052,1.078,-1.223,-0.45,-0.901,-0.429,-0.802,0.913,-0.706,-0.229,0.365,1.647,0.5,0.891,0.229,-2.891,-1.947,1.293,-0.308,-0.448,-1.514,0.501,1.315,1.41,-1.611,-1.074,-2.225,2.013,0.546,-1.458,0.647,0.3,1.045,-0.189,-0.783,2.012,-0.749,0.099,-0.88,0.085,-0.192,-1.217,-0.268,-0.79,0.214,-0.605,0.707,0.001,Breaststroke,678,674,0.814
1.459,-0.493,0.575,-1.098,-1.532,-0.649,0.883,2.069,-1.099,-0.087,-1.276,-1.181,-0.373,-0.819,-0.814,-1.756,-0.079,-0.254,0.145,0.365,1.253,1.321,-1.086,-0.524,-0.139,0.054,0.25,-1.262,1.011,1.225,0.91,0.486,-0.329,0.837,-0.97,2.006,0.159,0.394,1.246,0.936,-0.576,-0.015,-1.139,-2.111,0.049,-0.987,0.635,-0.073,-0.287,-0.041,2.892,-0.27,-0.154,-1.323,0.281,-0.084,-0.895,0.74,-2.176,0.86,Backstroke,944,889,0.326
1.011,0.036,-1.774,-0.667,-1.193,1.155,1.392,0.718,-0.216,0.79,0.467,0.934,-0.651,-1.153,-0.581,1.085,-0.083,1.107,0.444,-1.59,0.254,0.315,0.231,1.367,-0.121,-0.213,-0.48,-0.746,-0.732,-1.065,0.764,1.934,-0.995,-0.199,0.854,-1.03,-0.692,-0.999,0.97,2.087,0.443,1.67,-1.503,0.061,0.07,-1.325,1.791,0.963,1.088,-0.246,-1.16,-1.265,0.046,-0.614,0.291,-0.268,2.091,0.248,2.059,0.598,Butterfly,114,535,0.082
0.946,-0.333,-0.521,-0.122,-0.744,-0.118,-0.635,-0.033,0.167,-0.045,-1.287,0.411,-1.215,-2.239,0.318,-0.281,-1.715,-0.179,-1.245,2.016,0.009,0.346,0.353,0.764,1.552,0.234,0.994,0.867,-1.222,0.418,0.316,0.663,0.873,-0.571,-1.112,-0.13,0.661,1.765,-0.332,-1.316,0.442,-0.44,-2.69,-0.967,-0.647,-0.045,1.162,0.844,1.678,-0.406,0.509,-1.48,0.576,0.799,-0.719,-1.065,1.304,0.671,-0.524,0.411,Breaststroke,978,189,0.662
-0.461,-0.38,1.619,0.159,2.008,-0.126,-0.22,-0.243,-0.204,-1.936,-0.065,0.105,-0.459,0.06,-1.751,-0.492,0.523,-0.312,-0.136,0.438,0.07,1.073,-0.394,0.425,-0.923,1.027,-0.158,-0.248,-1.814,-0.559,-0.476,-0.193,1.079,-0.857,0.938,-0.251,0.971,-0.075,0.914,-1.066,1.072,0.208,0.357,0.253,-1.687,0.56,0.588,0.399,-1.65,0.579,1.802,-0.582,0.988,-0.652,0.895,0.936,-1.622,1.642,-1.966,-0.567,Breaststroke,143,295,0.809
-0.6,1.302,-0.957,-0.661,-1.358,2.033,0.36,0.855,-0.352,-2.19,0.968,0.326,-0.555,-0.389,0.063,-1.597,0.463,-0.275,1.201,1.653,0.995,0.752,1.637,1.254,0.066,0.564,0.241,0.608,0.56,-0.029,1.227,2.69,-0.728,1.938,0.781,-1.566,1.341,-0.52,-0.791,0.881,-0.854,-0.296,0.596,0.017,-0.271,-0.425,-0.279,1.778,0.542,0.566,-0.667,-1.662,1.415,-0.187,0.118,0.431,0.917,-0.41,-1.467,0.924,Butterfly,275,116,0.537
-0.056,-0.07,0.148,0.129,1.9,-0.319,0.05,2.138,1.106,-0.135,-0.051,-1.132,0.623,1.971,0.491,-1.046,-0.189,0.847,-0.27,-1.391,-1.582,0.181,-0.154,-0.471,0.425,1.317,1.498,-1.264,-0.338,-0.423,-0.223,-0.976,0.566,0.537,0.708,-0.999,1.153,2.101,2.442,-1.565,1.536,-0.492,0.985,-0.167,-0.874,-3.162,-1.066,1.506,-0.118,-1.079,0.723,1.474,0.559,-0.346,0.298,-0.225,-0.437,-2.715,-0.393,-1.597,Freestyle,1162,679,0.888
-0.885,1.012,1.86,-0.765,-0.734,-0.878,1.681,-1.737,0.925,1.496,1.202,-0.257,1.054,-0.66,0.439,0.093,0.799,-3.185,1.956,-1.244,-1.284,-1.87,-1.708,-0.54,0.591,0.359,0.495,-1.949,-0.622,-2.428,-0.794,-0.013,0.236,0.551,0.417,-0.579,0.001,-0.809,-0.555,0.409,-1.242,0.64,-0.89,-0.749,-1.418,1.434,0.005,0.005,0.354,-0.505,-1.779,-0.984,-1.429,-1.268,0.462,0.142,0.077,1.845,0.654,-0.957,Butterfly,1535,735,0.613
-1.826,-0.328,-0.052,-0.338,0.274,0.301,1.625,1.83,-1.481,-0.501,1.087,0.14,1.294,-0.184,-0.503,1.215,-0.346,0.218,1.826,-0.842,0.153,-0.366,-1.073,-1.46,-0.675,0.931,0.321,0.33,1.25,-0.066,-0.392,-0.11,0.504,0.622,1.533,-0.568,0.628,-1.785,0.883,-0.855,-0.121,1.191,-2.234,-0.298,-0.327,0.41,-0.815,-0.954,-1.159,0.863,0.125,-0.309,-0.54,0.986,-0.45,1.031,-0.694,-0.078,0.986,-1.07,Breaststroke,1367,768,0.609
-0.946,0.214,0.23,1.35,0.993,-0.455,0.138,-0.87,1.03,0.484,1.023,-0.68,-0.441,-1.382,1.869,-1.102,0.986,0.762,-1.88,-0.193,0.235,0.59,-0.737,0.775,-0.474,1.244,0.146,0.882,-0.483,0.418,2.944,-0.166,-0.545,-2.512,-0.801,0.084,-0.424,1.641,0.759,1.001,0.339,0.675,-0.731,-0.886,0.041,0.081,0.339,-0.709,0.19,0.383,1.626,-1.305,-0.392,-0.664,0.963,-0.692,0.373,-0.811,-0.216,-0.368,Breaststroke,428,163,0.582
-0.295,0.6,0.086,0.78,1.121,-0.339,-0.143,-0.612,1.799,-0.131,-0.349,0.239,0.901,1.655,0.338,-0.053,-0.401,-0.741,0.206,-1.902,-0.486,-0.298,-0.372,-0.534,-0.516,0.12,0.917,0.32,0.246,0.673,-0.534,-0.142,-0.945,1.047,-0.086,-2.424,-0.493,1.233,1.047,2.05,0.284,-0.161,-1.004,-1.162,-0.941,-0.096,1.062,-1.554,1.586,0.965,0.028,-0.455,-0.007,-0.284,0.744,0.617,-1.368,0.677,0.081,0.628,Front Crawl,911,371,0.59
-1.209,-0.647,-2.08,-0.354,0.473,-0.841,1.082,-0.772,1.083,-0.48,1.046,0.172,-0.228,0.381,-1.291,-0.982,-0.981,-1.12,-0.224,1.416,1.614,0.325,-0.302,-0.381,-0.273,0.622,-0.243,-0.662,-0.727,-0.82,-0.298,1.844,-0.03,-0.136,0.002,-0.137,0.485,-1.109,-0.302,1.355,1.324,-0.582,-1.098,-1.154,1.499,1.275,-0.92,0.102,2.097,0.481,1.195,-0.059,0.515,-0.305,1.752,-0.267,0.724,-0.506,0.405,-1.634,Backstroke,1700,552,0.549
0.055,1.351,1.176,-0.725,-0.89,-1.599,-1.161,0.376,-0.576,0.382,-0.748,-0.428,-0.6,1.419,-0.114,-0.685,-1.052,0.948,-0.746,0.283,-0.848,0.13,-0.875,0.504,2.332,0.935,0.483,-0.563,0.399,0.437,0.203,-0.726,-0.21,-0.476,-1.247,0.506,0.204,0.186,0.403,-0.186,1.516,0.393,-0.083,-0.393,-0.066,-0.565,-0.225,-0.153,-0.073,0.652,-0.439,1.258,-0.292,2.255,-0.21,0.921,-1.831,-3.095,-0.176,1.663,Backstroke,393,240,0.669
1.175,0.798,0.472,-1.085,0.926,-0.645,0.342,-1.328,0.508,-0.46,0.404,-1.927,-0.32,-0.694,0.388,-0.995,-0.34,1.571,-1.243,0.251,0.524,-0.939,-0.157,1.078,1.479,-1.688,0.022,0.931,-0.619,0.046,0.223,-0.22,-0.605,-0.007,0.543,0.044,-0.181,1.243,0.088,-0.735,-0.688,-0.529,0.723,1.618,-1.098,-1.195,0.117,2.235,-0.351,0.087,0.796,-1.969,-0.17,-0.317,-0.178,-1.372,0.447,-0.076,-0.026,1.328,Butterfly,346,581,0.402
-0.182,1.085,0.311,-1.511,-1.433,-0.743,-1.786,-0.827,0.674,0.943,-0.313,1.096,1.018,1.607,0.796,-0.394,0.252,-1.193,0.49,-0.589,0.482,-1.369,-1.775,0.08,1.994,-1.543,-0.012,0.237,-0.586,0.151,-0.45,1.375,3.339,-0.694,-0.185,0.149,-0.291,0.039,1.254,0.052,1.535,-0.169,0.928,-0.472,0.798,-0.634,1.622,0.449,0.71,1.684,-1.606,1.054,-0.655,-0.274,0.039,-0.098,-0.058,-1.192,0.296,-0.226,Butterfly,1136,920,0.634
-0.623,-0.225,-0.642,-0.083,-0.012,-1.256,0.479,0.344,-0.223,-0.296,-1.29,0.528,-0.134,1.103,0.363,0.788,-0.409,-0.48,0.019,0.171,0.411,0.718,0.686,0.592,-0.033,-0.247,0.309,0.353,1.116,-1.536,0.297,-0.196,0.399,-0.428,1.757,1.002,-0.428,-1.119,0.071,1.128,-0.953,0.635,-0.629,0.615,0.739,-0.246,-1.434,0.621,1.496,-0.14,-0.956,-1.163,0.917,-0.581,-1.525,0.024,-0.73,0.319,-2.007,-0.373,Backstroke,1428,631,0.606
-0.599,-0.082,-1.699,-0.79,-0.307,1.089,2.006,-0.46,-1.338,-1.282,-0.523,0.81,0.108,-0.375,1.637,0.151,0.201,-1.419,-1.048,1.224,0.029,-0.16,-0.022,0.174,1.874,0.27,-1.065,1.513,-0.444,-0.549,1.419,-1.073,-0.357,-1.347,0.111,0.808,1.539,0.554,0.832,0.422,-0.634,0.302,0.476,0.216,-1.869,0.365,-2.507,0.786,-1.18,0.48,0.1,1.122,1.157,0.752,0.126,-0.568,0.043,-1.0,1.836,0.596,Butterfly,922,1047,0.498
0.291,-1.566,0.262,-0.572,-0.131,-0.122,-0.834,1.077,-0.16,-0.574,-0.191,-0.621,-1.149,1.483,-0.212,0.621,0.39,0.625,0.624,-0.045,0.929,0.431,2.014,3.383,2.92,0.965,0.084,0.04,0.543,-0.827,0.468,-0.566,1.443,-0.369,1.577,0.546,0.615,-0.605,-0.491,0.495,0.943,0.039,0.108,1.38,-0.368,0.361,0.695,-1.267,0.292,0.186,-0.571,1.23,-0.556,1.179,0.986,-0.869,-0.767,-0.78,-0.947,-1.868,Backstroke,645,662,0.582
-1.346,0.049,-0.549,0.561,0.181,1.039,-0.933,0.453,1.348,-0.315,-0.208,0.292,-0.684,-1.877,1.218,-0.697,-0.488,1.306,-1.159,0.859,0.994,1.177,-2.082,-0.805,0.816,0.715,0.18,-1.244,1.076,0.908,0.56,-1.635,0.59,-0.763,-1.525,-0.106,-1.097,0.337,-0.514,0.492,0.254,0.555,-0.36,1.079,0.76,0.668,0.477,0.481,0.731,1.974,0.128,0.416,-0.062,0.299,-0.399,0.219,-2.921,0.343,1.163,-0.92,Freestyle,1090,554,0.32
-1.174,0.532,-0.639,0.932,-0.672,1.204,-0.457,-0.398,-0.581,-1.952,0.301,2.164,-0.063,0.275,1.495,0.687,0.076,-0.19,-0.749,1.118,-0.308,0.009,1.339,-0.08,-0.092,1.202,-0.056,0.339,0.144,-0.667,1.008,0.281,1.109,-1.288,0.019,-0.382,-1.381,-0.832,0.294,-0.31,0.618,-1.079,0.342,0.572,0.473,-0.387,-0.992,-0.043,0.837,0.476,-0.321,-0.921,0.874,1.074,-0.912,0.683,0.581,0.257,1.411,0.181,Freestyle,539,578,0.701
2.648,0.068,0.827,-0.359,-0.588,-0.682,-0.672,0.154,-0.18,0.225,1.409,0.326,0.344,-1.175,-0.272,0.443,0.016,0.521,-1.148,-0.002,0.215,0.6,0.086,-0.728,1.564,-0.469,-0.535,0.209,0.829,0.983,-0.701,0.769,0.565,-0.535,1.482,-0.347,0.093,1.714,0.021,0.379,0.656,0.857,-0.228,0.466,-0.369,-0.101,-0.014,0.05,0.966,-0.243,-0.18,-0.246,0.018,-1.785,0.934,-0.805,0.375,2.448,-0.835,-0.942,Butterfly,943,607,0.647
-0.697,-2.18,-0.855,0.66,-0.394,0.444,-0.759,1.102,-0.798,-1.899,0.406,-0.807,1.841,-0.262,0.269,-0.568,-1.102,-0.083,-0.612,-0.755,0.407,0.604,-0.135,0.232,-0.074,0.221,0.363,0.616,-0.279,1.767,-0.347,-1.463,-0.738,-1.061,0.284,0.123,0.469,-0.466,0.36,1.001,1.343,-1.726,0.625,-0.799,0.766,0.343,0.646,2.186,0.518,0.217,-3.022,-0.475,-0.405,0.148,-1.719,1.195,0.283,0.605,0.189,1.399,Breaststroke,126,603,0.704
0.745,0.23,0.529,-0.943,-0.624,-0.424,-0.245,-0.042,0.338,-1.528,-0.058,-0.531,-0.824,1.26,1.682,-1.202,0.269,0.207,1.004,-1.474,-0.567,-0.205,0.521,-0.282,-0.494,0.985,1.025,-0.285,-0.284,-0.518,0.768,1.243,1.605,-0.548,1.189,0.81,0.575,1.256,-1.139,-1.43,-0.514,-1.137,-0.448,1.53,1.473,1.3,0.135,-0.837,0.244,1.108,-0.64,0.603,-0.819,0.756,0.195,0.622,0.81,0.567,0.214,1.485,Butterfly,550,118,0.688
0.618,0.668,-1.037,2.401,-0.537,0.163,-0.901,0.749,1.092,-0.896,1.124,-0.135,1.659,0.407,0.326,0.894,0.133,0.929,-0.658,1.304,1.098,-0.266,-0.023,-2.124,-0.115,1.157,1.475,0.161,1.124,-0.188,-0.72,0.583,0.662,-0.993,-0.609,-1.076,0.896,0.845,-1.746,0.193,0.197,-0.179,1.205,-0.642,2.042,-0.04,-0.671,-0.11,0.291,0.251,-0.716,-0.215,1.392,-1.108,0.951,0.746,2.185,-1.88,-2.393,2.722,Butterfly,597,132,0.748
-1.289,-0.15,0.952,-1.05,-0.624,-0.169,-0.3,-0.283,0.107,-1.583,0.382,0.961,0.042,-0.901,0.374,0.55,-0.626,-1.199,0.969,-0.133,1.132,1.632,0.135,-0.379,1.519,1.183,-0.148,0.895,-0.302,0.596,1.213,-0.148,0.805,-0.402,0.577,0.961,-0.248,0.538,-1.719,-0.37,0.52,1.335,0.936,-0.998,0.333,0.815,-0.282,-0.854,0.283,0.231,0.399,1.632,0.556,1.107,1.002,-1.073,-0.866,0.281,0.405,-0.29,Freestyle,873,207,0.705
0.026,-0.333,1.106,-1.21,-0.222,-0.427,0.206,-0.657,-1.068,-1.466,0.039,0.471,1.026,-2.375,1.056,1.227,-0.324,-0.13,-0.991,1.554,0.729,1.277,-0.164,1.23,-0.786,-1.056,-0.509,-0.422,-1.06,-1.973,-1.114,-0.076,0.229,-0.033,0.899,0.105,-0.072,-0.42,-0.011,-0.017,0.239,-2.699,-2.374,1.035,-1.019,-1.113,0.878,0.573,0.11,-0.634,0.19,1.141,0.06,1.384,0.8,-0.746,0.61,0.208,1.678,-0.56,Front Crawl,1882,917,0.025
-1.438,0.343,-0.199,0.097,-0.453,1.871,0.098,0.207,-0.955,1.705,-1.202,-1.313,0.156,-0.492,-0.035,-2.049,-0.327,-0.066,-0.521,-0.276,0.448,2.349,-1.301,0.053,-0.751,0.043,1.678,1.321,-0.235,0.313,-0.916,0.246,0.839,0.397,-1.047,0.897,-0.429,0.432,-0.302,-1.138,0.266,2.046,-1.136,-0.642,-0.439,1.012,-0.446,-0.464,-1.045,0.204,0.144,-0.44,0.171,0.239,-0.214,0.717,1.348,1.446,1.143,-1.908,Butterfly,501,736,0.29
-0.118,-0.83,-0.082,0.47,0.185,0.856,-1.416,0.098,-0.871,0.419,-0.965,-0.548,-0.061,-0.663,-2.32,-0.184,-0.619,0.363,0.955,-0.111,0.864,-1.55,-0.428,-0.007,0.817,-0.559,0.695,-1.333,0.503,-0.175,-0.654,0.656,-1.061,1.588,-0.375,0.364,0.706,-0.265,0.767,-0.51,0.982,-1.188,0.393,0.724,-0.507,0.588,2.698,-0.945,1.889,-0.229,-0.666,-0.891,-1.082,0.499,2.13,-2.451,0.091,0.507,1.255,-0.882,Freestyle,828,765,0.826
0.393,1.09,-0.817,-0.765,-0.565,0.477,0.613,1.997,-1.218,-0.776,-2.15,1.203,-0.669,1.513,-0.07,1.532,-0.816,-0.314,0.702,-0.566,0.14,-0.794,-0.239,0.311,0.466,-0.04,0.078,-2.091,-0.433,-0.837,0.762,-0.625,0.869,0.367,0.042,0.425,-1.34,-0.167,0.533,0.637,-0.735,-1.521,-0.563,1.312,-0.967,0.035,-0.329,-1.413,0.84,-0.462,1.101,0.141,0.336,1.544,0.355,1.464,-0.068,0.101,1.004,0.805,Breaststroke,1702,254,0.341
1.235,1.136,-0.344,1.095,-0.999,-0.178,-1.192,-0.357,0.679,-0.037,0.147,-1.501,-0.538,-0.569,-1.18,0.335,-0.502,1.434,0.702,0.141,0.276,-1.558,-1.762,0.774,0.809,-0.285,2.553,-2.485,1.259,1.194,0.763,0.162,0.174,0.484,0.193,-0.556,0.678,-1.078,-2.736,-1.346,-1.986,1.599,0.164,-0.663,1.413,0.898,-0.665,0.658,1.218,-1.403,-0.34,0.116,0.025,0.07,-2.084,0.997,2.572,-1.014,0.981,1.52,Butterfly,994,992,0.533
-1.485,-0.61,-1.994,1.568,-1.673,-0.24,0.869,0.972,0.506,-0.311,-2.049,-1.303,-0.164,-0.278,-1.328,-0.017,-0.429,-1.031,1.089,-1.035,-1.978,0.536,-0.328,0.313,0.741,-2.075,-0.928,-0.386,0.849,-0.35,0.781,-1.709,-0.658,2.289,-0.046,-0.53,-1.245,1.273,1.548,-1.123,1.054,-0.38,-0.447,-0.438,-0.781,-0.857,-0.751,1.089,0.003,0.156,0.5,2.971,-1.494,-0.087,-0.746,2.277,1.318,-1.186,-0.389,1.69,Freestyle,212,189,0.237
0.736,-1.121,0.284,-2.498,0.295,0.535,-0.742,1.448,-0.427,1.378,-0.965,-0.219,2.309,-1.168,-1.471,-0.131,2.095,-1.067,0.343,-1.462,-0.803,-0.772,1.603,0.194,3.152,1.791,0.94,0.733,-0.175,-0.056,-1.152,2.384,-0.649,1.048,0.068,-0.55,-1.483,-0.507,0.214,0.576,-0.984,-1.737,1.635,-1.708,1.455,1.489,1.227,0.732,-0.681,0.982,-1.01,0.9,-0.473,0.181,1.426,0.552,0.533,-0.302,1.462,-1.027,Front Crawl,188,867,0.403
0.201,0.746,1.066,1.148,-0.03,0.875,-0.015,0.984,0.969,-0.046,0.795,1.7,-0.883,0.346,1.836,-0.227,0.031,0.217,0.245,0.613,-1.61,-0.434,-1.099,-0.634,1.049,-0.598,0.768,0.588,0.748,-0.889,1.644,0.258,0.888,0.223,-0.397,0.041,-0.012,1.261,-1.092,-0.444,-1.197,-0.321,0.32,-1.579,-0.902,0.24,0.62,-1.199,-0.678,1.157,-1.277,-0.419,-2.186,0.695,-1.481,1.353,0.184,1.244,0.81,0.816,Freestyle,137,744,0.342
-0.738,1.279,0.145,0.272,1.278,-1.45,1.713,0.041,-0.381,0.104,0.739,-0.848,-2.621,1.202,1.089,1.592,-0.202,-0.648,0.678,-0.456,-0.775,1.099,0.631,0.805,-1.243,0.136,1.977,-0.47,-1.204,-0.566,0.414,-0.972,-1.416,1.911,-1.67,0.485,0.789,0.223,0.602,1.015,1.285,0.139,-0.705,0.778,0.011,-0.377,0.588,-1.233,-0.781,-0.373,-0.078,0.388,-0.825,1.439,0.365,-1.039,0.999,0.542,0.231,-0.478,Butterfly,1556,826,0.495
-0.1,-0.585,-1.38,0.731,-1.2,1.429,-0.718,0.424,0.998,0.939,-1.582,-0.115,-0.615,1.156,-0.922,1.294,0.806,-0.798,-1.692,-0.661,-1.322,-0.115,1.24,0.715,1.042,-0.857,-0.191,-1.671,-1.216,-2.066,1.091,-1.053,0.838,-0.326,0.995,0.51,0.073,0.843,-1.922,0.625,-0.828,-0.196,-0.953,-0.458,0.425,-0.737,-0.832,0.092,1.103,0.596,0.719,1.245,0.891,0.336,-0.718,-0.131,0.309,0.504,-0.137,0.511,Freestyle,1373,541,0.333
1.255,-0.446,-0.017,0.716,-0.435,-0.8,1.32,-2.012,-1.933,0.5,0.627,0.98,-0.061,0.342,-1.74,2.664,0.674,-0.804,-0.366,-1.098,1.014,-0.868,0.207,0.675,1.241,-1.255,-0.268,-1.962,-0.482,-0.769,-0.677,-0.715,-1.337,-1.022,1.21,0.783,-0.1,-1.375,-1.312,-0.668,0.025,-0.443,-1.285,-1.325,-0.398,-0.355,0.86,0.433,-1.724,1.121,-1.532,1.634,0.013,-0.515,1.079,-1.277,2.468,1.737,0.574,-1.487,Backstroke,561,711,0.57
1.323,-0.342,0.809,-0.134,0.079,0.728,-0.718,-0.718,0.768,-1.418,0.843,0.916,-2.756,0.192,-0.86,-0.33,0.472,-1.974,0.733,-1.022,0.875,0.271,-0.357,-0.518,0.12,1.32,-0.376,1.238,0.797,-0.435,0.398,0.409,1.312,-0.116,1.233,-0.778,0.716,0.419,-0.342,-0.191,0.251,-1.568,-0.596,0.035,-0.003,-1.156,0.746,-1.342,0.454,0.437,-0.524,0.91,-1.505,0.108,-0.36,-0.253,-0.846,-1.377,0.665,0.472,Front Crawl,1480,723,0.674
0.447,1.057,0.875,0.095,0.792,0.947,0.45,0.531,1.403,0.151,0.658,-0.343,0.507,0.103,0.811,-0.445,-0.693,1.342,-0.366,0.062,0.925,-0.465,0.383,1.105,-1.632,-0.573,0.44,0.077,0.057,0.752,1.386,0.892,1.036,-0.2,0.019,0.722,-0.599,-0.24,-0.01,1.294,1.485,-0.947,-0.114,1.178,0.101,-1.181,-1.39,-0.771,1.384,-0.192,-0.784,0.653,-1.345,-1.324,-0.981,-1.149,-1.546,-1.242,-0.543,-1.312,Front Crawl,1620,819,0.407
0.76,1.261,-0.379,0.868,-1.065,-0.228,0.237,0.612,1.7,0.031,-1.182,-0.205,0.86,0.327,-0.735,-0.002,-0.774,-2.072,-0.177,-0.835,0.347,-0.13,-0.309,-0.428,0.391,1.475,0.431,0.103,-1.664,-1.004,-0.991,-0.341,-0.708,-0.206,1.397,0.938,0.195,-0.536,-0.644,-0.628,-1.389,-0.391,-2.765,0.129,-1.748,-0.184,0.973,-1.82,-0.116,2.333,-0.213,0.105,1.422,-0.163,-0.84,-0.18,0.777,-0.386,0.833,0.709,Backstroke,833,611,0.3
-1.645,0.042,0.644,0.187,0.334,0.109,0.512,0.555,1.979,-0.574,0.133,-2.153,1.092,0.647,0.315,-0.529,-0.102,-0.756,-0.338,0.411,0.554,-0.093,-0.259,1.322,-0.686,-1.644,0.356,-0.762,1.05,-1.44,-0.315,-1.402,0.392,-0.926,0.971,0.0,0.91,-0.248,-0.59,-0.393,-0.604,0.253,0.705,1.573,-0.547,0.085,0.741,0.894,0.201,-0.979,-1.845,-1.255,-0.147,-1.872,0.078,-0.089,-1.727,-2.128,-0.892,-1.297,Breaststroke,322,594,0.501
0.565,1.185,1.223,1.828,-0.319,-1.643,1.115,-0.508,-1.272,0.418,-0.211,0.641,1.256,-1.093,0.115,-0.488,-2.005,-0.434,0.352,0.268,0.061,0.521,-1.498,-1.522,-0.046,-0.273,-0.589,0.057,2.568,-0.28,0.7,-0.359,-0.735,0.713,1.031,0.037,0.465,-0.684,1.35,1.033,-0.427,1.157,-0.534,0.791,-0.558,-1.145,0.032,-0.658,0.518,-1.474,0.308,0.518,1.258,1.293,0.668,-1.019,-1.22,-1.019,-1.105,0.59,Butterfly,237,344,0.661
-1.418,0.017,-0.67,0.499,0.881,0.451,-0.324,1.746,-0.091,-0.601,-1.109,1.415,-0.0,0.314,-0.719,0.113,-0.228,0.44,-0.345,0.551,0.448,-0.458,0.635,-0.837,-0.043,-0.241,2.244,0.682,0.602,1.2,0.314,-1.097,0.268,-0.277,0.88,-3.059,-0.26,-0.259,-1.052,-1.208,1.328,-1.277,0.383,0.845,-1.77,-0.408,-1.337,-1.189,1.301,0.265,-1.034,0.191,0.222,0.917,-0.537,-2.404,-1.259,-2.247,0.075,0.046,Backstroke,1083,645,0.686
0.685,-1.337,-0.674,-0.453,1.095,-1.75,-0.692,0.408,1.33,1.982,-0.476,-2.297,1.147,2.013,-0.703,-0.252,0.544,0.273,0.284,0.245,-0.18,0.222,0.965,-1.732,0.372,-1.527,-0.238,-0.669,0.056,1.158,-1.091,0.738,0.885,-0.008,0.986,1.149,-0.529,0.191,1.449,-1.981,0.84,1.121,1.455,-1.074,-0.834,1.569,-0.527,-0.396,-0.801,0.248,0.203,-0.81,-0.726,-2.465,-0.438,-0.759,0.047,1.454,0.929,0.379,Freestyle,751,110,0.369
0.211,-0.515,0.333,-0.552,-0.865,1.594,-0.838,-1.253,0.144,0.353,-0.244,1.668,0.565,1.328,0.028,0.75,-0.46,-1.583,-1.003,-1.353,0.127,-1.407,-2.462,1.634,-1.417,-1.031,1.268,-0.482,0.829,0.537,0.353,-0.577,0.249,-2.072,0.987,-1.601,-1.118,-0.989,-0.217,0.494,0.571,1.004,1.491,-0.185,0.087,0.304,-3.203,0.311,0.246,0.927,0.548,-1.512,-0.673,2.54,-1.047,-0.7,1.424,1.288,-0.722,0.712,Backstroke,1416,244,0.44
-0.83,0.963,0.428,-0.157,-0.28,1.226,0.969,1.131,1.18,-0.824,-0.073,-0.964,-0.633,0.344,-0.471,0.147,-1.224,0.112,0.244,0.082,-0.605,1.228,-0.138,0.663,0.046,-0.347,-0.662,-1.262,1.702,1.748,-0.562,-1.034,0.821,-0.603,-0.488,-0.044,2.118,-0.398,-1.72,-1.221,0.328,1.474,1.766,0.248,-0.638,-0.041,-0.015,0.956,-0.591,-1.233,1.273,-0.607,-0.233,-0.787,1.006,0.618,0.389,-0.363,0.425,1.095,Butterfly,1577,554,0.638
0.523,1.325,-0.581,-0.775,-0.127,-0.006,-0.413,0.283,1.11,1.993,-1.625,-0.568,0.362,-0.098,-2.488,1.356,0.223,1.715,-0.3,-0.934,-1.178,0.118,-0.121,0.666,0.235,-0.008,0.213,-1.341,-1.293,0.818,0.321,-0.923,-1.159,-1.343,0.309,-0.05,-1.07,0.29,0.575,-0.615,1.1,0.42,1.443,0.037,-0.476,0.305,1.048,-0.003,1.021,1.227,2.386,0.412,0.155,0.943,-0.349,0.564,-1.601,-1.296,-0.023,-0.11,Breaststroke,513,335,0.443
0.944,-0.699,-0.86,0.01,-0.739,1.552,0.39,-1.464,1.356,-0.011,-1.542,-0.145,-1.469,1.879,-1.26,0.172,-1.274,-0.09,-0.928,0.86,-0.066,1.323,-0.254,-0.401,0.048,0.679,-0.791,1.603,1.303,-1.742,0.239,-1.105,0.899,0.564,0.719,-0.796,1.699,0.725,-0.187,0.074,0.001,-0.56,-1.185,0.933,-0.366,0.269,2.04,0.148,-0.586,-0.801,-0.044,0.747,-1.865,-0.082,0.745,1.551,1.115,0.875,1.354,0.132,Backstroke,1533,1045,0.489
-0.519,1.706,1.878,-1.248,-1.204,-2.04,2.392,-2.349,-1.158,-0.156,0.183,-0.262,1.158,1.023,-0.153,0.424,-0.668,-1.775,-0.018,0.588,0.431,-0.314,-1.453,-0.453,-0.978,-0.129,1.039,1.858,0.158,1.586,-0.006,-0.45,-1.578,0.812,-1.217,-0.278,1.142,0.492,-0.197,0.325,0.149,-0.365,-0.748,-1.661,-0.908,0.384,0.965,-0.051,0.006,-1.65,0.083,-0.793,0.044,-1.275,0.573,1.158,0.744,-0.281,-2.147,1.93,Butterfly,1861,913,0.81
1.876,0.106,0.058,0.246,1.168,1.213,2.027,0.283,0.628,0.008,-0.11,-0.235,0.25,0.236,0.297,0.262,2.058,1.95,1.822,0.703,-1.101,-0.268,0.074,0.274,-0.881,-0.029,-0.519,-1.117,2.018,0.036,-0.253,0.702,-1.321,0.643,-0.72,0.878,0.787,-0.054,0.705,-1.049,-0.946,-1.768,0.37,0.789,-1.563,1.514,-0.081,-1.837,0.651,-0.833,0.263,1.467,-0.147,0.242,1.673,0.975,0.329,-0.864,-1.113,-1.188,Breaststroke,1377,454,0.619
1.056,-0.01,0.716,-0.799,0.716,1.09,-1.082,-1.608,0.93,-0.669,-0.055,-0.167,0.938,2.8,-0.007,0.421,-1.167,-1.322,-1.266,0.666,-1.261,0.017,0.748,0.413,0.024,-1.985,0.164,-1.226,0.416,0.827,1.529,0.15,-0.459,-0.438,-0.826,0.095,-0.065,0.887,0.064,-0.439,1.08,-1.059,-0.208,0.082,0.064,-3.005,1.061,-1.169,-1.043,-1.294,0.313,-0.608,1.195,0.45,-1.234,1.002,-0.32,-1.211,-0.397,0.325,Front Crawl,1614,402,0.673
0.16,-1.735,0.897,-0.705,0.796,-1.497,1.898,-1.208,-0.042,-1.158,-0.335,0.726,-0.104,-0.751,-1.223,-1.436,-1.083,-1.99,1.464,-0.709,-0.223,0.888,1.26,0.55,-1.156,-0.231,1.561,-1.304,0.348,-1.061,-1.044,0.524,0.161,0.056,-0.269,0.738,0.942,-0.473,-0.382,0.136,-1.303,-0.196,-0.187,-1.785,1.305,0.049,-0.61,1.729,0.682,-0.099,-0.465,0.294,-1.013,-0.833,-0.439,0.556,-0.632,-1.421,-1.234,1.945,Butterfly,597,899,0.487
0.323,0.398,1.909,-0.328,-0.648,-1.891,0.172,0.241,0.028,-0.22,0.323,-0.985,0.079,-0.14,1.664,-0.569,-0.921,0.51,0.594,-0.143,-0.519,1.633,0.43,-0.106,-0.779,-0.592,1.041,-0.267,0.253,0.087,0.194,0.009,-0.985,0.268,0.119,0.593,2.367,1.047,0.352,0.177,-1.738,-0.822,-0.291,0.02,0.485,0.056,-0.295,-0.776,1.516,0.833,0.952,-1.309,1.039,0.247,0.637,1.456,-0.661,2.221,0.384,0.097,Butterfly,133,841,0.492
-1.035,-1.75,0.7,0.654,1.658,0.658,-1.11,-1.042,1.248,0.249,-1.925,0.334,0.751,0.433,-0.444,0.246,-0.852,-0.46,0.315,0.579,0.3,0.146,0.725,-0.599,-0.737,0.016,-0.677,0.717,-0.028,2.818,-0.101,1.086,-1.904,0.826,0.416,-0.06,0.6,-0.958,1.451,0.672,0.682,0.729,1.523,-0.445,0.945,-1.109,-1.549,-1.291,-0.751,-1.231,-1.209,-2.287,-0.347,-1.336,1.26,1.622,-0.974,2.26,0.037,-0.187,Breaststroke,1741,175,0.21
0.668,-0.862,0.987,-0.677,1.803,1.291,-0.026,0.693,1.139,-0.55,2.913,-0.251,-0.437,-0.072,0.193,-1.162,-0.579,-0.084,-0.67,-0.508,-0.792,0.205,0.098,0.488,0.319,-0.602,0.485,1.718,-0.017,-0.473,0.904,-0.61,-0.471,-0.275,1.563,0.106,0.493,0.757,0.624,-1.344,-0.8,-2.108,-1.114,0.826,0.229,-1.056,-0.155,0.949,0.559,-0.247,0.338,2.224,0.453,-0.127,0.46,1.725,-0.713,0.015,-1.029,0.0,Backstroke,535,482,0.833
1.307,-0.454,-0.027,-3.169,-0.463,0.459,0.788,-0.973,-1.376,-0.03,-0.415,0.617,0.269,-0.77,0.232,-0.168,-1.104,-0.103,0.363,0.93,0.857,2.099,-0.098,-1.057,-0.749,0.533,-0.453,-2.817,1.069,0.105,-0.309,-0.138,-0.195,-0.357,0.318,0.109,0.658,2.326,-0.449,-0.829,0.213,0.295,-0.018,1.059,0.707,0.595,0.689,-1.419,0.767,1.199,1.23,-0.83,-0.336,-0.074,-1.282,-1.464,0.881,0.82,1.929,0.62,Breaststroke,648,199,0.809
-1.018,-0.379,0.342,-0.752,-0.293,0.982,0.404,-0.293,-0.004,0.599,0.213,0.092,0.854,-1.444,0.793,0.615,-0.37,0.06,1.313,-0.003,-1.423,-1.663,1.8,-0.203,-0.797,-0.406,-0.967,-0.832,-0.093,-0.357,-2.984,0.052,0.76,-0.101,1.646,-0.806,0.336,0.591,1.462,0.788,-0.683,-1.559,-0.107,-0.747,1.283,-0.999,-0.967,-0.063,-0.138,1.04,-0.968,-0.083,-1.2,-1.546,-0.502,-0.446,-0.318,-0.691,-0.044,0.793,Front Crawl,1793,943,0.478
1.323,0.06,0.302,-0.105,1.152,0.079,0.079,0.111,-0.335,-0.688,-0.497,0.757,-0.1,1.493,-2.57,0.32,-0.522,1.682,-1.172,-1.294,-1.053,-0.197,2.551,1.255,0.598,0.097,-1.24,-0.675,-0.557,-0.068,-0.428,-0.349,-0.194,-0.723,-0.401,-0.94,0.608,2.144,1.42,-0.281,1.363,-1.068,1.062,2.297,0.69,-0.097,-0.214,-0.679,0.357,1.053,-2.078,1.078,-0.707,0.25,0.409,0.58,-1.466,-2.061,0.003,0.022,Breaststroke,1199,828,0.529
-0.789,0.21,-0.361,-0.77,0.128,0.499,-1.364,0.092,1.783,0.244,0.191,-1.876,0.654,2.332,-0.428,0.778,1.187,2.622,-2.857,1.37,-0.992,-1.054,0.033,-0.267,-0.97,0.824,-0.266,-0.404,-0.172,-0.103,-0.87,1.912,1.192,-0.677,0.434,0.513,-2.054,-0.869,0.915,-1.101,-0.12,1.054,0.561,-0.855,-0.116,0.188,-2.944,0.099,1.862,-1.397,-0.418,0.057,0.421,-1.409,-0.325,0.163,-0.466,-0.862,0.726,-1.576,Freestyle,1497,707,0.182
0.399,-0.12,-0.013,0.131,0.589,-0.603,-1.248,0.689,-0.585,0.403,0.273,-1.26,-0.316,0.321,-0.633,-0.278,3.247,-0.218,-0.205,2.475,0.285,0.526,0.753,1.195,1.56,0.509,-0.574,0.7,-0.913,0.201,-2.539,-0.964,0.097,1.086,0.885,1.117,-0.3,0.023,-0.465,-1.159,1.321,-1.0,1.02,0.128,0.105,0.529,-0.244,-0.816,-0.392,-0.74,0.628,-0.357,1.002,-1.453,1.24,-1.831,0.623,1.197,-0.14,1.112,Breaststroke,1478,837,0.635
0.471,-1.752,0.417,-0.873,-1.512,-1.219,1.487,-2.494,-0.505,-0.072,0.81,-1.512,1.462,1.431,-0.736,0.464,1.22,-0.771,0.849,-0.043,0.542,-0.934,0.657,0.211,1.35,0.07,2.348,1.074,-1.407,-0.822,-1.114,2.105,-1.863,0.046,-1.111,0.357,0.492,0.681,0.096,0.305,0.608,1.172,1.249,-0.462,-0.472,0.019,0.867,-0.74,-0.105,-0.761,-0.341,-1.047,0.089,0.288,-0.917,0.451,-0.067,1.187,-0.318,-0.918,Breaststroke,904,926,0.448
-0.409,-2.136,0.943,-1.355,-0.374,0.028,-0.487,-0.164,0.925,-0.291,-0.215,1.559,-0.152,-0.368,0.052,0.031,-0.729,-0.247,0.029,0.564,-0.874,-1.013,-0.022,-0.635,1.163,-0.643,-0.8,0.776,-0.243,1.107,0.094,0.113,-1.575,-0.59,-0.343,-0.16,0.281,0.092,-1.618,-1.703,0.007,0.854,1.637,0.46,-0.111,0.413,0.708,0.372,0.135,-1.5,-0.476,1.478,1.957,0.967,-0.573,-1.279,0.656,0.214,1.143,-0.66,Breaststroke,839,955,0.218
1.271,-1.059,0.011,-0.857,0.539,1.305,0.294,-2.343,0.257,-0.363,-1.104,-0.888,0.347,-2.558,1.904,0.259,-0.2,-2.146,0.773,-0.193,-0.282,1.271,-0.289,-1.211,0.949,0.201,-1.002,-0.264,0.53,0.563,0.229,0.732,1.38,-0.152,0.036,-0.021,0.602,0.2,1.711,-0.475,0.965,-0.322,1.967,0.257,-1.188,1.146,-0.482,0.746,-1.949,-0.759,-0.848,-0.564,-2.12,-1.156,-1.212,-0.464,-0.805,0.947,0.913,-1.243,Butterfly,453,741,0.425
2.624,1.501,-0.617,-1.381,0.937,0.024,1.558,0.145,-0.488,1.003,1.062,1.643,-0.976,-0.911,1.457,-0.051,0.295,1.129,-2.06,0.57,-1.507,0.55,0.079,-1.471,0.804,0.226,-0.878,-0.609,-0.82,-0.282,0.562,-1.995,-0.433,-1.135,-0.064,-1.034,1.499,0.943,1.672,-0.044,-2.628,1.22,0.174,-0.045,-1.065,-0.259,-2.045,-0.884,-0.867,1.601,-1.098,0.969,-3.109,0.344,1.413,-0.784,-0.105,-1.195,-0.037,-1.8,Backstroke,653,649,0.543
-2.098,0.752,-1.356,0.019,0.687,1.31,0.303,0.456,0.313,1.455,0.418,0.211,0.656,-0.431,0.114,1.057,-0.903,1.419,1.937,0.223,0.305,-0.213,-0.931,0.594,1.788,-0.75,-1.073,0.941,-1.743,-0.488,0.1,0.298,0.301,-0.538,-0.365,2.124,-0.064,-0.782,0.106,1.147,-2.123,0.442,1.255,0.137,-0.218,-1.366,1.312,-0.173,-0.264,1.147,-1.858,0.149,-0.911,-1.778,-0.299,2.422,0.232,1.602,-0.833,0.893,Breaststroke,1437,113,0.35
0.461,0.513,-1.197,1.294,0.024,-0.471,1.57,-0.34,-0.165,0.12,-0.773,-0.939,-0.636,-0.661,0.074,0.384,-0.287,0.382,0.277,-0.649,0.954,-0.969,0.282,0.067,1.139,1.142,-1.182,-0.594,-1.703,-0.592,0.211,-0.632,0.4,-0.6,-1.194,2.273,-0.731,1.618,0.134,-0.304,-1.237,-1.149,1.016,0.588,0.089,0.277,0.6,1.81,1.056,-0.566,1.268,-0.752,-2.685,0.933,-1.212,0.353,-0.139,0.802,0.407,1.087,Backstroke,380,1059,0.495
1.172,-1.475,-0.995,0.931,1.35,-0.373,0.628,0.143,-0.527,0.714,1.2,0.313,0.143,1.664,0.306,0.44,0.793,0.619,-0.143,1.131,-0.385,-1.51,-0.011,-0.041,0.565,2.104,1.315,-1.11,1.324,-0.778,1.441,0.723,-0.13,0.17,0.428,-0.318,-0.084,-1.178,1.377,0.632,-0.555,-0.118,-1.439,-0.14,1.469,-0.097,0.308,1.201,1.005,0.742,-0.421,0.325,-0.41,-1.564,-0.315,-0.168,0.762,0.392,-1.153,-2.231,Butterfly,839,444,0.905
-0.227,-1.727,2.044,-1.521,0.499,-0.036,-2.353,-0.589,0.276,-0.983,1.157,-1.947,0.418,0.385,0.601,-0.088,-0.543,-0.857,-2.563,0.163,-0.937,0.929,-1.727,1.801,1.78,-0.132,0.749,0.116,0.45,1.671,-0.244,-0.78,-0.165,-0.04,1.772,2.511,1.079,0.864,-0.046,0.294,-1.155,-0.122,1.425,-0.436,-0.806,-0.33,-0.937,1.591,-0.181,-0.763,-0.445,-3.67,1.875,2.382,1.576,-0.65,-0.45,-0.352,-0.128,-0.604,Front Crawl,665,824,0.372
-0.182,-0.848,0.145,1.628,0.39,-2.529,-1.652,-0.43,-0.263,0.441,0.15,1.858,-0.893,-0.43,-0.269,0.849,-0.832,-0.354,-0.659,0.618,-1.148,0.82,0.274,0.468,1.09,-1.596,0.257,-0.817,-1.493,0.047,-3.313,0.567,-1.577,0.673,-0.134,0.428,0.356,-0.685,0.447,0.797,0.641,0.385,-0.072,-0.08,1.646,0.893,0.013,-0.031,0.6,-1.497,1.633,-0.026,0.828,0.096,0.726,-1.55,-1.541,-0.142,0.339,-0.542,Butterfly,527,952,0.561
0.233,1.02,-0.885,-0.963,0.939,-1.197,0.215,0.226,-0.324,-3.223,-1.004,-1.039,1.058,-0.843,0.836,-0.818,-0.643,0.251,3.298,-0.174,0.381,-1.176,-0.371,-0.86,1.286,0.07,1.476,0.972,0.239,0.332,-0.076,-2.147,0.058,-0.572,-0.057,-0.776,1.587,0.148,1.07,0.15,0.014,-0.14,-1.72,-0.885,0.772,1.979,-1.271,0.14,2.436,-1.053,-2.264,1.547,0.446,0.161,-0.059,0.447,-0.198,0.695,1.493,0.925,Freestyle,1098,366,0.71
0.286,0.409,-1.182,-1.339,0.228,-0.4,0.889,-0.088,-0.137,0.273,-0.882,-0.089,-0.941,-1.539,0.953,1.425,0.157,-0.505,0.391,-0.925,0.451,0.296,-0.212,-0.765,0.482,-1.715,-1.109,0.194,-0.056,-0.239,0.503,-0.08,-0.312,-1.636,-0.23,1.257,0.324,0.707,0.559,-0.445,-0.243,0.572,0.175,0.999,-0.471,0.214,-1.096,-0.935,-0.235,-1.038,-0.469,-1.434,-0.642,-0.356,-0.192,0.066,-0.24,-0.314,-1.778,-0.285,Breaststroke,1053,573,0.365
-0.718,-0.292,-1.251,-1.142,-0.83,-0.896,0.262,-0.964,0.947,2.225,-1.966,-0.335,0.014,-0.078,1.058,-0.878,-0.116,1.254,1.144,-1.968,-0.808,0.716,0.735,-0.448,0.336,0.804,-0.149,1.505,-0.731,0.222,0.131,0.775,-0.846,0.357,1.083,0.645,0.104,-0.999,0.301,0.133,0.952,-1.664,-0.464,-0.147,1.913,1.312,-1.244,0.566,-1.222,-0.302,0.308,0.017,-0.451,-0.084,0.152,-2.11,1.346,0.271,0.245,-0.132,Front Crawl,1519,891,0.294
1.753,1.626,-1.478,0.577,0.7,-0.21,-0.84,-0.245,-1.843,0.748,1.198,-0.269,-0.826,-0.546,-3.004,-0.753,-0.615,2.035,0.623,0.694,-0.151,-0.157,0.769,-0.886,0.234,-0.676,-0.877,-0.191,2.547,1.179,1.146,0.478,-1.123,0.269,-0.246,0.103,0.026,-0.821,1.375,1.835,1.092,0.347,1.291,1.265,0.156,-0.229,-1.023,-0.832,-1.321,1.464,0.789,-0.222,0.515,-0.467,0.489,1.037,1.517,-0.714,-0.621,-0.585,Breaststroke,1196,1065,0.427
0.516,1.658,-0.555,1.016,0.621,0.252,1.381,0.097,1.461,-0.159,0.612,0.173,0.059,-1.609,-1.3,-1.566,0.776,-0.81,-0.578,-0.682,-0.589,1.128,0.397,-0.713,1.04,-0.549,1.284,1.158,0.891,0.798,-1.882,-0.277,-1.548,-0.433,-1.077,-0.646,-0.594,-0.606,0.53,-0.352,-1.05,-1.12,-0.605,-0.963,0.969,0.469,-1.236,-0.244,-1.345,-0.088,0.077,0.918,1.059,-0.333,0.461,-0.05,1.453,-1.366,0.43,-1.095,Breaststroke,1038,115,0.332
-0.683,-0.581,0.244,0.14,0.023,0.498,-0.977,-0.07,-0.453,-0.375,0.177,-0.798,-0.363,-1.007,0.755,1.368,0.189,-0.729,0.83,0.197,-1.363,2.083,-0.029,-0.319,0.541,1.673,0.794,-2.01,-0.427,-1.019,0.346,0.067,-1.318,0.311,1.911,1.582,0.209,1.499,1.107,-0.354,-0.265,-0.586,-2.076,-1.198,0.265,2.246,0.169,1.788,-0.053,0.006,2.535,1.376,0.559,1.173,1.658,-0.851,1.134,1.115,0.803,-0.343,Butterfly,1616,341,0.729
-0.952,-0.13,-1.501,-1.311,-0.305,1.726,-0.438,0.225,0.005,0.872,0.485,-0.673,0.387,-1.252,-1.463,-0.938,1.102,-0.135,2.008,-0.345,0.167,0.168,-0.193,0.086,-1.019,-1.61,1.579,1.322,1.918,1.697,-1.0,-1.58,2.004,-0.408,-1.054,-0.696,-0.79,1.182,-0.543,0.915,-0.842,1.025,-0.855,1.459,0.296,0.089,-0.09,0.678,-1.4,0.391,-2.41,0.83,0.456,0.099,0.592,-1.468,0.772,-1.495,-1.406,-0.068,Breaststroke,1417,152,0.314
-1.739,-0.018,-0.872,-2.283,0.789,-0.279,-1.402,0.525,0.334,-1.118,-0.045,-0.983,0.47,0.223,0.607,1.58,-0.333,1.324,0.251,-0.362,1.204,1.86,-1.288,-0.36,-0.332,2.019,-0.093,-1.393,1.733,1.16,0.912,-1.667,-0.916,-1.774,-0.684,-0.23,1.491,-1.469,0.628,0.91,0.268,0.078,2.37,1.322,0.285,-0.174,0.535,-1.454,-0.066,0.525,0.497,-0.13,1.663,1.63,0.331,-1.24,0.947,0.188,0.223,-0.037,Breaststroke,487,744,0.372
0.779,-0.67,-0.254,-1.196,0.229,1.368,-1.077,-0.06,-1.409,0.217,-0.113,0.356,0.186,0.54,-0.583,-1.156,0.457,-1.016,-0.19,0.554,-0.648,-2.64,-0.522,-0.734,-0.109,-1.005,-1.217,-0.92,0.442,-0.394,-0.363,-0.919,1.682,0.452,-0.012,1.066,-0.685,-1.432,0.987,0.25,-0.918,-0.529,-0.251,-2.728,0.207,0.346,0.486,-1.109,1.087,0.019,-0.246,-0.862,0.752,-0.178,-0.715,0.641,-0.066,-0.763,-1.334,0.035,Breaststroke,131,171,0.616
1.213,0.269,0.182,-0.394,-0.047,-0.934,0.265,0.936,-1.177,-2.168,-1.277,0.874,2.634,-0.699,-0.024,0.433,0.174,-0.776,0.283,-1.029,-0.694,-1.343,-1.178,0.168,0.019,0.484,-0.439,0.331,-0.67,-0.485,0.361,1.932,0.018,1.678,0.213,-0.585,-1.948,0.275,0.113,-0.153,1.513,-0.652,0.942,0.863,-0.443,0.671,-0.727,-0.915,0.687,-1.775,1.94,-1.273,-1.22,1.895,-1.89,0.087,-1.7,-0.352,-0.049,0.406,Front Crawl,1497,380,0.786
-0.451,0.116,-0.929,-1.263,-0.292,-0.251,1.842,-0.722,-1.498,2.189,0.574,1.356,2.029,0.59,-1.137,-0.038,-2.303,2.292,-0.112,0.757,-1.398,1.038,1.255,-0.26,-1.356,0.034,0.674,-0.582,-0.385,-0.745,0.695,-2.471,-0.443,-0.703,0.546,-0.704,0.75,-0.049,0.005,0.392,0.974,0.637,0.22,-0.58,0.651,-0.263,1.156,0.08,0.417,-0.051,0.298,-0.708,0.085,-0.477,-0.908,1.844,-0.14,-0.299,1.115,2.302,Backstroke,1307,615,0.661
0.312,-0.806,-0.487,0.623,1.95,-0.291,-0.827,-1.132,0.302,0.801,0.696,0.952,-0.846,0.102,1.763,-2.411,-0.199,-1.153,-0.086,-1.738,-1.523,0.558,-0.605,0.249,-1.502,1.271,-0.59,1.887,0.218,-0.089,0.525,1.64,-0.189,-2.117,-1.112,0.051,-0.418,-1.697,-0.978,-0.503,1.341,1.237,-0.093,0.001,-0.088,-0.702,-0.631,0.232,-0.971,0.312,-0.131,-2.022,0.042,-0.205,1.719,0.203,1.086,0.412,-0.175,-1.71,Freestyle,1066,747,0.751
1.426,-1.085,-0.208,1.43,-0.582,0.339,0.951,-0.574,0.255,-0.702,0.34,-0.791,0.515,0.331,-0.478,1.703,2.071,1.694,0.262,-0.629,-0.814,0.434,0.159,1.424,3.159,-0.015,-0.436,1.23,0.012,0.881,0.506,-0.74,-1.97,0.774,0.514,1.002,0.845,-0.403,-1.889,-0.725,1.005,-1.738,-0.937,0.919,-0.413,0.165,-1.394,-1.362,0.596,1.049,-0.319,-0.752,-1.518,1.153,0.367,1.679,0.442,-1.943,0.554,0.373,Butterfly,595,663,0.446
-0.318,-0.133,-0.072,-0.228,0.634,0.021,0.85,0.928,0.389,-0.133,0.253,-0.136,-1.565,-1.105,0.146,-1.251,-1.357,-0.298,-0.096,0.024,0.303,-0.779,0.301,-0.693,-0.707,-0.478,-1.871,-0.973,1.666,0.617,-1.378,-0.507,-1.594,-0.769,0.145,-0.25,0.112,-0.177,0.494,2.814,-0.829,-2.219,0.008,-0.084,0.834,0.546,0.978,0.143,-0.505,-0.496,1.831,-1.447,0.092,-1.714,-0.167,0.731,0.835,-1.593,-0.609,-0.131,Freestyle,1129,1026,0.799
1.754,0.769,2.092,-0.006,1.302,1.96,1.013,0.339,0.673,-0.81,-0.978,1.646,0.621,0.559,0.123,0.898,0.865,-1.174,-1.435,-0.855,0.028,-0.192,-0.129,-1.351,0.545,-1.057,0.093,-0.033,-0.181,-0.501,-0.283,0.807,0.632,0.081,-1.508,0.351,0.171,0.024,-0.655,0.695,0.154,-1.874,0.636,1.055,0.804,0.493,-0.393,-0.982,1.022,0.419,0.148,0.888,0.339,0.549,1.364,-0.701,-0.428,-0.633,1.138,-0.214,Freestyle,132,594,0.241
-0.798,-0.384,-0.358,-1.181,-0.582,1.655,0.525,-0.852,0.685,0.833,1.308,-0.675,-0.383,-0.523,0.252,-0.109,-0.273,0.83,-2.113,-0.446,-1.171,1.277,-0.237,0.667,1.031,-1.308,1.07,0.262,-0.204,0.761,1.555,0.83,-0.027,-0.303,-0.853,0.517,-0.347,-0.514,-0.842,-0.955,-0.698,1.189,-0.372,0.202,0.004,0.277,0.847,0.229,0.083,0.349,-0.244,-1.457,0.819,-1.792,0.766,0.317,0.679,0.807,-0.76,-0.082,Freestyle,116,876,0.657
0.395,-1.873,1.29,-1.886,-1.1,0.909,0.458,1.076,-2.127,0.618,1.183,0.318,-0.129,0.062,0.343,-0.538,-0.081,-0.719,-0.336,2.036,1.042,-0.751,-0.276,0.022,-0.41,1.12,0.587,-1.363,-0.935,1.327,0.189,0.369,-0.766,0.814,-0.003,0.064,0.873,-0.483,-0.535,0.699,-0.839,-1.083,1.306,0.728,0.404,-2.477,0.036,0.016,1.518,1.968,-0.16,-0.07,0.249,1.036,-0.29,1.093,0.481,0.208,-1.016,-0.535,Backstroke,1727,981,0.619
0.859,0.37,-0.472,0.121,-1.077,0.12,1.128,-1.749,-2.159,0.708,-1.802,-1.651,0.477,-0.812,0.501,0.731,0.981,-0.397,0.07,-0.7,1.445,1.221,-0.187,-0.077,0.724,-0.116,-0.68,-0.133,1.303,1.259,-1.312,-1.245,1.447,-2.104,-0.202,0.094,-0.275,1.422,1.163,-1.275,1.113,-0.838,1.417,0.651,0.604,0.341,-1.199,0.018,-1.262,0.219,0.721,-0.077,-0.373,-0.821,-0.775,0.135,-0.242,0.889,0.296,1.062,Front Crawl,1318,734,0.715
0.872,1.148,0.399,-2.602,0.636,-0.765,0.702,-0.4,-0.688,0.747,0.79,1.025,1.084,0.193,0.816,1.386,-0.362,-1.247,0.585,0.576,-1.556,0.187,-0.003,0.725,-1.011,0.543,0.45,-0.135,1.527,-0.145,0.159,0.995,2.063,-0.671,-1.262,0.548,0.837,0.179,-0.274,0.028,1.779,0.185,0.257,0.798,1.739,0.646,0.996,-1.482,-0.246,-0.379,-0.657,-1.037,-1.045,1.799,0.398,1.048,-0.177,-1.081,-1.831,-1.159,Butterfly,248,814,0.447
1.096,-1.061,-1.258,0.891,0.64,0.548,0.679,-0.01,0.037,1.581,1.199,0.595,1.702,-0.637,-0.174,0.527,0.623,-0.631,1.94,1.519,0.846,0.092,0.133,-2.082,-0.685,-2.155,-1.247,0.427,-0.439,2.709,1.351,1.274,-1.266,1.246,-0.213,-1.085,0.255,1.1,-0.267,0.548,-1.487,-0.62,-0.471,-1.462,0.494,-1.644,0.394,-0.224,-0.512,-0.728,-0.127,0.654,0.54,0.203,1.116,-1.696,0.862,0.835,0.431,0.056,Butterfly,984,101,0.542
-0.77,2.202,-0.064,-0.781,-0.739,-0.981,0.489,2.339,0.677,-1.05,-2.537,0.666,-0.879,0.91,-1.2,0.809,0.1,-0.993,1.769,-0.989,0.826,-1.002,0.174,-1.23,0.9,-1.072,-0.725,-0.26,0.573,1.791,0.868,0.125,-0.667,-0.315,-0.515,-2.449,-1.568,-1.498,-0.321,0.589,-0.74,1.137,-0.716,-0.602,-0.583,0.596,-2.308,-1.081,-1.663,0.544,0.425,-0.662,0.624,-0.483,-1.505,1.233,2.006,-0.364,-1.459,0.821,Freestyle,1025,956,0.808
-0.427,0.086,-0.122,0.06,-0.942,1.114,-1.027,-0.056,-0.722,-0.906,1.243,-0.29,0.192,0.827,-0.811,-0.023,-0.875,-0.302,-0.216,0.138,-1.748,-0.566,-0.686,-1.261,0.591,0.21,0.15,1.329,1.27,0.01,0.678,-0.798,0.046,-0.53,0.562,-1.178,0.207,-0.836,0.402,-1.481,-0.678,-0.326,0.353,0.731,-1.164,0.268,-1.055,-0.194,0.73,1.682,0.694,0.193,0.765,0.277,-0.515,-1.467,1.073,-1.589,1.048,1.703,Front Crawl,1331,224,0.386
-0.355,1.023,-0.061,0.465,-0.915,-0.111,-0.843,0.702,-0.002,0.178,-0.26,1.518,-0.596,0.122,-0.516,-0.078,-1.118,-1.143,1.377,-0.774,1.116,0.639,0.203,1.376,-0.215,1.291,0.38,-0.79,0.452,0.282,0.127,-0.103,-0.699,-0.706,-0.588,1.131,0.636,-0.644,1.214,0.846,1.226,0.566,0.732,0.766,1.816,-1.238,0.013,-0.306,0.808,-1.036,-2.002,-0.928,-0.748,0.657,-0.156,0.239,0.237,-0.278,0.399,0.652,Backstroke,1735,630,0.706
-0.102,-0.541,-1.198,0.565,0.646,0.269,-0.064,-0.795,-0.354,1.618,0.051,0.174,2.251,-0.068,1.234,0.556,1.017,1.423,-0.664,-1.192,0.871,0.391,-0.076,-0.907,0.42,1.601,-0.338,0.748,-0.476,0.497,-1.487,-1.293,0.594,0.709,-0.093,0.99,1.231,-0.508,0.735,2.201,0.989,-1.151,0.218,-0.587,0.949,-0.375,-0.967,-0.304,0.236,-1.565,0.282,1.193,0.465,0.387,-0.377,0.446,-0.377,1.004,-0.371,-0.103,Freestyle,398,318,0.255
-0.726,-0.524,0.129,1.515,-0.931,-0.059,-0.805,-0.934,-1.423,0.726,-1.5,0.383,-0.405,-1.182,1.962,1.041,0.291,-1.296,0.501,0.737,-1.001,-0.412,0.782,0.835,1.615,-0.149,0.494,-0.997,-2.024,0.768,-0.092,0.499,-0.695,0.25,0.044,0.287,1.199,-0.166,0.989,-0.225,0.551,1.402,-0.673,-2.415,0.879,-0.644,-1.272,-1.13,-0.247,-1.21,0.128,-0.053,-0.371,-0.207,1.709,1.566,-0.235,1.077,-2.222,0.587,Freestyle,909,671,0.649
-0.236,0.96,0.344,-1.124,0.091,0.048,1.076,0.957,1.551,1.224,-1.645,-0.889,1.176,1.273,0.037,0.613,-0.763,1.361,0.299,-0.907,0.511,-1.537,0.281,-1.55,-0.004,0.858,0.207,-0.157,-0.318,1.747,-0.272,-1.441,-0.785,0.185,-0.353,0.492,-1.199,0.365,-0.379,0.567,1.021,-1.905,-1.802,1.255,0.76,1.525,-0.938,-0.714,1.148,2.472,1.684,-2.769,0.51,-0.364,-1.139,-1.266,1.313,1.221,-0.387,-0.948,Breaststroke,598,156,0.343
1.069,1.238,-0.395,-0.316,-0.234,-0.874,0.634,0.453,-0.215,-1.075,0.428,-0.043,0.478,0.785,1.734,1.009,1.132,-0.725,0.831,1.162,1.022,-0.528,-1.033,-0.258,-1.389,0.262,0.024,-0.725,-0.381,-0.097,-0.01,0.347,1.229,-1.029,0.606,-0.66,0.33,0.461,0.002,0.033,-0.406,-1.863,-0.012,0.254,1.58,-0.949,0.371,-1.387,-0.23,0.717,-0.234,0.687,0.505,-0.605,-1.036,0.639,-1.786,-0.201,0.261,0.374,Backstroke,1006,1027,0.339
1.916,0.527,-0.474,0.509,0.429,-1.192,1.07,0.881,1.021,0.124,2.167,0.905,-0.411,-0.087,0.739,-0.649,0.289,1.757,-0.086,-0.034,-0.606,0.511,-0.039,0.441,1.428,0.578,0.801,-0.422,0.849,0.83,1.058,-0.598,-0.134,-0.933,-0.213,0.649,-1.183,1.09,0.179,-2.94,-0.119,-0.632,-0.503,-1.593,-1.427,-0.778,-0.2,-0.267,-1.369,-1.023,-1.175,1.365,1.282,-1.254,0.601,-1.646,0.95,-0.421,0.486,1.585,Butterfly,1274,702,0.59
0.882,0.161,-1.232,0.382,0.288,0.773,1.587,-1.466,1.087,-1.407,-0.572,0.102,-0.39,-1.562,-0.064,1.006,-0.29,0.027,-0.757,2.745,0.733,-1.306,-1.125,0.729,-1.89,0.023,-0.012,-0.907,0.528,-0.683,-0.457,-0.504,1.151,-0.699,0.579,-1.498,0.791,0.419,-0.634,-0.652,-0.024,-0.008,-0.169,-0.381,-0.882,-1.658,0.358,1.179,-0.923,1.85,0.786,-2.934,-0.482,0.81,-0.95,0.653,-1.127,0.42,1.391,-2.48,Backstroke,1863,883,0.333
1.587,1.618,-1.407,-0.231,-0.069,0.547,-0.587,0.308,-0.454,0.736,0.814,-1.302,-1.004,-0.175,-1.039,-0.073,-0.235,-0.248,-0.657,-0.927,0.202,1.461,-0.595,-1.384,0.402,1.45,0.363,1.373,-1.603,0.272,0.891,0.815,1.087,0.153,-0.32,0.793,-1.565,-0.901,1.684,-0.161,-0.428,-0.989,0.413,0.59,-1.506,1.08,-0.463,-0.932,1.63,0.485,1.023,1.136,0.03,1.36,0.223,-1.375,1.193,-0.181,-1.926,0.083,Butterfly,947,841,0.571
-0.411,0.348,-0.324,-0.959,-1.381,0.413,-0.952,-0.419,-1.039,-1.027,0.577,0.803,-0.064,1.196,-0.699,-2.708,0.51,-0.888,1.855,1.334,-0.067,0.171,-0.796,1.016,0.131,1.198,0.166,0.965,-1.018,0.142,-0.037,0.555,0.008,0.238,0.731,1.129,2.195,0.236,0.683,-0.42,-1.121,0.833,-0.015,0.74,-0.533,-0.36,-1.323,0.3,0.616,0.143,0.055,1.155,-2.239,-0.231,0.998,0.601,-0.413,-0.755,-1.704,-1.154,Front Crawl,1014,797,0.323
1.408,0.452,-1.458,1.772,-0.721,1.187,2.112,-1.34,-0.368,-0.266,0.172,0.966,1.431,-2.579,-0.708,1.164,-1.24,-0.412,-1.248,-0.452,1.612,-0.305,0.071,-0.382,0.427,0.127,1.345,-0.305,0.565,-0.508,-0.186,1.061,1.172,0.155,-1.86,2.314,-0.611,0.465,0.197,-0.167,-0.222,-0.535,0.639,-0.432,-1.002,-0.199,-0.55,-0.07,0.49,-2.003,0.523,-0.428,-1.808,1.114,-1.619,1.44,1.642,-0.271,-1.033,-1.294,Front Crawl,738,902,0.155
-1.763,-0.042,0.045,-0.898,0.83,1.287,-0.293,-0.311,1.197,-0.299,1.915,2.629,0.798,-0.009,1.179,0.198,-0.443,0.387,-0.55,-0.726,-0.294,-1.215,-1.89,-0.241,0.091,0.016,-0.087,-0.063,-1.327,0.574,0.385,-0.206,-0.603,-0.26,-0.199,-1.207,-2.627,-1.97,-0.555,0.343,-1.17,2.89,-0.627,0.063,-0.291,1.325,0.206,-1.509,-1.313,0.964,-0.455,0.56,0.831,-1.243,0.395,1.359,-2.113,-0.039,-1.048,1.225,Freestyle,1016,955,0.696
-0.251,0.528,-1.836,-0.017,-1.511,1.389,-0.576,0.596,0.077,0.016,-0.402,-1.855,0.125,-0.139,0.966,0.035,-1.414,-0.598,1.114,1.102,-1.098,0.278,0.201,0.931,2.01,0.46,0.922,-1.247,-1.335,1.71,1.529,0.637,-0.517,-2.127,-0.742,-0.012,2.331,-1.05,0.815,-0.768,-0.226,-0.317,-0.338,0.592,1.677,0.015,0.722,-1.03,0.837,-1.738,0.173,-0.594,-0.96,0.691,0.202,-0.795,-1.592,-0.113,-1.082,0.7,Freestyle,1550,667,0.597
0.201,0.169,-0.996,0.145,0.195,-1.376,-0.562,-0.547,0.644,-0.11,0.265,2.2,-0.901,1.595,0.396,0.495,-0.174,-0.642,0.17,1.134,0.191,0.202,1.128,-2.282,0.277,-1.284,-0.369,1.118,1.757,0.733,1.338,0.563,-1.165,2.516,0.328,-1.514,-1.531,-0.658,-0.763,-0.354,0.068,0.656,-0.563,-0.705,-0.073,0.796,0.396,-0.609,1.347,0.344,-0.714,-0.135,-0.309,-0.142,-1.682,-0.869,-0.765,-0.268,-1.058,-0.622,Breaststroke,1302,474,0.563
-0.216,0.123,1.051,-0.142,0.404,0.746,0.322,0.498,-0.512,-0.076,-2.708,-0.952,-0.677,-1.252,0.49,2.686,0.173,0.852,0.024,0.109,0.661,1.617,0.254,-1.218,0.073,-0.885,-1.437,-0.577,-1.258,1.106,-1.323,1.011,1.634,0.363,1.266,0.088,0.204,-0.586,-0.187,-0.528,0.047,0.51,0.075,0.279,-1.712,2.018,-0.857,0.87,0.39,-0.081,-1.442,-0.645,0.011,-0.411,1.036,0.753,0.057,-0.489,1.73,0.501,Butterfly,874,619,0.47
0.125,0.157,0.395,-0.25,-1.58,-0.853,2.011,1.81,-0.628,0.575,1.353,-0.343,-0.102,-0.227,1.124,-0.01,-0.162,-0.543,0.849,-0.711,1.462,1.298,1.208,-0.248,-0.963,0.652,0.513,0.279,0.912,-0.324,0.348,0.594,-0.404,1.862,-0.051,-0.412,-2.202,-1.121,1.678,0.512,0.558,-0.024,1.328,0.285,-0.232,-0.654,-1.649,0.845,1.175,-0.211,-0.75,0.008,1.373,0.106,0.002,-0.004,-1.349,0.223,0.613,-0.911,Backstroke,211,1043,0.362
0.135,-3.342,0.715,2.007,0.019,-0.744,0.055,-0.889,2.38,0.307,0.893,0.36,0.801,0.776,0.503,-2.348,-1.066,0.122,0.308,-0.964,-0.472,0.864,-0.409,0.13,-1.285,-0.032,0.05,-0.128,-1.205,-0.485,0.202,-1.022,-1.027,0.054,0.999,-1.231,-0.486,-0.146,-0.155,-0.535,-0.643,0.362,-0.215,0.897,2.039,0.285,-0.345,0.009,0.223,1.071,1.325,1.664,-0.037,-1.26,-0.884,-0.457,-0.131,0.536,0.112,-0.338,Front Crawl,285,992,0.74
0.377,-0.172,0.836,0.101,0.296,-1.834,-2.485,-0.206,0.852,1.456,0.648,-0.382,-1.883,-0.511,1.741,0.197,0.476,1.643,0.782,0.038,1.179,1.489,0.38,-0.65,-0.881,-1.049,0.762,0.567,0.206,0.783,0.098,0.628,0.415,-1.465,-0.098,-0.605,1.358,-1.435,0.998,-0.586,1.459,-0.096,0.519,1.282,0.495,0.471,0.153,-1.427,0.435,-1.304,-0.824,-0.195,-0.825,-0.101,0.807,2.083,-0.497,0.63,2.105,1.319,Backstroke,105,270,0.823
0.008,0.243,1.792,-1.262,-1.533,-0.686,-0.675,-0.916,-0.151,1.995,1.499,0.392,-0.016,0.24,0.536,0.153,0.386,-1.404,-0.443,-0.257,-0.206,-0.512,-0.23,-1.137,-0.394,1.905,0.393,0.198,-0.148,0.056,-0.338,-0.014,0.286,0.134,0.085,-0.266,0.012,0.87,-0.549,-1.337,-0.0,-0.716,1.319,0.455,0.759,1.058,-0.132,-0.187,0.766,0.391,0.021,-1.012,-0.658,-1.169,0.488,0.089,1.387,0.076,1.393,1.402,Front Crawl,230,320,0.185
-0.468,-0.66,0.612,-0.456,-0.02,0.805,-0.006,0.456,1.901,-1.35,-0.125,-0.159,-0.02,-1.731,-0.653,2.097,-0.891,-0.825,1.023,0.886,1.797,-0.097,-0.932,-1.882,-0.424,-1.112,0.739,-0.907,3.374,0.973,-0.704,0.635,-0.494,1.593,-0.427,-0.415,-1.218,-0.597,-1.673,-0.77,0.424,0.245,-1.175,-0.417,-2.061,0.103,-2.126,0.179,-1.154,-0.893,0.264,-0.103,-1.734,2.947,0.619,-0.402,-0.473,-0.559,-1.937,0.756,Breaststroke,224,988,0.807
-2.023,0.103,2.194,1.189,0.995,-0.033,-0.413,0.053,-1.231,-1.172,0.6,0.651,-1.302,-0.52,0.251,0.44,-0.743,-1.268,-0.119,-0.032,0.158,1.032,1.111,-0.581,0.58,0.187,0.096,0.565,0.365,0.217,1.728,1.624,0.672,-1.434,-0.592,0.251,-0.607,-0.742,0.862,0.515,0.031,-0.59,0.503,-0.819,-0.458,-1.094,0.269,0.369,-1.31,0.202,0.251,1.34,-1.196,-1.618,0.429,1.399,0.3,0.439,1.004,0.202,Freestyle,258,1070,0.535
0.002,0.326,0.545,-0.276,0.664,-0.723,-0.093,-1.003,-0.101,-2.152,1.121,0.352,2.285,-0.529,-0.36,1.287,0.299,0.666,0.105,0.05,-0.49,0.707,0.354,-0.711,1.445,0.48,-0.516,1.292,1.782,-2.136,-1.029,1.368,-0.124,0.718,0.596,-0.64,-0.284,-0.345,0.093,-1.394,-1.675,-1.646,-1.138,0.465,2.149,-0.285,1.159,-0.34,-0.849,2.158,0.535,-0.744,1.291,-0.697,0.417,1.751,-0.21,1.118,0.871,0.479,Front Crawl,1139,801,1.0
0.022,-0.722,0.474,-0.62,-1.731,0.976,-0.37,-0.911,0.329,0.319,-0.864,-2.221,-0.805,1.446,-1.318,-1.477,0.813,-1.51,-0.794,-0.658,-0.484,-0.225,1.918,-1.624,-0.101,1.141,0.079,-1.099,-0.327,-0.766,2.678,-0.0,-0.677,-1.808,-0.684,-0.139,-0.141,-0.321,0.872,-0.117,-0.022,-0.17,-0.913,-0.008,0.225,1.556,-0.982,-1.019,0.359,0.228,0.29,2.199,-0.234,-0.523,0.32,-1.287,-0.657,-1.21,0.781,-1.104,Backstroke,1732,473,0.526
2.432,1.667,-1.444,-0.664,-1.419,0.006,2.443,0.451,1.661,-0.387,-0.186,2.11,-0.678,-0.324,1.225,-1.106,-0.295,-1.349,-1.24,-1.324,0.608,-0.227,0.621,0.33,-0.254,-0.577,0.828,1.084,-0.422,-0.792,-0.35,-1.963,0.413,-1.57,0.414,0.68,-0.542,-1.338,-0.193,-0.614,-0.456,-0.594,-0.731,-0.406,0.961,-1.754,0.075,0.054,-0.167,0.06,0.506,0.098,0.558,0.945,-0.304,1.191,1.721,-0.869,-0.275,0.66,Freestyle,515,463,0.396
-2.19,-0.184,0.279,0.419,0.393,0.419,2.284,-0.837,0.501,1.54,0.263,0.16,-2.862,-1.033,-0.813,1.625,-1.466,-0.094,0.697,-0.18,0.207,0.135,0.926,0.12,2.619,-1.407,-0.33,-0.065,0.96,0.871,-0.863,-0.087,-0.083,-0.666,-0.385,-1.536,0.141,-0.645,0.682,-0.744,1.014,-1.16,-0.684,0.721,-0.406,0.371,0.665,1.086,-0.755,0.677,0.552,-0.566,-1.203,0.375,-0.996,0.627,0.269,1.149,0.207,-0.815,Backstroke,692,607,0.293
-0.314,-0.165,-0.187,0.617,0.855,-1.699,-0.76,0.9,0.985,-0.153,0.465,0.312,0.498,-0.126,-0.629,-0.47,-0.553,-0.214,-2.134,0.473,-0.221,-2.346,-1.641,0.469,0.927,-1.437,-0.77,-0.152,-0.397,-0.558,0.596,-0.778,0.25,-1.221,-0.23,-1.436,-0.109,-0.188,-0.131,-0.41,-0.756,0.805,1.845,1.424,0.254,-0.006,0.392,1.253,-0.927,-1.275,-1.003,0.235,-0.732,-0.735,-2.689,-0.295,0.702,-0.901,0.265,0.277,Butterfly,1363,757,0.382
1.354,0.227,-1.476,-0.282,-1.894,-0.118,0.307,-1.699,-2.024,-0.943,-2.631,0.309,1.575,1.044,-1.522,-0.89,-0.667,1.207,-0.351,-0.732,0.811,-0.217,-1.997,0.071,-0.756,1.285,-0.551,-1.222,0.13,-0.376,0.351,-0.479,0.825,-1.223,0.277,-0.473,-1.568,-2.004,-0.789,-0.496,1.616,0.38,-1.493,-0.447,-2.019,-0.8,-1.466,-0.464,0.083,-0.485,0.625,0.887,-0.174,0.185,0.71,0.072,1.202,1.854,-1.737,0.999,Freestyle,991,159,0.575
1.175,-0.327,0.002,-0.826,-0.125,0.339,-0.664,0.693,1.286,-0.212,0.618,0.331,0.104,-0.116,-1.547,1.394,0.245,-0.63,0.086,-0.19,-0.531,-1.071,0.465,-0.285,-0.592,0.918,0.616,-1.195,1.795,-2.048,-1.333,-0.57,-1.34,-0.948,0.056,-1.267,1.387,1.196,0.881,-1.705,-0.646,-0.043,0.681,1.308,0.18,0.425,-0.372,-1.3,-0.415,0.808,0.805,0.489,1.528,1.01,-0.268,0.75,-1.592,-0.039,2.35,0.561,Front Crawl,614,312,0.609
-1.041,0.219,1.003,0.935,0.118,0.488,0.208,-1.798,0.388,-1.359,-0.995,0.388,1.312,0.575,1.18,0.014,-0.341,-0.099,-0.083,-0.577,-0.254,0.476,1.755,1.129,-0.015,-1.984,1.694,-0.811,-1.489,0.481,-0.279,0.349,0.534,-0.746,0.378,-0.63,2.424,1.683,-0.116,0.296,-1.305,-0.052,-0.384,0.074,-0.621,-1.243,0.535,-0.169,0.835,1.009,-0.897,-0.454,-0.1,-1.001,0.512,0.122,-1.124,-1.635,-1.366,-1.645,Butterfly,1002,653,0.5
1.394,-0.066,-0.682,1.427,0.271,-0.991,1.234,1.768,-0.943,-0.562,1.153,-0.395,-1.424,-1.702,-0.619,-0.247,-0.84,-0.703,-0.247,-0.839,1.084,-0.123,0.223,-0.491,0.461,-0.404,0.28,0.535,0.312,-0.306,0.753,-0.519,0.127,-1.326,-0.03,0.582,-0.033,0.625,0.301,0.379,-0.472,-0.035,0.331,1.476,1.496,-0.01,0.875,2.402,0.856,1.252,0.077,-0.311,-1.118,-1.228,0.175,0.663,-0.501,-0.274,0.108,0.068,Breaststroke,1795,722,0.179
-0.392,-0.414,0.061,2.123,0.281,-0.3,-0.724,0.535,-0.815,-0.931,0.008,0.067,0.091,-0.105,-0.251,0.605,0.6,0.403,0.665,-0.237,0.571,-0.827,1.288,1.139,0.849,0.689,-0.865,-0.692,-0.092,-0.203,0.255,0.537,-0.507,1.219,1.633,-0.222,0.24,-0.286,0.935,0.251,-1.169,0.972,0.876,-1.369,-0.302,1.13,-0.299,0.254,-0.798,1.015,-0.29,-1.201,-0.465,-0.961,-0.702,0.2,1.224,-0.266,0.498,-1.77,Breaststroke,187,370,0.432
0.807,-0.318,1.218,-0.432,-1.005,-0.255,1.243,-0.408,-1.495,1.745,1.167,-0.799,1.203,-1.584,2.113,-0.681,-1.805,-0.933,0.055,-1.494,1.089,-2.046,-0.768,-0.266,-1.628,0.392,0.344,0.442,-0.601,-0.512,-1.262,-0.358,-0.085,0.151,0.265,-0.94,0.412,0.973,0.548,-1.015,0.4,0.681,-1.263,-0.362,-0.83,2.21,-1.979,0.637,0.444,-1.359,1.285,-0.073,-1.042,0.2,0.779,-0.572,0.23,1.091,0.476,0.812,Front Crawl,675,1054,0.738
-0.626,-0.184,1.363,-1.989,1.497,1.32,-0.339,-0.116,-0.898,-0.264,-1.448,0.173,0.016,0.185,-1.624,-0.676,-1.942,-0.427,2.756,0.105,-1.172,-0.841,0.024,0.335,0.883,2.272,-1.687,1.909,1.528,-0.753,0.038,0.11,-1.069,-0.979,0.91,0.535,2.038,-0.822,0.185,-0.014,-0.482,-0.3,1.173,-1.896,0.967,-1.516,-0.403,0.531,-1.275,1.46,-1.38,1.219,-0.564,0.796,1.276,-0.638,0.441,-0.202,-0.806,0.352,Breaststroke,469,470,0.069
-0.33,0.904,1.132,-0.225,0.308,-1.386,1.053,1.659,-0.093,0.605,0.883,-1.914,-0.148,0.814,0.067,1.037,-0.531,1.988,-0.485,-0.917,-0.53,0.795,0.189,1.684,-1.023,-2.345,0.196,-0.422,1.542,-0.321,-0.285,0.538,-1.434,-0.643,0.103,-0.381,0.087,0.623,-0.576,-1.049,0.612,1.553,1.066,1.356,0.612,-0.101,0.898,-0.149,-0.003,0.251,-1.309,0.025,0.253,-0.397,0.982,-0.365,0.844,-0.123,-0.155,2.327,Butterfly,1699,744,0.466
0.088,-0.201,-1.341,-0.631,0.332,0.34,-0.02,0.51,-0.197,0.396,-2.074,-1.199,-0.178,-0.214,-0.278,-0.99,-0.161,0.453,-0.984,0.604,0.584,-0.936,0.107,-0.644,1.155,1.783,0.633,0.246,-0.377,2.021,-0.814,-3.049,2.183,1.618,-0.338,-0.012,0.435,-0.028,-0.899,0.691,1.326,0.817,1.494,-0.056,-0.589,0.932,0.635,-2.054,0.81,1.61,2.695,-0.107,0.694,-1.319,1.734,-0.626,0.317,0.621,1.152,-1.34,Backstroke,140,417,0.41
0.003,-0.113,-0.434,0.54,0.188,0.549,0.801,-0.608,-0.334,-1.562,-0.769,-0.064,1.115,-1.74,1.378,2.233,0.774,-1.175,0.044,-1.24,-0.734,-0.054,-0.481,-0.45,-0.371,0.456,-0.088,-1.461,-1.199,-0.148,1.563,-0.054,-1.236,1.104,-0.063,1.693,-1.811,-0.486,-1.194,-0.033,0.676,-0.055,-2.706,1.344,0.479,1.454,1.22,0.278,0.999,-0.271,-1.554,2.11,0.771,-0.564,-2.703,-1.002,-0.019,-1.672,0.337,-1.249,Butterfly,448,894,0.472
-0.177,-1.854,0.89,0.627,2.513,-1.148,-0.409,1.06,0.342,0.404,1.032,-0.154,-2.924,1.152,0.781,0.414,-0.429,2.191,-0.749,-0.998,0.953,0.864,-0.948,0.375,-0.621,-2.826,-3.077,-0.623,0.717,-0.848,0.859,-1.448,1.516,0.591,-0.841,-2.935,0.69,0.96,-0.678,-0.635,0.021,-0.629,0.783,-1.243,-0.8,-0.449,-0.651,0.133,0.813,-0.756,2.186,-0.261,0.308,-0.074,-0.244,0.194,0.39,0.023,-1.254,0.017,Breaststroke,1387,168,0.297
1.502,-0.719,1.295,-0.439,0.378,-1.238,-1.551,0.65,-0.412,-0.846,1.266,-0.279,0.358,-0.657,-0.105,-0.933,0.175,-0.165,-0.436,1.236,-1.081,-1.063,0.524,2.003,0.072,0.24,0.155,-1.054,-0.57,-1.432,1.228,0.323,2.352,0.002,0.144,-0.912,-0.822,0.233,0.365,-0.455,0.104,-0.508,-0.348,-0.705,0.906,0.045,0.336,1.149,-0.362,-0.046,0.12,-0.767,-0.521,1.463,-1.262,-0.439,-0.607,1.243,-1.348,1.171,Front Crawl,1174,609,0.656
-0.799,0.65,-0.244,-1.317,-1.487,0.005,-1.146,-0.936,-0.132,0.17,1.27,0.757,1.118,-0.289,0.259,1.203,-0.326,0.83,0.901,-2.066,0.427,0.92,0.031,-0.76,-1.357,0.962,0.645,0.39,0.493,-0.868,0.876,-1.257,0.716,-0.437,0.444,-0.814,0.392,0.337,1.374,0.532,-0.056,-1.433,-2.453,-0.156,-0.976,0.013,-0.815,-1.427,1.202,-1.157,-0.405,-1.069,-1.401,1.54,-1.04,-0.639,1.564,0.313,0.706,-0.159,Butterfly,1658,372,0.504
-0.926,0.75,1.638,-1.085,0.519,0.023,-0.905,-0.161,0.599,-1.351,-0.822,-2.454,1.485,0.632,-0.576,1.896,-0.104,0.584,-1.921,1.085,-0.848,-0.425,-0.952,-0.956,0.851,-0.027,0.027,-0.889,0.548,0.404,0.535,-0.109,0.952,0.02,-0.99,-0.778,1.996,-2.695,0.905,-0.324,0.253,-0.023,0.024,-0.051,0.097,0.261,-4.184,-1.343,-0.224,0.659,-0.028,1.666,0.938,0.047,0.25,1.612,-0.206,0.553,0.389,1.458,Front Crawl,1141,1047,0.724
0.089,-1.37,1.74,0.07,0.092,-0.021,-0.122,-0.014,0.168,1.431,-0.693,-0.127,-0.592,-1.301,-0.949,-0.181,1.418,1.237,-1.18,-1.398,0.867,-0.01,0.397,0.301,2.01,-0.255,-1.313,0.653,1.679,-1.374,0.224,-0.214,1.53,0.66,-0.103,-0.673,-1.226,1.47,0.08,-0.897,0.004,-0.252,-0.436,0.702,-0.372,-0.572,0.209,2.059,-2.451,0.395,1.518,-0.95,1.658,0.003,0.595,-0.433,-0.059,0.017,-1.337,-0.45,Breaststroke,1797,231,0.574
-1.2,0.853,0.952,1.055,0.111,0.266,-0.948,2.697,-0.466,0.215,-1.277,-0.89,0.398,-0.232,-0.512,0.276,1.589,-1.701,0.356,-0.347,0.797,-1.15,-1.677,-1.082,0.814,-0.571,1.028,-2.615,0.261,0.527,-0.969,-0.343,0.137,0.108,1.429,-0.369,2.257,2.013,1.135,-1.544,-1.124,2.153,-0.148,0.293,0.818,-0.408,1.194,-0.381,-1.038,-1.982,-0.221,-0.826,-0.928,-1.665,-0.832,0.701,-0.037,-0.57,-0.341,0.653,Butterfly,943,955,0.451
-0.385,-0.322,-1.625,1.826,-0.067,0.169,1.123,-0.407,-0.512,-0.887,-1.337,1.839,-2.233,0.845,0.231,-1.273,-0.305,0.468,0.032,1.739,0.294,1.14,-0.627,1.387,1.114,-1.59,-0.202,-1.67,-1.18,1.222,-0.614,-0.524,-1.175,-0.229,1.817,-1.771,-0.577,1.336,-0.647,1.804,0.565,-0.843,-0.306,0.4,1.492,1.07,0.119,-1.703,-0.182,0.052,0.949,0.031,0.894,-0.943,0.927,-0.548,2.294,-1.047,-1.436,-1.876,Butterfly,1609,741,0.376
0.852,0.021,-0.935,0.376,-0.586,-0.225,-1.296,1.362,-0.828,-0.377,-0.653,-0.282,-0.127,-2.261,-1.726,0.737,0.188,0.117,-0.378,0.603,0.198,0.423,-0.088,1.135,0.242,0.499,1.028,1.076,-0.675,2.12,0.689,-1.06,-0.383,-1.299,-0.262,0.275,-0.218,-0.851,0.821,-2.322,-0.075,-0.633,1.45,1.559,0.577,1.0,2.265,-1.924,0.456,0.53,1.3,-0.826,0.314,1.274,-1.537,0.387,-0.88,2.073,1.323,-0.173,Breaststroke,888,715,1.0
-1.981,-0.688,0.077,-0.272,-1.507,2.291,-1.465,1.968,-0.654,-0.467,1.123,1.422,-3.084,0.183,0.536,-0.555,-0.641,-0.143,-0.02,2.895,2.021,0.063,0.099,1.462,-0.821,0.134,0.404,0.342,0.221,0.548,-0.166,-0.88,0.571,-0.793,-0.113,0.057,-0.653,0.87,-1.553,0.507,0.664,1.208,0.155,-2.18,-0.596,-0.528,0.303,0.825,-0.162,1.685,-0.023,-0.087,1.915,1.147,1.13,0.356,-0.482,0.148,-0.465,0.419,Freestyle,259,796,0.701
0.114,0.989,-0.818,0.291,0.507,2.252,-0.627,1.187,0.632,1.616,-0.447,-0.203,0.213,0.055,1.714,0.333,-0.195,-1.708,-1.101,0.094,0.575,0.521,-0.317,-0.962,1.536,-0.986,0.755,-1.486,-0.997,0.146,0.551,0.365,0.005,1.509,0.234,0.746,-1.375,1.041,-0.036,-1.907,-0.918,-0.837,-0.772,0.639,1.856,0.186,1.846,0.609,-0.363,0.049,2.186,1.806,0.323,0.963,0.47,-0.715,0.069,0.641,-0.22,-0.362,Front Crawl,1895,283,0.629
2.129,-0.442,-0.34,0.469,-0.506,-0.436,-1.204,0.036,-0.52,1.753,2.201,0.275,0.267,-0.216,1.758,-1.999,1.153,-0.957,-0.71,-0.968,-1.294,0.952,-0.984,0.902,-0.794,-0.827,0.994,0.267,0.847,-0.813,1.688,-0.011,-0.6,-0.784,-0.277,-0.578,1.764,0.251,-1.134,-0.958,0.829,0.03,-0.439,1.03,0.526,-1.887,-0.07,0.617,0.312,-0.449,-0.458,-0.988,-0.822,1.971,-0.299,1.602,0.679,0.802,-1.762,0.392,Backstroke,451,992,0.205
-0.002,-0.098,-0.515,-1.204,0.719,-1.098,1.179,-0.522,0.637,-1.336,0.142,1.108,-0.216,-1.624,-0.659,-0.742,0.865,0.016,-0.547,-1.451,1.567,0.881,-1.501,-0.775,-0.268,0.358,-1.432,-0.822,-1.541,1.008,0.229,0.551,-3.185,-0.416,0.836,0.29,0.925,0.109,-0.013,-0.493,-0.567,-0.196,2.379,-1.739,0.887,-0.813,-1.506,0.758,0.821,-1.038,-0.357,1.079,-0.555,0.485,0.337,-0.661,1.553,1.33,-0.787,-2.03,Front Crawl,1274,149,0.438
1.136,-0.648,-0.876,0.651,-0.969,0.092,0.536,-0.457,-0.624,-0.201,1.022,0.488,-1.809,1.147,-0.942,-1.251,0.138,0.104,1.845,0.613,0.656,1.022,-0.212,0.475,0.216,1.336,-0.537,0.718,-0.286,-2.038,0.946,0.33,-1.692,0.134,-1.56,1.947,-0.099,0.562,0.069,-0.74,0.689,-0.255,-0.926,-1.011,-0.554,-2.812,0.532,1.249,0.525,-2.541,1.171,-1.412,-0.875,1.346,-0.42,1.988,-0.055,1.377,0.425,-0.55,Backstroke,343,649,0.748
0.075,-0.82,-0.492,1.92,0.108,-0.876,1.636,0.022,0.038,-0.578,0.886,-0.486,-0.648,-0.094,-2.08,-1.419,-1.657,-1.113,-0.184,0.945,-0.591,1.955,-0.49,-0.856,-0.891,1.186,1.388,-1.215,0.603,-1.085,0.301,0.456,-2.909,-0.07,-0.731,0.548,0.053,0.641,-0.067,1.278,0.642,-0.346,1.421,0.784,0.601,0.916,0.052,1.448,-1.4,-0.46,0.219,0.759,2.056,-0.959,-2.182,-0.165,0.638,0.313,0.064,-0.151,Front Crawl,412,1051,0.654
1.791,-0.119,1.731,-0.168,0.325,-0.581,1.888,0.746,0.589,-0.372,0.216,-1.57,0.567,-0.143,-0.074,-0.206,1.065,-1.314,0.659,0.579,-0.005,1.394,-0.775,-0.091,0.015,0.058,-1.09,-1.444,-0.845,-1.182,-0.195,-1.927,-2.082,-0.29,-2.053,0.215,-0.083,0.533,1.526,-0.586,0.405,0.037,-0.643,0.169,-0.584,1.929,0.52,0.704,-3.027,-1.059,0.757,-0.167,-0.961,-2.599,-0.738,-0.79,-2.212,0.522,0.193,1.143,Front Crawl,668,747,0.545
0.37,-0.786,-0.058,-0.457,-0.103,0.999,-0.279,0.088,-0.963,-0.559,0.646,-0.596,0.022,-1.472,-0.031,1.652,0.56,0.609,-1.082,0.069,-0.71,1.098,1.022,-1.256,0.496,0.725,0.051,-0.274,-0.473,-1.426,-0.313,-2.419,1.201,-0.049,-0.829,0.961,-0.108,-0.429,-0.425,-0.904,-0.17,0.916,0.38,0.289,-0.782,-1.49,-0.697,-0.409,-2.571,0.65,-1.137,1.012,0.887,0.723,0.277,-0.971,1.622,1.985,0.145,0.417,Freestyle,1232,741,0.543
0.022,1.65,0.607,-0.679,0.159,0.271,-0.522,0.697,1.923,-0.644,0.395,0.199,0.644,-0.159,0.1,-0.143,1.537,-1.201,-0.884,0.735,-1.209,-2.244,-1.149,1.908,1.184,0.936,-1.928,-0.182,0.67,-0.186,-1.737,-1.245,-2.132,0.259,-1.235,0.438,0.008,0.456,1.419,1.04,0.628,-1.07,-0.901,-0.302,-0.229,1.219,-1.991,-0.809,-0.284,0.461,0.266,-0.553,0.777,2.326,1.259,-0.207,2.488,-0.283,-0.693,-0.384,Butterfly,777,513,0.729
0.479,-1.504,-0.982,-0.966,0.439,1.638,0.539,0.039,-0.568,-0.371,1.209,-0.7,-0.471,1.085,-1.591,-2.615,0.623,1.692,0.175,-0.197,1.829,0.098,-2.022,0.239,0.256,-0.149,0.356,-1.584,-1.006,-0.366,0.566,0.184,0.869,-1.027,1.822,-0.405,-0.059,-0.298,2.334,1.098,-2.404,0.314,-0.295,1.328,1.376,0.293,-1.248,-1.265,-0.921,0.617,-0.364,-1.299,-0.027,-0.583,-1.115,-2.133,-0.513,-1.152,-1.096,-0.274,Butterfly,248,538,0.285
-0.382,-1.276,-1.72,-1.05,1.255,0.979,-0.713,0.948,-0.389,1.533,-0.577,0.384,0.525,0.083,0.469,-0.29,1.154,-0.322,-0.159,0.827,-0.023,-0.099,-1.242,0.963,2.034,1.345,1.362,-0.989,0.157,-0.546,0.624,-0.161,-1.326,-0.012,-1.389,-0.486,0.662,-1.022,1.115,0.607,0.508,0.598,2.547,1.053,1.329,-0.169,-0.469,-2.008,0.042,0.103,-1.354,0.099,-1.268,1.59,0.086,1.078,-2.257,0.017,-0.168,-1.501,Freestyle,1139,838,0.73
-0.267,0.152,0.215,-0.407,-0.954,1.624,2.438,-1.154,-1.173,-2.224,-0.33,0.24,1.037,-1.025,1.471,1.14,-1.24,0.863,1.027,0.768,1.774,1.552,-1.266,0.747,-1.359,-2.074,-0.68,-1.941,-0.353,-0.427,-0.897,-1.511,-1.256,-0.945,0.662,0.189,0.548,1.286,0.253,-2.329,-0.436,0.265,2.145,-2.15,0.25,0.846,0.548,-0.418,-0.97,0.693,-0.48,-1.222,0.128,-0.73,-0.67,0.286,1.671,-0.151,0.858,-0.891,Front Crawl,1558,664,0.709
1.367,1.889,2.567,-1.303,-1.156,0.569,-2.247,0.562,-0.666,-0.709,2.071,0.314,0.354,-0.424,0.61,-0.395,-0.588,0.82,0.59,0.548,-0.046,-0.673,-0.827,1.091,-0.424,-0.787,0.4,-1.882,2.015,-0.104,0.876,-0.671,0.228,-0.337,-1.443,-0.101,-0.728,-0.687,-0.311,1.616,-0.963,-1.591,0.782,1.25,0.088,-0.58,0.982,1.644,-0.781,-0.685,-0.855,0.161,-0.407,-0.986,0.183,0.507,-1.157,0.907,-0.179,0.592,Breaststroke,1025,448,0.191
-0.133,-0.186,0.051,-1.46,0.443,-0.244,0.051,0.511,0.037,-0.553,0.895,-0.859,1.596,-0.604,-0.929,-0.014,0.623,-0.031,0.197,1.28,-1.989,-0.447,-1.594,-0.006,1.012,0.764,0.651,1.323,-0.816,-0.035,0.074,0.054,-1.349,-1.457,1.823,0.371,-0.27,-0.587,1.327,-1.41,-0.175,1.881,1.592,0.747,-1.972,-0.958,0.777,1.376,-0.574,-1.995,0.447,-0.958,-0.719,1.75,-0.227,0.1,-0.505,1.053,-0.05,0.924,Butterfly,1906,156,0.529
-2.371,-1.051,-1.254,-0.688,-0.101,0.163,-0.642,-0.225,-0.137,0.107,-0.872,-1.953,-0.034,1.503,-0.41,0.523,0.009,-0.153,-0.321,0.902,-1.417,2.424,-0.042,0.171,-1.395,0.044,1.061,-1.015,-0.345,0.75,-0.063,-0.635,-0.025,-0.078,-0.735,0.22,0.435,-0.216,-0.302,0.93,-1.007,0.636,1.395,-1.22,-0.336,-1.581,-1.456,-0.349,-1.269,-2.272,-0.603,0.006,-2.142,-0.255,0.608,-0.161,1.233,0.198,-0.669,0.089,Front Crawl,150,600,0.277
-1.006,1.021,-0.663,-0.392,0.481,0.414,1.022,-2.182,0.029,1.322,0.925,2.175,0.298,-0.052,0.593,-0.101,0.155,1.14,0.076,-0.039,-1.04,0.545,-0.697,-0.128,-1.107,0.399,-1.825,-1.323,0.282,-0.447,-0.643,1.343,0.398,0.686,0.412,0.435,-1.983,-1.442,1.087,-1.187,1.134,-1.309,-0.039,-0.504,-1.171,-0.751,-2.203,0.313,0.873,-0.165,0.066,-1.321,1.517,0.384,-0.47,-0.464,0.862,-0.797,-0.619,0.681,Freestyle,1771,420,0.471
1.034,-2.084,-0.49,0.525,1.391,-1.297,0.844,0.867,0.054,0.573,-0.243,-1.848,0.709,1.711,-1.926,0.625,0.302,0.789,0.436,0.067,-1.727,-1.644,0.021,-0.453,0.312,-0.684,-0.97,0.602,-0.132,0.248,0.297,0.195,-1.469,-0.193,0.083,-1.064,-0.621,-0.135,-0.23,-1.327,-0.458,0.661,0.123,0.024,-1.459,-0.497,2.315,0.263,0.604,-0.599,-0.917,-0.984,0.699,-0.318,-1.601,1.118,0.062,0.953,1.425,-0.196,Breaststroke,1438,826,0.784
0.371,-0.457,0.147,-0.774,-1.218,1.211,-0.47,-0.968,0.883,0.293,-1.087,0.426,-1.51,0.991,0.513,-0.878,0.355,-1.715,-0.457,-1.022,-0.376,0.297,-1.386,0.42,0.062,-1.016,-0.711,-0.721,-1.261,-0.232,-0.065,0.635,-0.134,0.989,0.174,1.373,-0.833,-0.499,-1.491,-0.712,0.247,0.072,0.118,1.588,-1.246,0.524,1.902,0.909,1.737,0.501,1.125,-0.307,-1.887,-0.634,-0.388,-1.75,-0.584,-0.345,0.326,-0.564,Freestyle,287,935,0.705
-0.298,-0.5,1.842,-0.957,0.727,1.203,-0.374,-0.513,-1.951,0.946,-0.068,0.023,-1.305,-0.295,0.392,-0.121,0.886,-0.344,-0.573,0.401,0.286,-0.182,0.56,0.418,0.859,-0.614,-0.131,0.466,0.068,-1.74,0.243,-0.338,0.193,-1.159,-0.344,-1.041,-0.265,1.406,0.049,-0.373,-0.885,-1.34,-0.939,0.548,0.291,1.401,0.646,-0.19,-1.422,1.736,-0.018,1.039,0.615,-0.021,-0.029,-0.808,0.886,0.488,-1.601,0.058,Front Crawl,1360,872,0.789
0.929,-0.286,0.305,0.627,0.648,0.567,2.365,-2.506,-0.311,0.087,0.87,0.139,0.368,0.02,1.729,-0.174,0.603,-0.013,-0.547,0.342,-2.528,-1.949,-1.572,0.666,-1.13,-0.686,-1.342,-0.357,-1.776,1.227,0.591,-1.134,1.432,3.124,2.173,0.557,-0.15,-0.546,-0.616,-0.803,0.199,0.008,0.34,-0.918,0.123,0.184,0.25,-1.095,0.134,0.096,0.237,1.557,0.827,0.05,-0.845,-0.485,0.624,0.616,0.171,0.611,Backstroke,820,585,0.762
-0.471,0.098,-1.173,1.255,-0.292,-0.921,-0.358,-1.039,-1.663,-0.268,-0.047,-1.55,0.356,-1.65,0.237,0.377,-0.147,-1.127,-0.887,-0.324,1.322,0.69,0.697,-1.406,-1.29,-2.543,-0.634,0.544,-1.348,0.941,-0.023,-0.766,-0.714,0.458,1.143,0.287,0.147,0.179,0.898,-0.383,-0.749,-0.159,0.625,-0.885,-2.072,-1.332,-0.779,0.469,0.159,-0.663,-0.33,-0.576,0.892,-0.865,1.282,-2.339,1.136,0.623,-2.24,-0.379,Front Crawl,1267,289,0.399
-0.08,-0.47,-1.33,-0.774,-0.193,-1.428,-0.214,0.708,0.136,-1.531,-1.846,-1.28,-0.799,-0.302,-0.976,-0.404,-0.144,-0.751,0.806,0.542,1.157,1.641,-0.627,2.06,-1.106,-1.325,-1.305,-0.807,0.017,-0.658,-1.449,-0.713,1.128,-0.453,-0.493,0.494,-0.741,0.662,0.389,-0.573,0.503,0.578,-2.152,0.003,-0.306,0.017,0.272,0.889,1.413,0.615,-1.233,0.154,0.07,-1.341,-0.315,1.972,1.007,0.008,1.574,0.105,Backstroke,345,683,0.292
0.211,-0.105,-0.086,-1.157,-0.306,-0.026,-1.017,0.828,-1.042,0.218,0.282,1.51,1.127,-0.376,0.558,0.954,0.876,-0.025,0.167,-1.015,-1.644,0.77,1.343,-0.329,2.019,1.563,0.134,1.151,-1.597,-0.956,0.793,-1.136,1.361,-0.472,0.777,0.817,-0.313,-2.344,0.454,-0.916,1.046,0.584,0.962,2.125,0.589,-0.044,0.97,-0.28,0.02,0.936,-0.799,0.788,-0.177,1.464,1.171,-0.379,-0.9,0.972,-1.669,2.63,Breaststroke,401,718,0.134
2.099,0.711,-0.974,2.105,0.393,1.272,-0.427,-0.298,-0.697,-0.912,-0.687,-1.578,0.377,1.238,0.378,0.259,0.069,0.052,0.222,1.46,-1.212,-0.224,0.105,0.03,-0.701,0.229,1.508,1.048,0.42,-1.269,-0.223,0.799,-1.53,1.193,-0.454,1.448,1.665,1.341,-0.18,1.892,0.579,0.459,-0.259,0.002,0.851,1.062,0.218,2.372,-0.393,-0.266,-0.26,0.145,0.169,0.313,-0.52,-0.35,-0.646,0.297,0.634,-1.101,Butterfly,621,303,0.364
-0.156,0.327,-0.966,-0.132,-0.688,0.379,-0.722,0.299,-0.305,0.131,-1.779,1.221,-0.343,0.829,0.068,0.117,1.386,-0.025,0.491,-0.29,0.447,0.053,-0.786,0.1,-0.653,0.21,-0.149,0.224,2.029,1.433,0.394,-1.362,-0.258,-1.768,-0.964,0.581,-1.076,0.088,0.166,-0.818,-0.822,0.006,0.928,-0.274,-0.708,-0.213,-0.051,-1.893,-1.791,0.032,0.843,-0.96,0.407,-0.139,-0.743,-1.536,-1.332,1.385,-1.859,1.205,Breaststroke,1521,722,0.255
-2.033,-0.82,-0.355,1.14,0.407,-0.653,-0.243,0.098,0.411,0.443,-0.009,0.334,0.157,1.233,0.087,0.252,-0.073,-1.339,0.935,-0.087,-0.474,0.966,2.203,1.018,1.046,0.309,-0.559,-0.622,-0.285,1.134,-0.867,0.212,-0.184,-0.295,0.321,0.144,-0.035,-0.264,0.872,1.939,0.303,1.08,-1.217,0.198,0.676,-0.853,-0.608,1.678,0.532,-2.444,-1.84,0.813,2.041,-0.625,-0.525,0.785,-1.157,0.661,0.818,-0.794,Backstroke,178,870,0.435
1.586,-0.02,1.259,-0.127,0.232,-0.168,-0.426,-0.148,-0.531,1.082,0.214,-0.568,-0.5,-0.751,-0.194,-0.079,-1.073,0.06,-0.589,-1.012,1.49,-0.389,-0.237,-1.437,0.086,-1.332,-0.2,0.288,0.246,-0.257,-0.21,-0.485,-0.88,-0.552,-0.305,0.316,0.073,-0.441,0.696,1.76,0.027,-1.271,0.99,-0.147,-1.482,-2.501,1.22,0.204,-1.429,1.417,-0.23,0.8,-0.811,-0.722,0.04,-0.139,0.322,0.913,-0.354,-2.405,Butterfly,332,548,0.68
-0.086,-0.603,0.072,-0.279,-0.937,-1.517,1.129,0.866,0.411,0.205,1.145,-1.52,-0.154,-0.406,-0.645,-0.429,1.099,-1.008,1.131,-0.395,0.107,-0.142,-1.487,2.151,-0.202,1.423,-1.05,1.602,0.718,0.331,-2.289,1.055,-0.53,-0.16,0.872,-0.441,-1.642,-1.182,-0.248,-0.104,-0.255,0.078,0.492,0.167,-0.803,-0.157,-0.79,0.116,0.689,0.854,-0.684,-0.386,-1.402,1.229,-2.003,-0.272,-0.434,-1.555,1.271,2.128,Backstroke,342,868,0.0
-1.334,0.489,-1.159,0.838,1.285,1.964,-0.757,-0.026,-0.071,-2.19,0.559,-0.556,0.6,-1.709,0.16,-0.344,-1.397,0.758,-2.108,-0.012,-1.223,1.796,-1.055,1.865,-0.089,-1.422,0.653,-0.285,-0.55,-0.855,1.215,0.541,0.505,-0.212,0.647,-1.388,0.306,-1.802,0.98,0.245,0.019,-2.099,0.462,0.919,-1.789,0.218,0.445,-0.693,0.321,-1.062,0.64,-0.077,1.652,-0.151,0.36,-0.576,-1.305,0.533,-0.384,-0.856,Freestyle,710,344,0.674
0.674,-0.629,-1.347,-0.073,-0.764,-0.887,-1.425,0.011,-0.107,0.703,-0.468,0.292,0.064,1.2,-1.271,0.055,1.597,0.758,-1.213,1.03,0.091,-0.403,0.747,0.177,-0.743,0.147,1.507,0.153,0.637,-0.176,-1.175,1.291,-0.382,-0.477,-1.686,1.393,1.702,2.014,0.683,0.265,0.536,0.353,-0.436,-0.761,1.64,-1.36,2.493,0.398,0.747,0.912,-0.497,-0.395,-1.333,1.273,-0.933,1.166,0.876,0.338,0.159,-1.047,Freestyle,448,674,0.303
-0.662,-0.212,-0.07,-1.021,1.437,-0.454,0.804,-1.157,0.661,1.008,-1.487,1.28,0.116,1.362,-0.88,1.475,0.688,0.095,-0.104,-1.196,-0.071,-1.233,0.102,-0.612,0.382,-0.057,-1.564,0.12,0.78,-0.54,-0.106,-1.444,0.123,-0.579,-0.972,-1.259,0.321,-2.036,0.689,-0.949,-1.487,-0.266,1.155,0.76,1.49,1.152,-0.103,-0.584,0.352,-0.917,0.475,-1.308,0.623,-0.398,0.611,-0.031,0.531,-1.037,0.578,-0.379,Backstroke,1660,361,0.691
0.158,1.742,-1.604,0.321,-0.568,-1.501,-1.425,-0.154,-0.032,-0.153,0.042,-1.965,-0.444,0.449,-0.819,0.262,0.548,1.129,-2.098,-0.622,-0.674,-0.278,0.25,-2.207,0.167,-0.369,-0.388,-1.158,0.841,0.706,-1.018,0.681,-0.586,1.037,-1.434,1.022,1.183,-1.031,-0.479,-1.439,0.139,-1.023,-0.208,0.602,-0.037,1.572,0.072,1.092,-0.116,0.512,-0.126,1.659,0.141,0.064,-0.99,-0.885,-1.169,0.234,-0.406,-0.088,Front Crawl,925,149,0.568
0.364,-0.609,-0.747,-0.426,-0.385,0.54,-0.058,2.162,-0.392,-0.316,0.539,3.282,0.674,1.018,0.938,-1.04,2.249,0.137,-1.521,-1.878,-0.571,-0.64,-0.886,0.863,-0.201,0.475,-0.845,0.167,-0.679,0.042,1.741,-0.772,0.217,0.995,1.075,0.179,0.01,0.136,-0.73,-0.863,-0.533,-1.393,-0.9,1.031,-0.222,-0.121,1.278,0.208,-0.46,1.762,0.242,1.396,-0.614,-0.726,0.158,1.166,0.341,0.801,-0.441,-0.549,Breaststroke,1621,459,0.373
0.218,0.266,1.136,-0.455,-0.871,0.551,-1.447,0.588,0.383,-0.659,-2.712,1.495,0.18,0.873,-1.141,-1.897,-0.41,2.203,-0.23,0.481,-0.578,1.148,-0.881,-0.957,-0.177,-0.659,0.381,0.663,-1.044,0.227,-0.33,-0.946,-0.062,-0.757,-0.699,0.01,0.055,0.319,-1.321,0.101,2.6,-0.93,0.213,2.631,-0.787,0.686,-0.383,0.033,0.589,-0.421,-1.066,-0.755,-0.147,-0.539,-1.892,-0.656,-0.067,-0.973,0.592,-2.176,Backstroke,650,145,0.46
-1.015,0.329,1.13,0.351,-0.29,-1.012,-0.626,-1.33,1.135,1.279,-0.597,0.182,-0.595,-0.191,-0.055,1.696,1.812,1.372,-2.249,0.702,0.47,-1.043,0.682,-0.411,1.012,0.961,-0.319,1.417,0.256,0.694,-0.417,-0.43,0.299,0.276,1.027,-2.033,0.342,-0.071,-0.139,-0.441,1.122,1.552,0.808,-0.735,0.442,-1.997,-0.59,0.275,-0.919,1.169,-0.593,-0.348,-0.308,-0.659,-1.484,-0.831,-0.442,-0.672,-0.836,-0.006,Front Crawl,367,310,0.739
0.681,1.913,-0.557,-1.141,0.096,0.363,0.649,-1.399,0.509,0.23,-2.115,0.955,-0.966,1.62,-0.146,1.747,-0.777,0.088,-0.441,0.299,-0.774,1.469,2.203,-0.088,-1.993,-1.227,0.846,-0.194,-0.314,0.063,0.937,-0.309,-0.893,-0.185,-0.138,1.301,0.085,-1.144,0.246,-1.544,-1.301,0.563,-0.297,1.079,1.863,1.707,-1.225,-1.087,0.759,-0.485,0.694,0.58,-0.172,-0.343,1.291,-0.058,-0.928,-1.471,-0.461,1.015,Breaststroke,1553,330,0.604
-0.872,-0.182,-0.649,-1.823,0.019,0.208,0.397,1.598,-0.196,-1.917,-1.629,-0.188,-0.754,0.607,1.089,-0.513,0.267,2.516,0.425,0.158,-0.351,0.299,-1.357,-0.568,-0.628,0.264,-1.083,0.953,-1.586,-0.025,-0.628,-2.176,0.454,0.146,0.395,-0.23,1.043,0.143,-1.439,0.988,-0.252,0.066,-0.992,0.109,0.672,-0.85,-0.595,-0.12,1.056,-0.937,-0.019,-1.778,-1.191,1.567,0.352,-0.895,1.552,-0.284,-0.218,-0.252,Butterfly,500,340,0.34
-0.747,-0.001,-0.602,-0.005,-0.96,0.529,-1.482,2.183,0.403,-0.864,-0.053,-0.289,-0.385,1.239,0.627,-1.291,0.034,0.093,0.763,-0.477,0.814,-0.787,-0.016,0.442,0.395,-0.523,0.034,-0.248,0.522,0.483,1.863,-1.426,-1.368,-0.565,0.861,1.198,1.643,1.266,0.054,1.569,-1.036,0.484,0.801,-1.237,0.098,0.106,-0.271,-0.96,-1.227,1.457,-0.426,1.22,-0.935,-0.011,-0.244,-1.609,1.072,0.236,-0.674,-0.697,Freestyle,1002,127,0.443
0.155,1.991,0.029,2.365,-1.017,-0.173,-1.118,-0.227,-0.057,-0.557,0.957,-0.615,0.175,0.9,0.538,-0.819,0.702,-1.484,1.929,1.24,0.04,-0.344,0.052,0.223,-0.437,0.882,1.495,0.211,1.823,1.177,1.799,0.472,-0.046,1.673,0.606,-0.667,0.468,0.511,0.098,-0.814,-1.619,0.521,-0.54,-1.339,-1.044,1.129,-0.737,-0.388,-0.22,-0.843,-0.171,0.373,-0.133,1.229,0.011,1.407,0.878,0.93,-0.053,-0.341,Backstroke,513,950,0.378
3.193,1.193,0.495,0.006,0.514,-0.353,-0.418,-0.483,-1.564,1.306,0.338,-1.339,1.883,1.28,0.067,0.609,0.75,0.922,0.266,-0.629,-1.029,-0.296,-0.11,0.706,0.895,-2.907,1.983,0.432,-1.312,-0.97,1.45,-0.29,1.404,-0.666,-0.503,0.091,-0.541,-0.813,0.697,-0.624,-0.761,-0.608,1.754,-0.186,-1.022,-0.698,1.478,0.561,-0.941,0.544,0.694,-0.69,-1.149,1.897,-1.987,-1.34,0.005,-0.679,-0.353,0.274,Front Crawl,1628,653,0.596
-0.588,-0.252,1.384,-0.207,0.177,-2.128,-1.598,0.053,0.944,-0.393,0.627,-1.297,-1.004,0.991,-0.535,-0.271,-1.007,-0.903,0.013,-0.135,-0.44,-1.028,-0.619,0.343,0.093,-0.445,1.131,0.976,-1.279,-1.525,-1.125,1.021,1.267,-0.527,0.766,-2.551,-1.397,-0.159,-2.642,-1.299,0.771,0.036,0.218,1.126,-0.096,0.85,-0.661,1.24,-0.537,0.623,-2.903,0.766,-0.716,0.579,-0.965,0.428,1.098,-0.001,0.394,-1.657,Breaststroke,897,1062,0.077
1.083,-1.294,1.127,-1.458,-0.316,-1.709,-1.427,0.246,2.315,0.515,-0.035,-0.365,0.64,0.652,1.044,0.888,-0.583,1.944,-0.609,0.202,-0.43,-0.004,-0.359,0.253,-0.897,-1.388,1.457,0.328,1.179,-0.247,0.712,-0.529,0.337,-0.775,-0.666,0.047,-0.676,-0.449,0.895,2.661,0.231,-0.786,-1.22,-0.24,1.113,0.488,0.029,-0.196,-2.742,-0.907,0.264,0.766,-1.819,1.038,0.089,-0.706,1.087,1.253,1.626,-0.956,Front Crawl,361,185,0.632
1.502,-0.732,-1.602,-1.864,0.215,-2.713,-1.275,1.991,1.405,-0.93,-0.349,-1.366,1.345,-1.264,-0.129,-0.219,-0.778,-0.51,1.378,1.11,0.302,-0.69,-0.3,0.721,-1.105,-0.265,1.134,0.388,0.177,-0.064,1.512,0.515,0.119,1.246,-0.59,0.096,0.846,0.506,-0.319,0.087,-0.275,-0.189,-0.563,-0.292,-0.127,-0.041,-0.672,0.725,-2.027,-0.717,1.089,0.726,1.806,0.678,1.227,0.998,0.486,0.374,-1.75,-1.1,Butterfly,662,189,0.451
-0.893,-0.877,-2.468,0.812,2.033,0.146,0.269,1.271,-0.399,-1.496,-0.392,-0.273,-2.007,-0.176,0.559,0.226,0.382,-1.137,-3.493,-0.236,0.885,1.299,-0.734,0.223,-0.087,0.396,-0.292,-0.712,-0.809,1.62,0.886,-1.587,-0.82,0.146,0.79,0.102,-0.554,0.192,2.004,-1.499,0.398,0.847,-0.45,-0.273,-0.16,0.763,0.542,0.587,-0.697,-1.607,0.379,-1.743,0.011,-0.535,-0.192,0.837,-1.845,1.815,2.276,-0.98,Backstroke,1391,1076,0.486
-0.788,0.119,-1.754,0.853,-0.797,1.306,3.487,-0.98,1.992,-0.86,-0.538,-1.209,-0.768,0.662,-2.07,1.015,-0.924,1.42,1.766,0.562,-0.876,-1.36,0.428,0.755,-1.477,1.032,-0.031,-0.193,-0.282,1.756,-0.409,-0.068,-0.611,0.204,-1.416,-0.165,0.488,-1.166,0.164,0.216,1.468,0.325,-1.586,0.123,-1.671,1.606,0.243,0.18,1.063,2.155,0.109,1.476,1.085,0.1,1.515,-1.277,-0.876,-0.356,-0.511,0.848,Backstroke,601,559,0.401
-0.711,1.997,-0.406,0.17,-1.014,-1.161,0.411,0.491,-0.943,0.226,0.628,0.859,0.55,-0.353,-1.755,-0.447,1.215,1.077,-0.708,0.459,1.088,0.302,-0.197,0.94,0.375,0.74,-1.547,0.904,-1.655,-1.799,-2.003,0.98,-0.161,-0.062,-1.681,1.713,-0.212,0.35,-1.641,0.767,0.741,1.18,0.358,1.314,-0.73,2.186,0.702,-1.107,-1.034,2.169,0.72,0.234,-0.963,-2.7,-0.716,-0.741,-0.196,1.064,-1.75,0.815,Backstroke,1084,673,0.572
0.829,1.057,1.034,-0.187,-1.852,0.928,0.229,-1.447,-0.944,-0.954,1.189,0.11,-1.163,0.931,-0.853,0.763,1.702,0.546,0.189,1.291,0.375,-0.032,0.573,-0.256,-0.423,-1.517,1.461,1.886,0.098,-1.248,-0.672,0.598,-1.03,0.171,0.344,0.148,0.133,1.171,0.211,-0.217,-1.372,0.24,0.144,0.143,0.669,-1.286,-0.316,-0.89,-0.816,-0.657,0.899,-0.292,0.959,0.525,-0.605,-0.677,-0.726,-1.195,0.523,1.723,Butterfly,796,125,0.407
1.875,1.573,-0.433,-0.233,-0.495,-1.64,-0.981,-0.373,-0.238,0.038,-0.34,0.069,-0.037,-2.787,-1.351,-0.441,1.89,2.201,1.004,-0.45,0.431,0.295,-1.488,0.947,-1.863,-1.245,-0.24,0.525,-0.302,1.451,0.17,-1.118,-1.323,-0.815,1.238,-1.03,-0.128,0.951,0.119,-0.421,0.851,-0.487,-1.459,-0.016,0.264,0.696,0.859,0.15,-0.153,0.159,-0.521,-0.132,0.41,0.47,-0.877,2.271,0.459,-0.195,1.254,-0.83,Breaststroke,389,170,0.347
0.851,0.282,-0.625,-0.263,-0.917,-1.54,0.665,-0.945,-0.014,0.826,-0.378,-1.258,-1.24,0.861,-0.73,0.018,-0.161,-0.354,-0.804,0.036,-0.319,0.431,-1.019,-1.303,0.943,1.445,0.084,0.689,-2.841,1.011,-0.053,-0.122,-1.484,0.979,-0.03,-0.949,0.633,-1.385,-2.769,-0.613,-2.005,-0.707,-1.147,0.632,0.923,-0.713,0.587,1.087,-1.087,0.498,-2.032,0.323,0.22,-0.282,-1.662,0.814,-0.898,-0.852,0.475,1.418,Freestyle,1610,793,0.755
1.099,-0.392,-1.413,0.931,1.417,0.531,0.445,0.704,0.696,-1.794,0.375,-1.107,0.877,1.381,0.975,-0.446,0.889,-0.688,0.725,0.194,-0.834,1.278,1.055,-0.872,0.282,-0.093,-1.331,0.068,0.721,0.823,-0.094,0.666,-0.504,-0.98,0.417,1.278,0.029,0.485,-0.165,-0.215,-0.023,1.27,-0.268,0.492,1.356,0.597,-0.815,-1.289,1.363,-0.243,-0.597,0.014,0.267,0.433,0.551,1.351,0.442,0.159,0.825,-0.102,Breaststroke,1313,988,0.819
-1.095,-2.367,0.022,-0.184,1.369,0.636,1.241,-0.446,1.779,0.993,-0.638,0.741,0.99,1.138,-0.033,-0.737,0.084,1.918,-0.941,0.025,-0.482,-0.41,1.078,0.743,-2.026,-1.222,-0.122,0.438,1.032,0.004,0.788,-0.207,-0.138,-0.088,-1.523,0.857,0.019,-0.146,-0.176,-0.198,-0.208,1.28,-0.375,1.037,2.29,-0.592,1.23,0.855,0.381,0.431,-1.605,0.092,0.336,-0.491,-1.1,0.56,-0.673,-0.716,-0.295,-0.257,Freestyle,1632,810,0.253
0.641,-1.871,0.718,-1.478,-0.803,-1.634,2.589,1.351,1.001,-1.714,1.244,-1.366,-0.458,-1.99,0.529,-2.078,-0.815,0.074,0.129,1.53,-0.708,-0.314,-1.326,-0.6,1.477,1.857,-0.333,0.998,-0.059,0.775,-0.212,-0.236,1.012,1.066,-0.043,0.03,-1.786,-0.131,2.522,-0.127,0.503,-1.032,-0.2,-0.042,1.532,0.326,0.786,0.186,0.434,0.8,0.431,0.509,0.411,0.318,0.124,-1.111,0.572,0.467,-0.118,0.967,Breaststroke,866,125,0.563
-0.922,0.005,-0.566,0.464,-0.022,-1.244,-0.213,0.264,-1.094,1.244,2.345,2.397,-0.626,-0.558,0.411,-0.198,-0.943,-0.884,1.055,0.403,0.645,-0.928,-0.375,-0.239,0.35,1.278,0.645,-0.443,1.352,-0.123,-0.972,-1.263,0.307,0.216,-0.735,1.044,0.964,0.724,-0.331,1.499,-0.555,0.533,-2.106,0.492,-0.663,0.424,-0.276,0.512,-0.721,0.19,-0.609,1.752,-0.381,-0.374,1.968,0.564,-2.253,0.164,-1.352,0.539,Freestyle,331,637,0.554
0.504,0.457,1.022,-0.244,-0.488,-0.228,-1.183,-0.682,-0.207,0.154,-0.857,-0.703,2.844,-0.001,1.082,-1.043,-0.476,-1.999,0.181,0.264,-0.86,-0.284,1.955,0.927,1.609,0.705,0.067,0.323,-1.72,0.83,0.383,-0.097,0.405,0.475,-1.401,-1.302,0.102,0.077,1.265,-0.591,0.843,0.233,-0.555,0.094,-0.094,-1.429,-0.44,0.17,-0.259,-1.405,1.145,1.171,2.04,-1.445,-1.686,1.823,1.421,0.831,0.643,0.49,Freestyle,1860,128,0.275
-1.114,0.635,0.374,0.084,-0.631,0.002,0.079,-0.034,0.942,0.548,-0.153,-0.49,0.662,-0.883,-0.423,-0.224,-1.193,-0.495,-0.989,-1.624,-2.118,0.66,0.06,0.786,-1.093,-0.983,-0.036,0.286,-1.203,0.754,-0.547,1.356,-0.028,0.295,-0.122,-1.408,-0.381,0.343,-0.239,0.999,-0.229,1.102,0.502,-0.697,0.759,2.026,-0.448,-0.714,-0.711,-0.974,-0.873,1.033,-1.625,-0.582,0.179,-2.274,-0.195,0.733,0.595,-0.829,Freestyle,781,710,0.52
1.42,-1.198,-2.33,0.378,0.585,0.529,-1.589,0.035,1.505,-1.341,-0.385,0.878,-1.239,0.752,0.868,-0.073,0.379,0.123,0.748,-0.531,-0.459,0.475,0.324,-0.159,-0.255,0.029,0.897,-2.286,-0.3,-2.402,0.06,-0.486,-0.395,-0.151,-1.195,0.354,-0.882,0.154,-0.708,-0.119,-0.519,0.251,0.834,0.247,-0.257,0.609,-0.08,0.039,0.788,0.323,1.427,-0.406,1.605,-0.502,0.55,0.756,-0.365,-1.002,0.102,-0.311,Freestyle,561,409,0.211
-0.951,0.144,-0.561,1.745,-0.261,-0.575,1.489,-1.112,-0.134,-0.736,0.215,0.097,-0.048,0.195,1.228,-0.287,0.782,0.887,0.055,0.541,0.321,-0.459,-1.254,0.276,0.617,1.41,-0.208,0.352,-2.428,0.712,-1.988,-2.371,-0.396,1.485,-0.141,-0.701,0.187,-2.137,-0.615,-0.225,-0.42,-1.22,-0.698,-0.381,-0.78,-0.185,1.077,0.084,0.647,-0.522,-0.114,0.034,-0.474,0.26,0.263,1.803,0.216,-0.268,-0.147,0.038,Freestyle,1756,535,0.559
0.041,-1.5,1.511,0.237,1.591,0.47,0.829,-0.65,0.828,0.385,-0.34,0.302,0.033,-0.778,0.406,1.671,-0.683,-0.385,-0.822,-1.993,-0.377,1.207,0.124,0.764,-1.45,-0.442,-0.841,0.334,1.181,-0.635,0.253,0.605,-0.584,-0.274,0.906,-0.492,1.127,-0.326,-0.986,-0.272,-0.85,-0.752,2.196,0.111,-0.683,-0.517,-0.391,-1.169,0.196,-0.773,-0.345,-0.542,0.924,-0.398,1.628,0.619,2.189,-0.488,-0.108,0.002,Front Crawl,1071,184,0.569
-2.597,0.755,0.179,-0.126,0.506,-0.279,1.515,0.686,-1.338,-1.598,0.664,1.068,-0.637,-0.692,1.145,1.639,-1.12,3.253,1.017,-0.307,1.124,0.943,1.039,1.087,-0.176,0.33,0.245,-0.385,0.034,0.156,0.337,0.306,0.141,-0.369,0.509,-1.394,0.65,-0.533,-0.538,0.412,0.556,-2.517,-0.328,0.858,-0.929,0.168,-0.857,-0.065,2.354,1.129,0.662,-0.542,-0.957,1.843,0.432,0.0,0.994,-0.554,-0.691,1.551,Freestyle,634,670,0.296
0.043,0.712,0.247,0.637,-0.152,0.714,-1.241,-1.857,-0.458,1.644,-0.177,-1.188,-0.19,-0.408,0.913,-0.505,1.019,1.089,1.237,0.411,-0.776,-0.886,0.69,0.734,1.632,-0.278,-0.915,-0.204,-0.274,1.244,-0.173,1.143,0.392,0.551,-0.928,0.429,-2.586,-0.528,1.135,0.644,0.902,0.343,1.235,-0.016,0.462,1.241,-0.858,-1.488,0.422,0.071,1.023,-0.412,-0.06,1.659,-0.258,0.813,-0.41,-0.314,0.319,1.174,Breaststroke,1886,779,0.536
-0.434,-0.281,1.007,-0.671,0.366,0.029,-0.583,-0.461,-1.291,-0.875,1.247,-1.936,-3.95,-1.054,0.228,-0.96,0.025,0.046,0.586,1.336,1.461,1.592,-1.013,0.455,-1.32,1.405,0.975,-0.045,-1.252,-0.937,0.432,0.267,-1.269,1.023,-0.806,0.051,-1.761,-0.937,0.643,-0.623,-0.608,-0.856,-0.317,0.204,1.066,-0.554,0.036,1.016,-1.299,0.328,1.341,-0.096,0.996,1.405,0.242,0.604,-0.944,-0.828,-1.965,0.862,Butterfly,1466,589,0.493
-1.426,1.568,-0.218,-1.063,-0.138,0.181,0.615,-0.736,1.311,-0.443,-0.46,-1.363,0.143,-0.814,0.114,0.088,1.441,-0.031,2.163,0.501,-0.633,1.73,-0.331,0.351,-0.868,0.561,-1.183,-1.163,-0.937,-0.547,1.837,1.808,0.375,-0.156,0.419,-0.585,-2.208,-0.726,1.147,0.843,-0.11,1.47,0.972,1.749,0.726,-1.467,-0.873,-1.565,-0.704,-2.629,-1.338,-1.29,0.215,-0.581,0.795,-1.466,0.817,-0.033,0.593,0.671,Backstroke,1677,460,0.516
0.359,-1.053,-0.893,0.024,-0.946,-0.574,0.615,0.682,-1.266,0.941,1.726,1.391,0.514,0.413,1.311,0.893,-0.373,0.798,0.072,1.478,-2.56,0.446,0.165,-0.288,0.417,0.608,-0.474,0.125,0.84,-0.871,1.24,0.144,-1.247,-0.873,-0.125,0.738,0.001,-1.768,-0.113,-0.374,-1.4,-0.456,-0.572,-0.312,-1.018,0.581,-2.31,-1.281,0.578,1.471,1.397,-0.275,-1.765,1.607,-0.669,-1.604,-1.08,0.941,0.457,0.36,Butterfly,1682,695,0.784
0.072,0.359,0.658,-0.503,-0.169,-1.518,0.976,-0.291,0.976,-1.368,-0.732,-1.29,-0.446,1.248,-1.66,2.188,1.047,1.557,-0.175,-0.081,-1.376,-0.731,1.604,-1.577,-0.18,-0.006,0.295,0.237,1.005,0.598,-0.575,1.706,0.534,0.057,0.679,-0.384,0.795,1.331,1.467,-1.007,0.854,-1.586,-2.278,-0.473,-0.298,-1.416,-0.384,1.163,0.529,2.158,-1.273,0.525,-0.307,-0.71,0.513,1.074,-1.408,-0.025,1.175,-0.548,Breaststroke,512,186,0.64
0.856,-2.481,0.281,0.083,-2.132,-1.025,1.275,-0.353,-0.876,0.767,-0.48,-1.022,-0.35,-0.147,0.451,0.966,0.48,0.005,-0.023,-1.064,-0.487,-0.965,-0.122,-0.243,-0.408,-1.579,-0.527,-0.486,0.74,1.233,0.866,0.275,0.736,-1.401,1.474,-2.586,2.91,-1.44,0.712,-0.417,-0.686,-0.283,0.298,0.273,-0.004,-0.993,0.705,-0.998,0.838,1.012,0.793,1.062,-0.081,-0.195,0.097,2.827,0.029,0.809,-0.449,-0.312,Breaststroke,473,413,0.5
-0.392,0.615,-0.926,0.578,1.04,0.255,-0.532,0.92,-0.643,0.277,-0.21,0.438,-0.655,-1.79,-0.418,-0.123,-0.498,0.948,-0.112,0.349,-0.154,0.042,-1.753,0.439,-1.385,1.683,-0.634,0.861,-0.185,1.046,1.993,1.376,-0.078,0.479,-0.22,-0.018,0.339,1.161,0.329,-1.875,0.369,-1.448,-0.467,0.782,0.844,0.304,-0.492,0.283,-2.248,-0.079,0.787,1.019,-0.269,-1.424,-0.768,-0.089,1.321,-0.604,0.164,0.124,Butterfly,1731,604,0.387
-0.066,-1.216,0.113,-0.701,0.511,-0.865,0.908,-1.222,-0.818,0.305,-0.336,-0.769,-0.036,-0.965,-1.689,-0.895,0.594,1.523,-0.193,0.096,-0.494,0.66,0.123,0.586,1.612,-0.48,-0.554,-0.398,0.812,0.38,0.928,-1.924,-0.551,0.54,-0.348,0.33,0.053,-0.397,-1.063,0.641,-0.494,-0.063,-0.155,-1.511,-0.718,-0.128,0.975,-1.732,0.307,-0.527,-0.398,-1.039,2.12,-1.236,0.555,1.005,-0.473,1.108,-0.472,-0.462,Butterfly,284,301,0.508
0.834,-0.143,0.492,0.275,-0.862,-2.269,-1.085,0.67,0.211,-1.428,-0.301,0.466,-0.241,-0.095,0.999,-1.51,-0.469,-0.571,-0.206,-0.569,-2.865,0.423,-0.35,0.9,-0.679,1.39,-0.981,-2.48,-1.633,2.243,1.083,0.298,0.699,-2.899,1.403,-1.287,0.436,-0.747,-0.377,-0.663,2.202,0.956,3.134,0.566,0.045,-1.651,-0.978,-1.405,1.003,0.336,-1.491,-1.027,-0.325,1.061,-0.133,-1.959,1.178,0.222,0.746,-0.652,Breaststroke,527,115,0.494
-0.031,-0.83,-0.711,1.572,2.127,1.444,-0.623,0.206,0.764,0.268,1.009,0.448,-0.345,-0.55,-1.585,0.483,1.324,-0.702,-0.805,0.175,-0.732,-0.146,-1.43,-0.374,0.477,0.055,-0.07,0.153,-0.537,-1.009,0.413,-1.351,1.116,-0.945,-0.219,-0.408,1.539,0.052,-0.371,-2.374,1.925,-0.021,0.886,0.655,1.614,0.029,1.201,0.493,0.876,0.323,0.362,-0.796,0.433,-0.58,0.107,0.512,-0.777,0.363,0.522,-0.129,Breaststroke,1554,682,0.4
0.539,-0.554,-1.037,-1.266,0.352,0.943,-0.818,1.476,-1.513,-0.862,-0.101,0.413,1.642,-1.051,0.313,1.245,1.053,-0.267,0.163,1.894,-0.128,-1.55,0.316,1.577,0.618,0.102,0.482,-0.433,-1.455,1.06,0.03,-0.267,-0.624,0.322,-1.622,-0.843,-0.808,0.353,-0.451,-1.343,0.687,0.001,0.355,-0.493,1.272,0.828,2.53,0.697,-1.537,-1.118,1.815,-0.498,0.373,0.031,0.73,0.395,1.047,0.306,-1.253,-0.976,Breaststroke,1579,114,0.732
-0.785,1.644,1.973,2.44,0.109,-1.398,0.178,0.921,-1.949,0.916,1.148,-0.553,0.197,-0.622,0.373,-0.122,-0.492,-0.603,0.134,0.181,1.905,-1.214,-0.313,-0.424,0.428,0.711,-1.055,-0.659,-0.059,-0.084,1.366,-1.047,0.314,-1.107,1.448,-0.17,-0.954,0.476,-0.257,0.953,-0.278,-0.905,0.074,0.359,-0.394,0.992,0.638,1.715,1.557,1.081,0.748,-0.137,0.719,-0.438,-0.82,-0.392,1.025,-2.501,0.887,0.402,Front Crawl,405,162,0.577
0.346,-0.351,-1.381,0.127,0.049,-1.067,1.271,-0.19,-0.038,-0.108,-0.343,-0.338,1.515,-1.136,0.634,-0.077,-1.202,-0.907,0.493,-1.613,1.48,1.217,-0.686,-1.525,0.114,0.586,0.993,0.611,-1.419,-1.086,-0.668,-0.736,0.643,-1.03,-1.284,0.708,-1.429,1.352,-0.026,-0.619,0.926,-0.107,-1.882,-0.583,-0.572,-0.685,-0.052,-0.199,1.922,0.024,-2.946,0.475,-1.445,-0.426,-0.264,0.578,0.187,-0.148,-0.341,1.497,Backstroke,1206,137,0.288
-0.609,2.136,1.597,0.392,2.049,-1.695,-1.298,1.886,-1.687,0.091,-0.918,1.152,-0.274,0.818,0.571,-0.54,0.218,1.056,-0.68,0.099,-0.446,0.433,-1.54,0.469,-0.326,0.945,0.108,-0.497,0.489,-0.244,2.857,0.534,0.838,-0.394,1.087,-0.603,1.09,1.339,0.989,0.066,-0.389,-0.793,0.83,-0.445,0.472,-0.243,0.217,0.991,-1.465,-0.864,-1.084,0.804,-0.78,-0.071,-0.281,-0.625,0.27,-1.06,1.223,-1.652,Backstroke,431,819,0.389
0.523,-0.651,-0.087,0.077,0.627,-1.0,-1.015,-0.913,-0.236,-0.131,-0.093,-1.045,0.456,0.58,0.208,-0.311,2.126,-0.46,-0.247,-0.633,0.121,-0.538,-1.277,1.573,0.036,1.355,-0.093,0.03,-0.95,1.243,-1.137,-0.13,0.692,0.127,-1.496,0.022,-1.147,-0.51,-1.675,0.273,-1.38,1.532,-0.555,-1.232,1.414,-0.185,-0.905,-0.281,0.754,-1.664,1.663,-0.218,0.211,-0.475,-1.075,0.937,0.927,1.492,1.881,-1.068,Backstroke,1200,385,0.56
-0.145,-0.42,0.481,0.179,-1.955,0.656,0.056,0.614,-0.55,-1.181,-0.066,0.095,-2.563,-0.047,1.099,-0.003,-1.644,-1.754,0.449,-1.553,-0.706,-0.208,3.049,0.503,-0.888,0.581,0.16,-0.36,0.59,0.297,0.108,0.508,-2.127,-0.822,0.158,1.449,-1.86,0.822,-1.55,0.458,-0.174,0.28,0.194,0.463,0.721,0.512,1.56,-0.407,0.751,0.007,1.068,-2.52,-0.373,-0.686,-1.283,0.125,-1.828,0.16,1.006,-0.759,Freestyle,1489,950,0.936
-0.055,-0.175,1.774,-0.16,0.071,-0.757,0.3,2.035,0.19,0.874,1.349,-0.171,-1.286,0.847,-0.909,-0.328,0.729,0.034,-0.24,0.635,1.202,-1.174,-1.908,-0.105,0.163,-0.324,-0.29,0.687,0.762,0.788,-0.526,1.843,-0.047,-1.374,-0.708,0.043,0.618,0.163,0.545,0.714,0.483,0.059,-0.45,-1.282,1.757,0.765,-1.018,-0.921,0.04,-0.456,2.649,0.77,0.393,1.001,-0.426,-0.289,-0.939,-0.695,-0.35,1.235,Front Crawl,1263,1068,0.242
-0.912,0.602,-0.662,0.854,-1.567,-1.282,-0.54,-0.486,0.323,-0.355,-0.462,0.577,-1.346,-2.153,1.198,0.708,-1.298,0.355,0.371,0.058,1.471,2.234,1.425,-0.12,-1.145,1.332,0.159,1.197,1.572,1.008,1.044,0.632,-0.72,-0.083,-1.429,0.411,0.149,0.085,-0.08,-0.236,-0.981,-0.588,0.227,-0.682,2.593,0.034,0.582,0.319,0.434,1.836,0.291,-0.824,0.186,-1.315,-0.379,1.15,-0.179,0.696,-0.32,-0.263,Backstroke,361,847,0.45
-1.798,-0.215,0.031,-0.707,-0.996,-0.83,-1.514,2.498,-0.83,1.959,-0.309,-1.153,-1.097,0.354,-0.832,-0.344,-0.439,0.156,2.681,0.4,-1.169,2.019,-1.173,-0.2,0.65,0.996,-0.375,-0.643,0.084,1.507,1.875,0.708,-1.082,0.827,1.699,-2.033,-0.876,0.762,1.457,-0.221,0.308,1.763,-1.418,1.356,-0.892,-0.159,-0.153,1.466,-0.655,0.219,1.433,-0.563,-1.112,0.147,2.209,-0.389,0.633,0.223,0.401,1.74,Freestyle,1136,170,0.632
0.964,-1.334,-1.83,1.354,-2.347,0.596,-1.125,1.742,1.044,-1.629,0.431,0.569,-1.096,2.562,-1.322,-1.188,0.786,2.119,1.462,0.359,-0.143,0.293,-0.489,0.86,0.311,-1.144,-0.079,-0.033,-0.506,-0.641,-0.847,0.904,0.934,-1.047,-0.049,1.595,0.153,-0.467,-0.917,1.342,1.124,1.728,-0.687,0.272,0.95,-0.544,0.661,0.239,0.001,-0.099,-0.194,-0.382,1.524,1.479,-0.685,0.574,-1.394,-0.894,0.456,1.151,Backstroke,1503,915,0.929
-2.313,0.531,-0.219,-0.358,1.569,1.426,-1.049,1.166,0.746,-0.869,-0.727,0.51,-0.222,0.659,0.73,1.123,-0.897,0.844,-0.812,0.197,-1.6,-0.032,1.008,0.324,0.406,-0.655,-1.111,-0.577,0.663,0.443,0.11,-0.31,0.21,-1.173,0.136,-0.262,-0.037,-0.017,-0.238,0.313,1.791,0.213,-0.312,0.668,0.531,0.868,0.817,1.158,-0.475,-0.4,1.129,1.654,-1.309,-0.64,-1.796,-1.328,-2.358,-0.877,-0.83,0.565,Freestyle,1224,429,0.717
-0.951,-1.365,-1.364,-0.189,-1.051,-0.969,-0.938,-1.24,0.384,-0.323,-2.61,-0.15,1.204,1.391,-0.978,-0.554,-1.01,0.7,-0.218,-0.688,0.018,-0.022,0.933,0.749,-0.719,-0.079,-1.429,-1.584,-0.664,-2.3,0.266,0.556,0.575,0.267,-0.391,1.139,2.315,0.343,-0.534,0.29,-1.292,-0.046,1.541,-1.304,-0.236,0.121,-1.364,0.967,-0.716,0.036,-0.42,-0.821,0.449,-0.835,1.327,-1.056,0.525,0.359,0.281,0.101,Breaststroke,1237,706,0.693
-1.234,-0.638,1.231,-1.802,0.31,1.639,-0.219,1.071,-1.823,0.069,-0.728,0.303,-0.811,-0.072,-0.821,-1.55,0.536,-0.263,-0.534,1.397,0.393,-1.142,2.282,1.839,-1.53,-0.94,0.019,1.269,-0.452,-1.281,0.138,0.278,0.041,0.653,-0.45,-1.237,-1.661,0.58,1.981,-0.919,0.555,-0.12,-0.725,-1.168,-0.787,0.38,-0.026,1.964,0.76,0.534,-0.443,-0.822,-1.526,-1.283,0.391,0.697,-0.764,-1.246,0.988,-1.166,Freestyle,1541,940,0.362
-0.3,0.14,-0.023,-0.756,0.891,-0.945,-0.522,0.435,0.194,-1.015,-0.473,-1.851,0.503,-0.006,-1.04,0.746,-0.608,-1.37,-0.38,-1.797,-0.849,-1.421,-0.641,0.612,-0.574,-1.423,-0.822,-0.508,-0.978,0.405,-1.029,-0.641,-0.08,0.743,-0.858,-2.069,0.979,-0.445,0.688,0.951,-0.618,0.112,-0.356,-1.756,0.46,0.481,-0.277,-0.032,0.589,-2.164,-0.455,0.057,1.123,-0.372,1.167,-1.237,-1.181,0.121,0.022,0.756,Backstroke,1491,145,0.2
-1.044,0.497,0.789,-2.114,-1.049,-0.812,0.942,-1.841,0.849,-0.25,1.288,-0.21,0.512,-0.113,-1.358,-1.016,0.727,0.386,-1.144,-0.344,-0.107,-0.509,0.165,-0.017,0.053,-1.37,0.115,-0.567,1.491,1.359,0.657,0.899,-0.696,0.913,-0.034,0.143,-0.446,0.124,1.789,0.951,0.605,-0.021,-0.493,-0.041,0.303,0.467,-0.939,2.084,0.434,-1.956,-1.361,-0.639,-1.234,0.492,0.169,0.01,-0.588,0.69,1.009,-0.142,Front Crawl,1834,168,0.338
2.166,1.354,-0.339,-1.666,-0.43,-0.399,-0.1,-0.476,1.04,-0.119,1.102,-0.463,1.192,-0.127,-0.481,0.071,-1.091,-0.308,-1.038,-0.255,0.774,0.492,-0.343,-0.446,1.394,-0.955,-0.031,1.028,-1.684,-2.071,-1.526,-0.478,-1.76,0.297,-0.791,-0.563,-1.218,-0.691,0.743,-0.111,-0.685,0.548,-0.876,-0.071,1.167,-1.09,0.976,-0.061,-0.802,-1.988,-0.225,-1.321,0.175,0.829,-0.881,1.119,0.638,0.168,-0.708,-0.296,Butterfly,581,321,0.826
0.006,0.655,-1.079,0.347,-1.869,-0.067,-0.431,1.003,-1.407,-0.783,-0.141,0.495,-0.359,1.078,-1.3,-0.086,1.476,-0.633,0.897,2.442,-0.121,1.131,-0.92,-0.093,-0.298,-0.651,-0.182,0.701,-1.097,0.123,0.579,-0.302,-0.595,1.287,-0.321,-0.974,-0.565,0.794,-0.578,1.101,0.026,0.169,0.504,0.541,-1.352,-1.787,0.565,-0.059,0.231,-0.418,1.117,0.723,-0.582,-0.242,-0.019,1.108,0.246,-0.607,-0.185,-0.772,Backstroke,1507,164,0.589
0.6,0.783,-0.91,-1.182,-0.748,0.822,-0.004,-0.416,-1.129,0.975,-1.622,-0.867,-0.849,1.161,0.223,0.394,0.357,-1.284,-0.361,0.641,1.059,-0.662,0.542,-0.526,1.081,-0.063,0.585,1.445,-0.348,-0.044,-0.14,-0.197,-0.397,0.135,-0.41,0.717,-1.226,-0.568,0.866,-0.005,-0.753,0.76,-1.61,0.005,2.135,1.912,-2.546,-0.021,-0.112,-1.297,-0.67,1.463,1.855,0.606,0.252,-0.174,0.594,1.335,-1.852,1.062,Front Crawl,363,276,0.527
0.051,0.18,-0.223,0.004,0.991,-0.418,-1.836,-1.213,0.037,-0.514,0.364,-1.421,-0.732,-1.056,-0.488,-1.094,-0.952,0.038,-0.112,-0.831,0.822,-0.79,-1.966,0.382,-0.331,-1.647,0.348,-0.57,-1.455,1.653,1.078,1.035,-2.075,1.997,0.013,0.005,-0.167,-0.283,-0.37,0.176,1.332,0.249,-0.716,0.409,-0.162,-0.928,-1.722,-0.322,-0.338,1.383,-0.29,1.409,-0.975,-0.227,2.272,-0.158,-0.916,-0.721,-0.177,0.183,Butterfly,1624,409,0.379
1.357,0.789,0.894,0.624,0.287,-0.019,0.463,0.655,1.002,0.688,-0.465,-0.39,-0.978,-0.712,0.488,1.044,1.342,0.225,-1.995,-0.049,2.223,-0.317,0.75,0.197,-0.997,1.489,1.445,0.178,-0.205,1.248,-1.255,0.029,1.028,-1.705,-1.205,1.521,-0.919,0.664,2.436,0.067,-1.881,-0.287,0.582,-0.065,-0.481,-0.669,1.254,0.499,0.45,1.941,-2.504,0.57,0.851,-0.326,-1.15,-0.584,1.213,-0.045,0.184,1.379,Backstroke,1345,184,0.775
1.7,0.857,-0.227,0.335,-0.092,-0.548,0.777,0.701,-0.302,-0.159,-1.248,0.37,1.317,0.194,-0.754,0.252,-0.758,0.597,0.44,-1.422,0.161,1.781,-0.041,1.929,0.878,-2.413,-0.26,-0.783,0.324,0.496,-0.86,0.351,0.103,-1.927,-0.321,-0.387,0.882,-0.321,-0.332,-1.037,-0.459,0.565,-0.393,-1.514,1.1,0.337,-0.812,-1.948,0.326,0.233,0.366,0.94,1.261,-0.489,-0.269,0.721,1.069,0.06,0.902,0.082,Breaststroke,1196,128,0.499
0.819,-1.714,0.293,0.038,-1.718,0.183,-0.313,0.411,-0.582,-0.247,0.499,-1.084,-0.751,-0.917,-0.179,-0.828,-0.335,0.723,-0.502,-0.558,0.388,-0.78,-0.044,-0.045,1.462,-1.293,-0.183,-0.821,-0.129,-0.543,-0.773,-2.373,-0.528,0.181,1.754,0.691,-0.68,-0.02,0.17,0.891,0.287,-1.482,-0.708,-2.402,-1.398,0.43,-0.676,0.393,1.587,0.983,-0.767,0.263,0.192,-1.835,-0.461,1.207,-0.559,-1.558,0.24,2.169,Freestyle,1853,161,0.702
-1.559,-2.252,2.055,-0.299,0.195,0.76,0.626,1.21,1.437,0.819,-0.628,-0.224,-0.173,-0.74,-0.776,-0.117,0.309,0.302,-0.438,2.426,-0.827,0.555,1.695,0.454,0.651,0.044,-0.69,0.636,-0.401,0.501,-0.505,1.215,0.192,-0.908,-0.405,-0.287,2.179,-1.474,2.116,0.346,-0.885,-1.243,0.514,0.303,-0.629,-0.334,0.577,-1.705,0.029,-1.066,-2.42,0.4,-0.275,-0.872,-1.931,-1.899,-1.878,1.625,-1.401,0.188,Breaststroke,928,485,0.562
0.527,-0.655,0.289,-1.708,-0.067,0.012,-0.861,1.222,-1.206,-0.086,-0.674,0.934,-1.425,-1.123,-1.397,-2.169,1.828,-1.362,0.121,-0.438,1.205,-0.476,0.088,-1.025,-2.048,-1.328,-1.359,0.286,1.083,0.835,0.084,-0.057,-0.922,-0.841,-0.878,0.289,1.011,0.204,0.545,-0.332,0.146,1.338,0.764,1.01,-1.189,-0.603,0.701,-1.297,1.55,2.296,-1.13,-1.165,1.399,0.895,0.811,0.002,-0.824,2.5,1.502,0.365,Butterfly,234,359,0.348
-1.531,1.056,0.215,-0.616,0.651,0.938,1.095,-0.922,-0.599,1.366,-0.712,0.098,-1.396,0.745,-2.192,-1.286,2.897,-0.075,-0.815,2.452,-0.446,-0.577,0.039,-1.262,-0.001,-0.272,-0.892,-0.325,-0.186,-0.751,1.398,-0.265,-0.264,-0.36,-1.389,-1.535,0.078,0.216,-0.548,0.997,0.215,-1.535,1.139,-1.234,-0.044,0.648,0.764,0.457,0.938,-1.051,1.314,-1.154,1.043,-0.37,0.255,-1.215,-1.374,0.862,-0.553,0.439,Front Crawl,1670,776,0.763
0.524,0.779,-0.708,2.597,-0.359,-0.958,0.006,-1.067,-1.476,0.383,0.976,0.599,1.374,-0.254,-1.701,1.98,1.416,0.071,-0.845,-0.601,-0.755,1.614,1.114,0.655,-0.592,0.453,0.929,-0.548,-0.176,-1.244,0.901,0.029,-0.031,0.539,0.914,-1.128,-1.285,-0.731,0.762,0.032,-1.339,0.697,-0.082,-0.007,0.805,-0.305,0.263,2.351,-0.439,-1.465,-0.079,-0.24,-0.387,0.39,0.323,1.155,0.346,-0.564,1.617,1.268,Freestyle,431,541,0.606
0.34,0.496,-0.326,-0.182,-0.658,1.628,-1.01,-0.806,-0.417,1.567,-1.23,-0.433,0.922,-1.812,1.222,-0.923,0.742,-0.788,-1.409,1.201,0.969,-0.734,0.335,0.315,2.075,-0.723,-0.656,-0.466,-0.233,0.148,3.073,-0.086,-0.356,1.608,-1.861,-0.426,0.716,-1.097,1.164,0.21,-0.916,0.094,-1.602,-0.16,-0.481,0.817,0.675,2.094,0.313,0.675,-0.068,-0.478,-0.055,0.028,0.509,-0.967,0.761,-1.459,0.219,0.595,Backstroke,710,669,0.155
0.093,-1.432,-0.406,-1.631,-1.332,-1.16,0.582,-1.106,1.258,-1.045,-2.099,-1.768,-1.241,0.115,-0.087,-0.018,-0.086,-0.602,0.759,0.212,0.446,0.557,0.096,-2.144,-0.683,-0.251,-1.147,1.79,0.32,-0.211,0.258,-1.75,0.846,-0.008,0.866,0.627,-0.501,-0.943,1.121,-0.87,-1.286,0.08,-0.29,-0.801,-0.714,-0.272,-0.585,-0.642,1.299,0.514,0.01,-0.888,0.393,0.15,-1.956,-0.309,1.245,1.115,-0.379,-0.438,Butterfly,274,552,0.371
0.03,0.94,0.052,1.675,0.173,-0.059,-0.321,0.563,-0.73,-0.982,0.695,0.037,-1.121,-0.414,-0.068,-2.103,-0.57,-0.386,0.178,-0.145,0.409,0.308,1.765,1.559,0.27,-0.931,-0.525,0.338,-0.765,1.025,-0.095,-0.819,0.396,-0.376,0.965,-0.805,-0.17,-0.692,-0.324,-0.546,1.335,0.857,-0.905,0.893,-0.537,-0.761,-0.589,-2.383,2.142,0.053,-0.42,-0.309,1.18,0.186,-0.331,0.627,-0.249,-1.098,-1.31,0.568,Freestyle,1193,283,0.302
-0.944,0.603,-0.872,0.381,1.475,0.427,0.017,-0.195,0.632,-0.1,0.365,0.273,0.922,-1.346,-1.559,0.688,0.831,-0.043,-1.204,2.594,1.919,0.78,0.541,-1.063,1.156,-0.353,-1.04,0.306,-0.927,-1.049,0.432,1.348,2.819,1.175,-0.931,-0.082,0.8,1.33,-0.613,-0.885,-0.194,-0.092,1.636,0.84,-0.038,-1.105,-0.619,1.309,-0.361,0.277,0.243,0.276,-0.263,0.258,0.414,0.014,2.081,-0.311,0.334,-1.014,Front Crawl,374,860,0.494
-2.16,0.296,0.169,-0.142,1.516,-0.129,-0.213,0.186,-0.948,0.256,0.598,-0.694,0.15,0.172,-0.439,0.868,0.206,-0.588,0.652,-1.274,-0.54,0.085,0.735,-0.821,-0.763,-0.224,0.062,-1.065,0.4,0.216,2.21,0.951,0.047,-0.171,2.437,1.068,0.272,1.254,1.238,0.935,1.207,1.278,0.563,-1.4,2.036,0.608,-0.553,-0.868,0.356,0.503,-0.783,-0.008,0.843,-0.764,0.495,0.085,-0.639,0.382,1.007,-0.4,Freestyle,1082,649,0.614
-0.604,0.237,-1.389,0.841,0.972,1.651,0.578,1.194,-1.53,-1.184,1.897,0.071,-0.312,0.831,0.772,1.508,0.522,-0.29,-0.682,-0.575,0.661,0.309,-0.093,-0.602,1.935,0.196,-0.749,-0.631,1.143,-0.835,0.215,-1.029,1.298,1.842,-0.14,1.051,0.094,0.599,-1.934,-0.618,1.278,0.497,1.321,2.91,-0.357,0.83,-1.242,0.159,-0.079,-0.883,-0.676,0.3,-0.917,-1.836,-0.598,-1.133,-0.318,0.672,0.933,0.302,Butterfly,1169,609,0.342
0.141,0.469,-0.58,0.074,-0.015,-1.23,1.227,-0.679,1.496,-0.472,-0.408,1.889,-0.116,0.414,-0.208,-0.371,1.378,-2.972,1.005,-0.167,0.589,-0.211,-0.463,-1.101,1.149,0.104,-0.014,-0.75,0.841,0.409,0.571,0.246,-1.737,0.137,0.035,-1.553,-1.534,0.16,-0.627,1.591,0.011,-0.1,-0.608,0.097,-0.703,0.525,-0.005,1.092,-0.473,1.06,1.145,0.729,0.305,-0.619,1.749,-0.158,-1.735,-0.782,2.268,1.138,Breaststroke,1656,602,0.3
1.624,-0.888,0.06,0.465,1.42,-1.877,-1.508,0.046,1.519,-0.713,1.703,-0.382,1.176,-1.042,-1.58,0.693,3.522,0.26,-0.356,0.416,-1.732,0.612,0.276,1.325,0.392,0.91,0.215,1.114,1.059,0.756,1.004,-0.766,-0.53,-0.286,-0.98,1.143,0.181,-1.205,-0.057,0.073,0.478,1.879,0.075,1.732,1.39,-0.655,1.448,-0.446,-0.679,0.206,0.528,1.088,1.387,-0.788,-1.804,0.877,1.125,0.054,-0.064,-0.853,Butterfly,859,852,0.464
-0.154,-1.04,-0.304,-1.301,-2.584,0.082,0.042,-0.929,1.645,-0.242,-1.033,-1.439,0.398,-0.391,0.187,-0.206,1.762,-0.835,1.053,1.612,-0.955,-0.154,2.07,0.777,0.991,0.212,-0.192,-1.652,1.427,-1.499,-0.769,-1.458,-0.485,0.132,1.356,-0.03,0.603,-0.818,1.181,0.511,-0.363,2.045,-0.434,0.401,0.634,-0.065,-0.107,1.318,0.067,-1.071,-0.028,-0.304,1.1,-1.268,2.455,0.094,-1.025,1.839,-0.118,0.869,Front Crawl,1407,1008,0.611
0.39,0.948,2.918,0.786,-0.964,0.746,1.989,-0.425,-0.318,0.768,-0.414,0.304,1.045,-0.468,-2.079,1.53,0.899,-0.426,0.51,0.936,-2.031,0.862,0.85,0.35,0.099,0.801,-0.072,-0.785,-1.54,0.312,1.175,-0.942,0.955,0.428,-2.357,-1.154,-1.883,-1.433,0.625,-0.576,0.3,0.781,-0.271,-0.091,-1.532,-1.821,0.824,-0.639,-0.872,0.203,-0.453,-1.838,1.378,1.135,0.044,0.114,1.551,-0.494,0.223,0.888,Front Crawl,1250,562,0.273
0.097,0.175,-0.042,-0.229,0.489,1.186,1.002,-0.501,1.354,0.877,-0.273,-1.207,0.551,-1.241,-0.523,-0.347,-0.19,-0.928,1.266,-2.331,0.426,1.423,0.41,0.901,0.338,0.258,1.971,3.207,0.602,0.9,-0.129,-0.612,-0.168,-0.462,0.247,0.435,-0.619,-1.677,-1.259,-0.844,-1.072,-0.737,-0.034,-0.552,-0.154,-0.899,1.173,-0.039,-0.774,0.549,-1.246,0.4,0.623,1.342,-0.768,-1.218,-0.602,1.513,0.674,0.973,Freestyle,1180,915,0.555
-0.602,0.262,-0.664,0.594,0.289,-0.435,0.153,0.711,-1.038,-0.298,0.295,-0.886,2.064,-1.527,1.715,1.933,-0.105,-1.346,0.136,-0.07,-0.255,1.218,1.607,-1.001,0.375,-1.884,-1.356,-0.021,-2.781,-1.115,-0.779,-1.957,-0.091,1.333,-0.482,0.199,0.209,0.272,-1.847,0.457,0.194,1.047,0.091,-0.563,-0.436,-1.166,-0.699,1.011,-1.905,-0.342,-0.141,2.086,0.356,0.044,1.307,-0.36,-1.289,-0.923,1.071,0.928,Butterfly,1533,754,0.944
-1.503,-0.298,1.14,-0.416,0.581,1.452,-2.069,-0.099,-0.741,0.588,0.288,0.062,1.034,0.239,1.342,-1.833,0.26,-0.003,1.494,0.263,-1.145,-1.372,1.922,-1.389,0.247,0.405,1.99,-0.312,-2.248,0.24,-0.123,0.605,-0.735,-1.912,-0.726,-0.819,-0.708,-1.537,0.659,-0.07,0.836,-0.299,-0.561,0.388,-0.695,-1.361,-0.664,0.464,0.875,-1.225,-0.371,-0.418,0.48,-0.92,-0.077,0.853,-1.282,2.196,-0.764,0.25,Butterfly,821,396,0.481
0.622,0.761,-0.547,-1.128,0.512,0.859,0.448,-0.467,0.496,-0.489,-0.507,2.178,1.923,-0.869,0.915,0.528,0.17,-1.355,1.799,-0.629,0.261,-3.069,-0.203,-0.491,0.522,0.623,1.051,0.389,-0.228,-0.226,1.471,-0.843,-0.072,-1.739,0.78,-1.141,0.581,-0.392,0.354,0.05,1.18,-1.234,1.388,0.853,0.062,-0.085,-0.051,-0.508,-1.99,-0.054,0.698,-0.556,0.071,1.175,-0.523,-0.48,0.987,-1.964,-0.879,0.977,Breaststroke,988,940,0.621
0.301,0.878,0.441,-0.808,-1.121,-0.578,-0.087,-1.376,-1.346,-1.183,-0.635,-0.794,0.065,0.088,-1.091,0.479,-0.839,-0.005,-1.448,1.421,-1.0,0.533,0.354,0.691,0.889,2.274,-0.655,-0.006,-0.029,1.481,-0.509,0.252,-0.126,-0.202,-1.687,-1.459,-0.369,-0.637,-0.619,-0.121,0.611,-0.356,1.528,-1.783,0.472,1.703,2.254,-2.362,-1.088,1.98,-0.74,0.621,-0.047,-0.804,0.853,-1.677,-1.635,-0.11,-0.428,-1.487,Front Crawl,250,972,0.501
0.605,-1.364,1.517,1.055,-0.578,0.68,-0.869,-1.598,-1.905,0.13,0.121,0.841,0.556,0.245,-0.242,1.355,0.037,-0.99,-0.486,-0.795,0.558,0.809,-0.711,2.032,-1.076,-0.027,-0.629,-0.073,0.491,-0.455,0.517,1.387,-0.533,0.626,-0.691,-0.808,-0.373,1.476,-0.514,1.491,0.862,0.989,-0.226,-1.591,-0.878,-0.122,0.06,-1.398,-0.854,-0.585,1.189,0.117,-0.473,0.418,-2.23,1.264,0.224,0.122,-0.849,-0.138,Butterfly,1285,706,0.534
1.07,0.028,0.617,0.955,1.411,0.158,0.234,0.607,0.661,0.963,-0.039,0.055,-0.735,1.676,-1.036,-0.458,-0.367,2.075,0.159,-0.603,-0.33,0.109,1.048,0.009,0.178,2.452,0.434,-0.48,0.209,0.838,0.777,-0.12,1.428,0.382,0.849,-0.244,-0.314,1.559,0.126,0.997,0.262,-0.076,0.319,0.694,-0.499,0.368,-0.852,-1.718,-0.222,1.705,-1.238,0.384,0.317,0.026,-1.12,0.283,1.731,1.383,-0.287,2.583,Front Crawl,1255,458,0.849
0.45,1.018,0.349,0.628,-0.155,-0.198,0.233,0.661,0.531,-0.649,1.352,-0.866,-0.356,1.142,-0.539,0.833,-1.257,-0.679,-0.679,1.076,0.229,2.267,0.819,0.656,1.018,0.179,0.823,0.772,0.948,-0.369,-0.483,-1.668,1.277,0.837,0.028,0.017,0.043,1.516,-1.212,1.131,-0.089,0.125,0.941,-0.182,-0.083,1.015,0.936,0.186,-1.522,0.625,2.182,-0.249,-2.338,-0.025,-0.653,-1.246,-1.239,1.302,-0.158,0.453,Butterfly,236,315,0.518
0.884,-2.239,0.253,0.686,-0.513,-0.595,-0.573,0.863,0.946,-1.196,-1.275,-0.346,1.124,1.745,0.57,0.575,1.753,-0.428,0.384,-0.153,-0.931,0.879,-0.835,-2.978,1.293,0.013,-1.245,-0.892,0.56,-0.452,-1.83,-0.439,0.162,0.727,-1.487,1.671,-1.355,-0.123,0.969,-0.043,-0.593,0.367,0.513,-0.729,-0.605,-1.251,0.874,0.019,-1.551,2.154,-0.7,0.415,-1.403,-0.607,-0.464,-0.261,-0.844,0.087,-0.133,-0.323,Backstroke,485,206,0.531
0.682,0.798,0.985,-1.247,-2.015,-0.829,-0.999,1.396,1.048,0.413,-0.677,0.127,0.243,-0.158,-0.1,0.717,-0.998,0.906,-0.276,0.971,-1.835,0.874,-0.489,0.943,-1.149,0.576,-0.243,0.176,1.839,1.248,-0.383,-0.419,0.921,0.739,1.376,-0.202,0.353,-0.021,-1.923,0.456,-1.043,-0.241,-0.511,-0.964,-1.376,-0.393,1.217,0.091,-1.409,-0.389,0.057,0.319,-0.161,-1.109,-0.703,0.234,2.454,0.312,-0.305,0.225,Front Crawl,1109,571,0.521
-1.695,0.711,-0.396,0.034,-0.288,-0.103,2.261,-1.032,0.546,-1.644,0.561,-0.353,-0.823,-1.133,1.939,1.4,-1.072,-0.926,0.244,0.82,0.497,1.39,0.339,0.088,-1.403,-0.112,-2.56,0.518,-0.983,-0.992,-0.334,-0.957,-0.739,1.16,-0.386,-0.979,0.433,-0.116,0.719,-0.56,0.575,0.367,0.523,0.128,1.158,1.449,1.448,0.855,1.656,0.132,-0.459,-1.311,1.144,0.661,-2.134,-0.506,1.681,1.223,0.875,0.022,Freestyle,114,351,0.427
-0.272,-1.149,-0.917,0.542,1.507,-1.671,0.764,0.915,0.356,-0.244,-0.0,0.643,0.21,-0.09,-0.237,-0.484,0.544,0.657,-0.403,-0.397,-1.431,-0.706,-0.677,0.601,-1.244,-0.694,-0.341,-0.511,0.095,0.901,-0.36,0.333,0.264,0.58,0.166,-1.851,1.232,-0.933,0.952,0.355,2.104,0.157,0.687,-0.682,0.817,0.283,1.207,-1.477,0.147,-0.289,1.467,1.651,-0.484,0.681,-0.406,-0.604,0.571,0.707,-0.882,-0.099,Breaststroke,1466,874,0.631
0.167,-1.019,0.075,-0.448,1.374,-0.583,0.572,-2.002,0.324,0.754,0.274,-0.124,1.235,-0.188,-1.12,0.367,-0.494,1.452,-0.748,1.283,-0.69,-1.196,0.716,0.424,1.048,-1.67,0.688,-1.699,-1.42,-0.157,1.182,0.663,0.114,0.601,0.167,1.207,0.733,0.032,0.015,0.674,-1.266,0.156,0.514,0.302,1.025,-0.279,-0.621,0.251,-0.528,0.79,1.104,0.332,1.139,0.38,-0.456,-0.851,0.738,0.078,0.444,-0.075,Breaststroke,189,709,0.486
-0.656,-1.156,-0.371,0.163,-1.35,1.326,-0.539,1.341,0.261,-0.445,-0.664,-0.116,0.266,-0.228,0.849,-0.214,-0.786,-1.496,0.899,1.039,-0.897,0.136,0.933,0.394,-0.192,0.663,-0.091,0.853,-1.262,-1.725,0.24,-0.959,1.265,-1.646,-0.585,1.385,0.443,-0.292,-1.865,0.099,-0.807,-1.669,-0.453,-0.417,0.681,-1.616,-0.794,-0.649,0.312,0.036,0.122,-1.403,-1.22,-0.99,0.039,0.441,-1.233,-0.537,0.491,-0.673,Breaststroke,596,627,0.626
-0.566,-0.161,-0.154,0.559,0.167,0.815,-1.784,-0.454,-0.896,-0.012,0.512,0.362,1.928,-0.064,-0.37,-0.646,1.888,-0.587,-0.724,-0.467,-1.363,1.854,1.283,1.594,-0.302,0.744,-0.852,0.118,-0.392,0.739,-0.802,-1.382,-1.099,0.646,-0.81,0.701,0.003,-0.791,0.891,-0.135,-0.577,-0.021,-1.008,0.198,0.473,0.241,0.419,1.036,-1.14,-0.266,1.362,0.293,-1.324,-0.241,-0.516,-0.684,0.24,0.272,0.096,1.518,Butterfly,107,626,0.387
-2.198,1.954,-0.303,0.71,0.721,-0.873,-1.811,-1.103,0.776,-2.118,0.396,-0.262,-0.339,-1.53,0.369,-1.287,0.028,0.061,-0.947,1.366,1.195,0.271,0.013,-0.627,0.015,0.776,0.426,-0.239,2.432,-0.369,0.792,-2.418,-1.117,1.266,-0.301,0.437,-0.699,-1.608,-0.05,-0.034,-0.483,0.679,0.846,0.324,0.695,-0.644,1.292,-0.837,0.181,0.235,-1.149,0.43,-0.487,-1.103,-1.333,0.887,-1.762,1.09,0.365,0.137,Front Crawl,211,359,0.354
0.58,-0.571,-0.798,1.299,1.068,-0.348,-1.739,-0.677,0.756,-1.441,-0.486,-0.88,-0.766,0.625,2.228,-0.084,0.14,-0.155,-1.071,0.634,0.291,1.043,0.076,0.008,0.338,-0.331,0.398,0.235,-0.581,1.297,0.579,-0.235,1.859,1.433,1.691,1.277,-0.954,-0.391,0.497,-0.248,-0.614,0.744,0.104,-0.863,1.236,0.839,0.135,-2.877,0.188,1.147,-1.262,0.248,0.451,1.603,0.758,-0.006,0.031,0.432,0.775,-1.03,Backstroke,1775,649,0.698
-2.765,0.518,-0.592,0.569,-0.006,0.176,0.556,-1.077,0.949,-1.577,-0.199,0.702,0.189,-0.324,2.294,-0.558,-0.97,-0.625,-0.686,0.174,-0.055,0.377,-0.134,-0.544,-0.005,0.845,-1.14,1.433,-1.268,-1.721,-0.376,-1.7,-0.258,-1.075,1.394,-0.486,0.669,0.431,0.925,-1.454,-0.677,-0.093,-0.608,-1.284,0.304,0.153,1.516,-1.169,-0.248,-0.557,1.045,-0.181,-0.294,-0.705,-0.527,-1.373,0.608,-1.007,0.374,-0.486,Front Crawl,882,221,0.398
-1.644,0.362,0.362,0.756,0.139,-0.53,-2.026,1.178,1.71,2.021,-0.889,-1.138,0.59,0.509,-0.452,-0.493,1.221,-1.125,-1.152,-0.614,-0.492,0.227,-0.415,0.484,-0.067,-1.123,-0.136,-0.344,0.158,-1.839,-1.263,-1.61,0.029,0.875,-1.047,0.571,1.804,-0.285,1.321,0.186,0.066,-1.68,1.354,-0.455,-0.293,0.923,-0.075,-0.08,0.346,0.582,-0.617,-0.176,0.15,0.473,-0.17,0.038,0.588,-1.44,-1.033,0.311,Butterfly,304,311,0.355
-0.529,-0.423,1.275,0.435,1.901,-1.174,-0.695,0.44,0.14,0.272,0.535,0.742,0.289,0.062,0.975,-0.138,0.88,0.706,1.761,1.709,-0.786,-0.378,-0.378,0.998,1.422,-1.174,-0.406,-0.684,-0.486,-1.043,-1.396,0.846,-0.43,-1.525,-0.095,-0.897,0.335,-1.128,0.163,0.512,0.487,-0.749,1.416,0.229,-0.683,-0.458,0.614,-0.836,0.26,-0.298,-0.993,0.085,-0.283,-1.303,-1.285,-0.86,0.443,-1.673,-0.075,-0.295,Freestyle,1024,1027,0.504
0.206,0.019,0.453,1.173,1.195,0.09,0.044,-0.093,3.099,-0.48,0.796,2.728,-0.876,0.853,-0.165,0.253,-1.484,0.215,0.45,-1.086,-0.789,1.078,-0.436,-1.81,-0.039,-1.617,-0.89,-0.033,0.667,-0.289,1.498,2.281,0.188,0.328,0.293,-3.242,-2.473,-0.632,0.603,-0.669,-0.63,0.394,-0.051,-2.415,-0.756,-0.789,0.581,-0.433,0.252,-1.372,-0.068,-0.124,0.953,0.796,-0.128,-0.797,-1.479,-1.009,-0.421,0.182,Freestyle,1245,806,0.566
-0.59,0.471,0.962,1.515,-0.236,0.98,1.335,1.756,-0.121,0.316,-1.336,0.345,-1.749,1.786,-0.009,0.566,1.404,0.134,0.995,0.632,0.453,0.881,-0.951,-1.011,-0.545,-1.738,0.343,-0.277,-0.452,-0.805,0.142,1.113,1.722,1.275,0.92,-1.506,-1.256,-0.417,-0.823,1.514,0.041,1.143,-0.553,0.914,-0.792,0.746,-0.555,-0.984,-1.656,0.871,-0.835,-1.809,-1.1,-1.391,0.803,1.605,-1.919,0.189,-0.687,0.313,Breaststroke,1765,158,0.45
1.36,-0.115,0.702,0.431,1.533,0.037,-1.303,0.659,0.571,-0.018,0.002,-0.759,-0.163,-2.043,-0.559,-0.116,-0.023,-1.386,-0.633,0.316,-0.333,-1.014,-0.478,-1.632,-1.219,0.744,-1.402,-0.358,0.181,-0.146,0.485,0.568,-0.0,-1.207,0.564,-0.191,-1.023,0.806,-1.11,1.404,0.394,0.879,0.196,1.1,1.47,-1.527,-0.109,0.473,1.47,0.445,-1.889,-0.798,1.245,-1.697,0.77,-0.301,0.677,0.826,0.262,0.153,Front Crawl,754,644,0.678
1.007,0.359,1.134,0.095,-0.367,0.328,-2.301,-1.434,-0.137,0.398,0.526,1.178,0.816,-0.131,-0.31,0.466,-0.169,-1.88,-0.122,-0.489,0.5,-0.576,2.077,-0.5,0.613,0.876,0.704,0.987,-1.613,-2.136,-2.024,0.594,-0.173,-0.547,1.18,-0.266,1.23,0.142,-0.665,0.952,1.124,-1.26,0.138,-0.203,-1.631,-0.149,-1.082,0.509,-1.815,0.829,-0.294,-1.175,1.214,2.551,-1.142,1.356,-0.5,-0.302,1.826,1.663,Front Crawl,1501,512,0.626
-0.054,0.663,0.384,0.295,-0.635,-2.651,-1.278,-0.842,-1.132,0.409,0.238,-0.545,-1.278,1.796,0.436,-1.565,-1.398,0.068,1.473,-1.269,-0.283,-0.237,0.158,-0.61,0.669,0.284,-1.042,0.209,-0.637,0.866,-0.211,-0.548,0.077,1.116,-0.607,0.293,1.345,-0.105,-0.172,-0.235,0.864,-0.419,-0.462,0.156,1.362,-0.295,-0.29,-1.247,0.541,-0.678,-1.317,0.575,-1.566,-0.69,1.107,0.949,-0.607,0.163,-0.091,-0.263,Backstroke,422,101,0.557
1.648,0.674,0.05,-0.196,2.087,0.333,-0.123,0.161,-0.045,0.565,1.232,-0.28,0.027,-1.587,-1.109,0.611,1.862,-0.566,0.289,0.552,0.202,-0.507,-2.204,0.846,-1.35,-0.379,-0.647,1.899,-1.478,-0.656,-1.329,-1.948,0.09,0.086,-0.822,-0.506,-1.886,1.86,-0.185,0.203,-0.492,0.396,-0.634,0.188,0.419,0.245,0.797,0.948,0.866,-1.451,1.02,0.24,0.223,-0.112,0.567,-0.368,0.198,-1.999,-1.683,1.27,Butterfly,113,1022,0.554
-0.926,0.29,-1.263,0.568,2.041,-0.144,-1.548,0.18,0.818,-0.176,-0.073,1.266,-0.388,0.657,-0.063,0.005,1.407,0.032,0.24,2.227,-0.785,-1.024,-0.63,-0.986,-0.465,0.555,0.134,0.172,0.941,-0.499,-0.495,0.705,1.03,-0.116,-0.603,1.26,-0.172,0.801,0.059,0.879,-0.81,-0.129,0.066,-0.961,0.614,-0.458,-0.262,0.371,-1.033,-0.298,-1.512,-1.642,1.62,-0.463,-2.019,-0.445,-1.069,1.876,0.453,-0.245,Breaststroke,1453,803,0.458
1.184,0.254,0.67,-0.309,0.274,-0.906,0.358,-0.166,-1.115,-1.932,0.501,-1.054,-0.686,0.338,2.694,-0.466,0.954,0.79,0.237,-0.609,-0.827,2.474,-0.583,-0.12,-0.15,-1.387,0.669,0.658,-0.112,0.126,-0.255,0.646,-2.446,-0.869,2.855,-1.296,0.717,-0.472,0.51,0.91,-1.365,-0.918,1.437,-0.51,-0.246,-1.103,0.961,-0.613,-0.11,-0.312,0.311,-1.104,0.532,-0.238,-1.329,-0.769,-0.423,-0.467,-1.566,-0.2,Freestyle,1734,220,0.355
1.186,0.31,-0.399,-1.706,1.194,-0.083,0.087,0.828,0.202,-0.19,1.188,0.671,-0.528,0.017,-1.718,-1.087,0.152,-0.861,0.776,-1.813,-0.118,0.74,-0.741,1.228,-0.989,0.332,-1.028,0.856,0.7,-1.417,1.453,-0.414,-0.03,-0.94,-1.801,-0.304,-0.004,-1.012,0.598,0.941,-1.889,-0.323,1.038,0.63,-0.52,0.357,-2.703,-0.101,-1.301,1.836,-1.472,-1.203,-0.829,0.462,-0.444,-2.717,-0.662,0.6,-1.757,0.436,Butterfly,1540,797,0.651
-1.311,-0.527,-0.015,-0.716,1.792,0.223,0.122,-1.916,-0.742,-1.414,0.204,-1.072,-0.539,0.564,0.52,-0.16,-1.545,-0.261,-1.309,1.785,0.071,0.277,-0.896,-0.029,-0.759,-1.041,-2.26,-1.297,0.264,0.21,-0.535,-0.052,0.351,1.318,-0.931,-1.621,-1.085,0.261,1.03,0.903,-0.712,1.368,0.953,-1.068,-0.159,-1.819,-0.517,-0.2,0.601,-0.383,0.503,0.332,0.806,-0.401,-0.798,0.662,0.56,0.038,-1.949,0.579,Freestyle,1183,569,0.884
-0.106,-0.791,-1.115,2.063,-1.103,0.125,0.053,-0.349,-0.729,0.027,0.316,-0.459,0.421,-1.515,-0.738,-0.34,-0.553,-0.756,-1.08,1.253,0.8,0.117,-0.123,0.685,-0.373,1.322,-0.044,-0.951,0.649,-0.012,0.701,-0.646,0.532,1.409,0.412,1.528,-1.153,-1.18,-0.652,-0.034,0.309,-1.272,0.26,0.199,0.022,0.618,-0.201,0.265,-0.395,1.095,0.201,-0.324,2.069,-0.486,-1.598,0.11,1.157,-0.339,-0.231,-0.001,Breaststroke,387,591,0.092
-0.046,1.266,0.442,-0.85,0.651,1.631,0.816,-0.96,0.846,1.684,0.989,-1.161,-2.042,0.655,2.293,-0.533,-0.008,-0.672,-0.574,-0.391,-0.004,1.74,0.925,-0.087,0.904,-1.12,0.106,-0.051,0.564,2.651,-0.483,1.377,-0.141,-0.164,-0.148,0.592,-1.71,0.644,-1.075,-0.139,-0.468,1.283,0.206,-0.456,0.182,-0.364,-0.143,1.045,-0.817,-0.121,0.214,-0.972,-0.189,-0.056,-1.149,2.138,-0.187,1.856,-0.724,0.95,Freestyle,1394,732,0.752
0.488,-0.877,0.43,-1.835,-1.246,0.033,-0.842,-0.219,-0.476,0.202,1.037,0.665,-0.909,-0.412,1.412,0.308,2.069,-1.295,1.328,-0.033,1.527,0.32,0.647,0.445,2.062,-0.978,0.396,0.469,1.807,0.17,0.043,0.846,1.293,0.918,-0.451,-0.865,0.451,0.431,0.167,2.082,0.919,-1.033,0.201,0.652,1.01,1.675,-0.266,-0.472,-0.508,0.908,0.628,0.816,2.191,-0.223,2.536,1.311,-0.444,-0.257,0.234,0.868,Front Crawl,115,984,0.65
-0.327,0.885,-0.905,-1.789,-1.056,-1.289,-0.086,1.841,0.405,-0.083,-0.193,-0.555,0.297,1.031,-0.479,0.799,2.977,0.01,-0.069,0.745,-1.845,0.936,-2.03,0.21,0.283,-1.727,1.579,-0.29,0.148,1.234,-0.3,-0.184,-0.37,-0.106,-0.082,0.926,-0.822,1.195,-0.142,-0.183,1.917,-1.134,0.201,-0.109,0.679,-0.102,-1.134,0.135,-1.16,-0.843,-0.989,-0.046,0.676,-0.352,-0.19,-0.523,-0.242,-0.129,1.288,-0.034,Backstroke,801,934,0.53
0.068,-1.776,1.45,1.063,-1.185,-0.421,0.134,-0.264,-0.226,0.243,-2.182,0.201,0.302,0.326,0.275,-1.02,-1.908,1.574,1.118,0.443,-1.246,-0.386,-0.198,-0.974,-1.56,0.224,0.769,-1.054,-0.65,-2.663,-0.044,-0.277,-0.329,-0.73,0.381,1.731,1.805,0.781,1.233,-1.175,0.245,-0.919,-0.296,-0.055,-0.387,0.714,-1.469,-0.242,2.934,-1.441,0.055,0.665,-1.103,0.005,0.387,-0.604,-0.829,0.829,0.667,-0.966,Front Crawl,1605,669,0.416
-0.562,0.954,0.043,-1.081,-1.302,-0.643,0.365,-1.448,0.772,0.178,2.129,0.284,1.198,-0.093,-0.49,0.103,-0.082,1.445,-0.148,0.439,-0.475,-0.559,0.465,-0.978,1.025,1.188,0.364,0.888,0.092,0.638,0.861,-1.638,-0.383,-0.184,0.09,-0.124,0.963,-0.515,-0.109,0.256,-0.225,-1.149,0.464,-0.131,0.758,1.393,-1.644,-1.232,1.688,0.03,-0.801,0.091,-1.994,1.052,-1.26,-0.064,-0.05,1.939,-1.534,1.258,Breaststroke,1257,821,0.604
0.509,-0.588,2.513,0.647,1.539,-0.722,-0.265,-0.729,-1.53,-0.051,-0.745,0.05,0.301,0.303,0.17,0.125,-0.191,-0.06,1.39,1.355,-0.5,-1.281,0.885,0.203,0.669,3.271,-0.289,-0.422,-0.726,-0.339,0.007,0.124,0.541,-1.506,-0.733,0.109,0.439,-0.107,0.957,1.127,-0.067,0.55,0.431,0.168,-0.194,0.464,0.909,2.088,0.043,-1.873,-0.592,0.871,-0.524,2.116,0.87,0.882,0.378,-0.849,0.674,-1.322,Backstroke,842,1053,0.213
-0.71,-1.373,0.077,-0.76,0.743,-1.68,-0.195,-0.705,-0.99,0.034,-0.759,-0.067,-2.516,-1.432,1.009,-0.882,1.018,-0.992,-0.692,0.742,-0.809,0.669,0.42,1.808,0.561,-0.348,-0.709,-0.746,-0.256,-1.419,0.987,-0.419,-0.747,3.318,1.823,0.646,-1.135,1.346,-1.267,0.614,0.143,-1.366,3.261,0.458,-0.462,-0.003,-0.963,-0.501,-0.307,-0.489,0.316,0.156,0.624,0.805,0.549,1.214,-1.086,0.15,-0.202,0.965,Breaststroke,1796,487,0.266
0.945,-0.26,-1.636,1.006,-0.466,-0.153,1.074,-0.884,1.228,-0.666,-1.489,0.681,-1.798,0.026,0.609,-0.532,-0.984,-1.571,0.14,0.319,-1.01,0.347,0.71,1.453,1.313,0.481,0.963,-0.115,-1.747,-0.451,-0.156,0.424,-0.898,-1.752,0.532,0.001,-0.182,-0.479,0.434,1.512,0.617,0.144,0.255,0.857,-0.539,-0.98,0.82,1.129,1.443,-0.954,-0.42,1.986,1.206,0.163,1.355,0.799,0.485,1.642,-1.007,0.707,Front Crawl,161,205,0.606
-1.899,0.91,-1.288,-0.128,-1.066,0.524,0.754,-1.601,-1.632,-0.359,1.005,-1.24,-1.67,-1.19,0.213,-1.169,-1.365,-2.368,-0.756,0.389,1.008,0.478,1.445,1.644,0.013,-0.187,0.063,-1.145,-1.54,-1.974,-0.524,-0.146,-2.093,0.624,1.113,0.505,-2.111,-0.16,-0.696,-0.378,-0.594,1.56,-0.906,0.324,-0.004,0.163,-0.789,-0.515,-0.384,-1.455,-0.268,-1.094,-1.343,1.008,-0.352,-0.398,0.754,-0.494,-0.018,-1.083,Front Crawl,978,902,0.529
0.265,-0.979,-0.161,-0.572,-0.44,1.197,0.482,1.857,0.932,-2.517,-2.151,1.054,0.4,-1.305,1.97,-0.768,0.369,0.324,1.638,0.197,-1.746,-2.391,0.284,-0.767,-0.841,0.139,0.295,0.531,0.488,1.755,0.799,0.53,0.46,-0.513,-0.026,0.219,-0.319,-1.75,1.223,-0.562,-0.155,0.736,-1.589,0.186,0.294,0.178,0.465,-0.062,-1.005,-0.629,-0.058,0.426,-1.354,-1.615,0.586,0.339,0.877,-0.586,-0.078,-0.114,Butterfly,1567,474,0.618
-1.046,1.905,0.198,-0.51,-0.569,0.079,-1.123,0.519,-0.207,-1.354,0.34,0.04,-0.399,-0.774,-1.446,-0.919,0.238,0.621,-0.032,-1.188,1.113,-2.442,-0.749,-1.332,0.055,0.227,-0.64,-0.163,-0.001,0.134,0.714,2.041,-0.157,1.868,1.637,-1.313,0.083,-1.549,0.371,-0.959,-0.771,0.166,-0.212,-0.397,-1.339,0.622,-3.443,0.9,1.275,0.547,0.629,-0.159,-0.452,-1.544,1.953,1.904,0.105,1.018,1.125,0.719,Front Crawl,1758,542,0.682
-1.352,0.402,-1.609,1.632,0.946,-1.6,-0.216,1.66,-0.752,0.383,-1.224,-0.976,-0.031,0.86,-0.626,0.597,0.023,-0.3,-0.064,1.52,-1.177,-0.364,-1.542,-0.429,0.074,0.508,-0.2,-0.471,0.371,-0.954,1.136,0.937,0.76,-0.467,-2.528,0.516,0.275,-0.7,-1.088,-0.917,-0.295,1.678,-0.407,0.831,-0.098,0.132,-1.384,0.216,-0.406,1.57,-0.79,2.341,-0.617,0.428,0.468,-0.414,0.755,-1.184,-0.491,-1.45,Breaststroke,1520,454,0.677
0.517,-0.942,0.938,-1.648,-0.793,-1.381,0.919,0.13,0.781,-1.337,-0.146,-0.747,-0.351,1.284,-1.064,2.44,-0.324,-0.204,2.498,-1.934,-1.875,1.009,-0.372,-1.215,0.002,0.701,-0.068,1.47,-0.196,-0.212,-0.447,0.355,-0.378,0.962,-0.602,-0.073,1.581,-0.674,-1.471,-0.501,-1.4,-1.144,0.018,1.004,1.327,1.881,-0.224,-1.707,0.801,-0.728,1.546,0.429,-2.063,0.736,0.547,-1.397,-0.147,-0.606,0.646,0.902,Freestyle,1413,134,0.894
0.036,-2.682,-0.202,-0.1,1.046,-2.414,-0.525,0.636,0.259,-0.632,1.428,-1.058,1.604,-0.326,0.786,-0.054,-0.756,-1.348,-0.533,1.162,-0.558,-1.888,-0.907,0.273,0.365,0.871,-0.121,-0.647,-0.205,-0.149,1.322,0.532,-0.085,1.574,0.581,-0.89,0.667,0.386,0.601,-0.658,-1.647,0.55,-0.069,-0.499,-0.085,-1.289,1.276,0.67,-0.971,-0.987,0.109,-0.206,-1.809,-0.622,0.895,3.44,-1.114,-0.03,-1.995,-0.219,Breaststroke,1128,430,0.559
0.351,1.53,-1.052,-0.473,0.31,1.323,-0.485,0.892,0.508,0.567,-1.172,-0.22,-0.431,0.734,-0.491,-0.403,0.192,-0.376,1.141,-0.679,0.904,1.762,0.056,0.879,0.332,-0.163,1.527,1.464,0.584,0.248,0.603,0.091,-0.193,0.661,-0.304,-2.01,-0.247,-1.044,-0.528,0.903,0.532,0.619,-1.731,-0.026,0.013,-0.81,1.822,-0.621,-0.907,0.516,1.719,-0.041,-2.108,0.695,0.136,0.796,0.006,-0.145,-1.468,-0.252,Breaststroke,1504,995,0.509
-0.151,-0.84,-2.057,1.516,0.488,2.257,1.084,-0.044,-0.172,-1.508,-1.131,0.902,1.852,-0.76,-0.346,1.551,2.017,-0.451,-1.774,0.037,-1.674,2.105,1.488,0.219,-0.432,0.117,1.323,-0.032,0.166,-1.097,-0.294,-1.491,-0.076,-0.318,0.119,1.082,0.205,-0.77,0.911,1.041,0.034,-0.518,0.651,-1.277,0.882,0.262,1.704,-0.672,0.502,0.53,0.434,2.12,1.247,1.11,0.469,-0.025,0.291,-0.23,0.974,-0.522,Front Crawl,662,141,0.548
-0.689,-0.061,-1.078,0.315,0.75,-0.462,0.837,-1.752,-0.168,0.816,-1.143,-0.15,-0.458,-0.453,-1.654,1.013,0.778,-0.6,-0.049,0.82,1.083,-0.902,-0.459,-0.547,-0.336,-1.224,0.342,0.434,-0.059,-0.489,-0.085,0.07,-0.71,1.158,-0.346,0.09,1.588,-0.153,1.207,-0.325,0.207,-2.401,-1.947,-0.701,0.313,3.123,-2.182,-0.247,-1.595,0.943,1.111,-2.148,0.344,0.587,-1.071,-0.657,-1.045,0.252,-0.298,0.161,Front Crawl,1717,988,0.703
0.549,-0.121,-0.422,-0.323,0.181,1.384,0.223,0.216,-0.638,0.433,1.274,1.693,1.507,-0.284,-0.194,0.326,-0.519,0.246,-0.774,-0.185,0.289,-0.182,-0.006,-0.374,-0.279,-0.317,0.701,-0.191,-0.173,1.201,0.562,0.353,-1.26,-0.925,-0.347,-0.976,-0.029,-0.08,-1.175,0.644,0.285,0.284,-0.105,-0.618,-1.255,0.826,-0.439,-0.747,-0.599,1.693,-1.825,-0.384,0.313,1.11,-1.1,2.129,-1.626,-0.313,2.288,-1.481,Backstroke,1012,252,0.522
1.151,-0.317,-0.128,0.926,-0.391,0.213,1.55,-0.265,-0.391,-0.98,2.306,-0.359,1.9,0.521,1.046,0.655,-1.204,0.09,0.833,-0.845,1.729,-1.694,0.862,-0.563,-0.342,-0.656,0.111,2.091,0.008,0.044,0.609,-0.649,1.22,1.783,-1.395,0.185,-0.027,0.152,2.122,1.639,-0.255,1.485,0.722,-1.188,1.109,0.296,0.054,-0.085,-0.702,-0.414,1.018,0.28,0.152,-1.476,-2.078,-0.668,0.398,1.12,0.472,-0.636,Breaststroke,1481,928,0.537
-0.46,-0.545,-1.051,-0.959,1.133,1.651,2.61,-0.082,-0.172,0.122,0.941,1.243,1.113,0.193,-0.267,0.416,-1.753,0.359,0.44,-0.512,-0.342,-0.466,-1.462,-2.436,0.459,0.004,1.269,0.725,-0.006,-2.471,1.134,1.002,-1.435,0.728,0.231,-1.844,-1.003,1.291,-1.567,0.853,-0.001,-0.904,-0.543,-1.64,-0.653,0.043,-0.533,-0.075,0.386,0.626,1.111,-2.817,-2.111,-0.692,-0.29,-0.057,1.129,-0.584,-0.505,1.356,Freestyle,1577,1010,0.555
0.256,-0.604,-1.812,-0.078,-1.047,0.242,0.036,1.863,-1.35,0.169,-1.638,-0.108,-0.658,-0.565,-1.157,-2.279,1.352,1.918,0.907,-1.478,-1.534,0.378,0.824,-2.355,-3.309,-2.093,-0.876,0.612,-0.14,1.252,-0.224,-0.766,0.662,1.471,-0.202,-0.653,0.293,0.035,-2.316,-0.648,-0.796,-0.349,-0.01,0.626,0.709,-0.783,0.88,2.062,-1.789,-1.437,-0.213,-1.879,0.607,0.417,0.688,-1.063,0.897,0.479,0.641,0.542,Backstroke,1485,939,0.326
-0.498,-0.347,0.635,-0.099,-0.632,0.397,-0.431,0.305,0.95,-0.09,1.163,1.325,0.193,0.839,1.003,0.773,0.493,1.865,-1.068,-1.793,-0.43,1.256,2.507,0.575,0.358,0.602,0.507,0.237,-1.488,0.065,-0.541,-0.866,-0.545,0.646,-0.352,0.553,1.432,-1.054,-0.317,-0.351,-0.544,0.388,0.684,-0.894,1.008,0.378,0.796,0.393,-0.516,0.666,0.096,-0.156,-0.076,0.151,0.377,0.899,1.331,-0.215,0.789,-0.644,Butterfly,421,656,0.838
1.093,-3.221,-2.127,0.743,0.219,-1.334,-1.348,0.265,0.224,-0.003,1.042,-2.118,0.785,-0.022,-1.95,-1.344,1.872,-0.18,-1.078,0.582,0.061,1.679,0.398,1.041,0.143,0.965,-0.892,2.004,-1.818,0.091,2.284,0.078,-0.298,0.373,-1.744,-0.319,1.323,-0.054,-1.11,-1.536,-0.128,-0.618,-0.76,0.81,0.067,1.088,1.005,-1.6,0.231,-1.545,0.974,-0.913,-1.7,-0.984,-0.064,0.103,-0.229,-1.348,-1.391,1.254,Front Crawl,895,514,0.365
1.924,-1.065,-0.933,-0.771,-1.35,-0.46,-0.196,-0.545,-0.639,-1.758,0.031,-0.928,0.848,-0.937,-0.237,1.355,0.749,2.842,-0.887,-0.424,0.774,0.757,-0.175,0.431,-0.558,-0.656,1.349,0.191,-0.021,0.414,0.162,0.212,0.885,0.273,-0.553,0.77,1.269,0.162,0.809,-1.146,1.312,-0.808,0.012,0.321,1.116,-2.507,0.984,1.006,-1.259,-0.382,-1.244,0.395,0.986,0.369,-2.624,-0.019,-0.794,-0.669,0.599,2.091,Freestyle,741,751,0.596
-0.528,1.194,-0.449,0.039,0.913,-0.95,1.168,-1.245,-0.102,2.269,1.901,-0.023,0.739,-0.017,-1.683,-2.214,2.838,-0.03,1.551,-0.006,-0.779,0.01,-0.33,0.901,-0.973,-0.298,0.317,-0.316,0.126,0.013,-1.074,0.303,0.327,0.103,-0.738,0.069,0.634,-2.304,-0.725,1.233,-0.694,-0.635,-0.813,0.292,0.538,-0.706,-0.673,0.218,0.327,-1.356,0.789,0.143,0.108,-0.286,0.052,-0.368,0.919,0.457,0.512,0.178,Breaststroke,754,854,0.49
1.552,-1.149,-1.507,-2.391,1.148,2.535,0.125,-0.813,-0.281,1.066,0.331,-0.752,0.826,2.098,0.54,-0.18,-0.508,0.074,1.187,1.443,-0.263,-0.713,0.38,1.218,1.001,-0.601,-1.457,-0.22,0.132,-0.345,-2.377,-0.397,-0.309,-1.803,-1.282,0.219,0.72,-0.551,-2.289,-0.691,0.937,0.274,1.076,-0.702,0.955,-1.353,-0.423,-1.398,0.015,-2.128,0.226,-0.113,-0.18,-0.99,0.405,-0.159,-0.169,-0.215,-1.014,1.564,Freestyle,318,700,0.195
1.797,-2.686,0.1,0.97,-0.225,0.069,-0.776,-0.166,0.318,0.679,-0.214,-1.146,-1.239,0.448,-0.247,2.324,0.584,1.656,-0.57,-1.493,-1.645,-1.265,1.609,1.006,-0.528,-1.221,1.272,2.346,-0.918,-0.117,-1.021,0.996,-1.135,-0.796,-0.478,-0.121,0.294,-2.726,1.194,0.653,-1.141,1.343,0.465,0.801,1.341,-0.618,-0.192,-0.541,-0.128,-0.32,-1.17,-0.739,0.887,0.822,-0.535,1.202,1.191,0.112,-2.663,-1.01,Butterfly,620,354,0.72
-1.189,2.387,-0.218,0.648,1.145,-0.242,0.125,-1.023,1.885,-0.061,0.621,-0.577,-0.748,0.476,-0.787,-2.445,0.011,-0.165,-0.056,0.549,1.024,-0.295,0.129,-0.576,-0.859,-0.25,-0.994,-0.253,1.499,1.432,-0.637,-0.186,-0.215,1.775,0.525,-0.272,0.418,1.702,-0.706,-0.433,1.643,1.973,0.486,-0.92,0.748,-1.648,1.247,0.273,-0.943,-0.698,0.188,-0.17,0.871,-0.777,-0.235,-0.137,-0.071,0.536,-0.358,2.13,Front Crawl,1304,902,0.551
-0.539,-0.676,-0.833,0.092,-0.391,1.28,-0.707,1.206,-0.455,-0.357,0.985,1.177,1.821,-0.758,2.71,-0.798,-0.378,-0.194,-0.05,-1.553,1.232,1.069,0.232,0.839,-0.393,-0.53,0.225,0.299,0.679,-0.066,-0.194,0.042,-1.584,0.908,0.228,-1.294,0.08,-0.082,0.711,0.573,-0.856,-0.405,-0.59,-1.206,0.41,-0.169,-0.71,-1.262,0.075,-0.463,1.919,0.954,0.696,0.06,-0.076,-0.837,-1.301,-1.697,-0.57,0.602,Freestyle,613,583,0.754
0.127,0.423,0.195,0.192,-1.352,0.888,0.605,0.679,-0.052,-1.752,0.756,1.2,-1.214,-0.025,-0.313,0.454,-0.529,-0.684,-0.518,-0.084,-1.563,0.919,-1.843,-0.201,0.184,1.216,1.552,-1.403,0.551,0.22,0.551,-1.308,0.456,-0.297,0.494,0.337,-0.137,0.483,-0.078,0.634,0.798,1.768,0.318,0.741,0.848,1.542,-1.636,0.138,-0.418,-0.708,0.521,-0.542,-0.797,-0.877,1.314,1.267,0.486,1.569,0.814,-0.359,Breaststroke,966,646,0.701
-1.145,0.896,0.16,0.065,-0.957,-0.02,-2.205,0.678,-0.123,-0.983,1.351,0.775,-0.095,0.471,0.371,1.697,-1.169,1.28,2.115,-0.034,1.009,0.472,0.731,-0.274,0.443,-1.132,-0.485,-0.55,0.544,-1.1,-0.423,0.741,-0.473,0.432,2.146,-1.38,0.421,-1.479,1.153,0.83,-0.015,0.809,0.114,-0.698,0.479,-0.289,0.7,-0.566,-0.402,0.49,-0.491,0.573,-0.181,-0.074,0.16,1.174,-0.72,-0.24,-0.517,0.098,Front Crawl,1631,840,0.765
-1.263,-1.199,0.577,0.858,-0.867,0.951,0.369,-0.814,-1.404,-1.151,-0.184,-0.098,-0.736,0.216,1.373,-1.006,-2.126,-0.134,-0.23,-1.417,-0.043,-0.895,0.596,0.403,-0.68,0.737,-0.599,-0.313,-0.414,-0.041,-1.06,0.111,-0.143,-0.868,0.638,-1.005,0.095,2.008,0.706,-0.976,0.876,-2.044,0.471,-0.311,-0.077,0.468,-0.736,0.707,-0.87,0.283,-0.247,-0.152,0.548,-0.114,-2.973,-2.221,0.532,0.462,-0.291,0.392,Backstroke,1631,373,0.145
0.447,-0.29,-0.724,1.099,-0.218,0.77,0.696,-0.076,-0.476,1.873,0.031,-0.239,-0.94,-1.981,0.627,0.599,0.519,-0.886,-2.079,-0.523,0.953,-0.42,-0.679,0.656,1.783,-0.276,2.364,-1.445,0.837,-0.204,1.774,0.476,-1.523,-2.759,-0.953,0.944,-0.478,-0.809,-1.047,0.332,0.178,1.308,0.564,-0.676,-1.032,1.682,-0.366,-0.08,0.874,-0.935,-1.058,1.065,-0.541,0.111,0.17,2.188,1.468,-0.629,0.929,0.289,Front Crawl,1248,389,0.259
0.625,0.977,-0.035,-0.857,-0.056,0.771,-0.125,-1.292,-0.552,-1.997,-0.85,-0.822,0.878,0.197,-0.194,0.507,-0.087,1.29,-0.011,-0.424,-1.557,2.877,-0.346,-2.591,0.707,2.596,0.751,-1.48,0.396,-0.067,-0.0,-0.957,0.682,-0.712,-0.56,-0.23,0.396,0.073,0.698,-0.34,-0.211,-0.297,-1.738,0.909,-1.101,0.467,-0.412,-0.183,1.829,-0.5,-1.136,3.036,-1.811,-0.554,-0.058,0.398,0.718,0.435,0.582,0.461,Freestyle,493,111,0.625
0.467,0.772,0.102,-0.028,0.31,-1.158,-1.564,0.561,-1.398,-0.958,-0.063,1.814,-0.298,-2.076,-0.008,-0.048,-0.655,-0.524,0.912,1.382,-0.9,0.37,0.961,1.681,-1.36,-0.808,-0.905,-0.44,-0.589,1.421,0.072,0.473,0.608,-1.106,0.388,-0.286,0.319,-1.656,0.157,0.706,-0.373,-0.238,0.927,-0.718,-0.595,-0.262,0.853,0.976,-0.838,-1.302,-0.324,0.028,-1.499,0.219,-0.235,1.254,0.707,-0.864,-0.723,-1.643,Butterfly,256,865,0.302
0.648,0.481,-0.701,-0.265,1.309,0.36,0.224,0.137,0.196,-1.746,-1.089,-1.404,0.719,0.276,0.189,0.382,-1.395,-0.455,0.653,-1.637,0.91,0.688,0.134,1.207,0.918,-0.162,0.433,-0.632,0.025,0.141,0.046,0.435,-0.394,0.269,0.561,0.71,1.451,-0.696,0.183,-1.349,0.977,-2.803,-0.378,-0.439,-1.672,-1.285,0.055,0.179,-1.705,-1.666,-0.904,0.812,0.109,0.842,-1.085,-0.358,-0.669,-0.858,-2.06,0.386,Breaststroke,1145,538,0.456
0.345,0.079,-0.118,-0.383,-0.762,-0.523,0.52,-1.535,1.192,-0.838,-0.713,0.905,1.34,-1.398,0.791,0.321,0.12,-0.913,0.085,0.024,-0.89,-1.707,-0.444,-0.25,0.149,-0.106,0.066,0.721,-0.865,0.425,-0.539,-1.182,-1.12,0.868,0.15,1.693,-0.021,-0.74,0.717,-1.487,-0.016,-0.282,1.131,0.083,-1.266,1.662,-0.072,-0.275,0.849,-0.806,0.746,1.684,0.87,-0.857,0.459,0.5,-0.787,-0.166,1.308,-2.344,Breaststroke,461,1028,0.284
0.686,0.695,-1.543,1.392,-0.887,-0.963,0.307,0.504,-1.083,-2.512,-1.35,-0.432,0.302,-1.481,0.457,-0.248,-1.157,-0.813,-2.337,0.579,1.549,-0.491,-1.771,0.111,-0.556,-0.773,-0.496,0.373,1.639,0.807,2.143,0.384,-0.114,-0.631,2.176,-0.503,-0.458,0.994,-0.491,-0.59,-1.222,0.86,0.799,-1.144,0.623,0.068,0.12,-0.724,-0.761,-0.824,0.892,0.477,-0.052,0.117,0.175,1.187,-0.462,0.437,1.467,-0.456,Backstroke,625,173,0.24
1.663,-0.096,1.037,-0.002,-0.629,1.719,1.272,-2.261,-0.425,0.314,-0.23,-0.262,-1.487,-0.485,-1.173,2.896,-0.705,0.388,1.012,-0.444,0.59,-0.577,1.805,-0.0,-0.699,0.755,-1.15,-0.455,1.544,-0.9,-0.236,-1.212,0.464,-0.278,-0.666,-0.564,0.28,0.851,-0.143,-0.78,-0.631,-0.266,-0.172,-0.437,-1.94,-0.291,0.914,0.893,-0.604,0.775,2.864,-1.367,-0.827,-0.188,-0.162,0.248,1.156,-0.847,-0.286,-1.631,Freestyle,1813,293,0.632
0.145,0.283,1.877,1.509,-0.552,-0.921,1.062,-0.044,-0.25,0.206,-1.092,0.871,-0.401,-1.421,1.439,-1.262,-0.499,-0.674,-0.945,-0.061,-0.114,-0.209,2.029,-1.291,-0.828,-0.319,-0.785,1.69,-1.043,-0.691,-1.05,0.041,0.307,0.329,-0.267,0.773,1.47,-0.004,-0.198,1.107,-0.583,-0.538,0.413,1.406,0.096,-0.629,-0.529,2.322,-1.11,-0.532,-0.399,-0.868,1.139,-1.406,-0.77,-0.039,-1.081,-0.22,0.443,-0.391,Freestyle,245,689,0.359
-0.624,1.637,1.527,-0.3,-0.675,0.094,-0.018,0.504,-1.192,-0.1,1.171,1.478,0.047,0.595,-0.342,-2.193,0.85,-0.47,1.381,-1.377,-1.19,0.01,-0.507,-1.568,1.255,0.72,-0.526,1.284,-0.03,1.441,-1.146,-0.41,1.331,-0.335,0.417,-0.033,0.939,1.408,-0.206,-0.528,-0.689,-0.564,-0.667,0.016,-0.86,-0.646,-1.168,0.306,-0.563,-0.454,0.293,-2.143,-0.936,-1.258,-0.162,0.47,-1.568,0.141,-0.665,-0.401,Butterfly,1040,366,0.684
-0.441,1.778,0.5,-0.33,1.415,0.737,0.209,2.171,0.41,0.881,0.703,1.591,1.012,1.484,-1.325,-0.376,-0.074,-1.926,0.334,0.856,-0.274,0.472,-0.251,0.897,1.012,-0.211,0.438,0.091,1.234,0.295,-0.664,-0.285,0.343,1.445,-1.836,0.454,-0.287,-0.06,-1.52,-0.342,-0.929,1.107,0.444,0.506,-0.329,0.999,1.225,-1.348,-2.675,-0.133,-0.099,-0.971,0.606,0.183,0.203,-0.72,-0.993,0.711,0.043,0.285,Breaststroke,1911,845,0.164
-0.242,-1.26,-0.918,-0.141,-0.106,-0.557,-0.961,-1.484,1.067,0.163,1.46,-0.159,0.409,-1.837,0.07,-0.482,-0.596,-2.378,0.863,0.682,-0.995,0.527,0.486,-0.49,-0.618,-1.094,2.166,1.324,-0.135,0.787,-0.496,-1.902,-0.319,1.328,-0.197,0.15,0.418,0.791,0.959,0.169,0.924,0.031,-0.324,-0.332,-0.308,-0.564,-0.164,0.682,-0.553,0.926,0.259,0.045,0.738,-0.91,-1.034,0.293,1.509,1.368,1.27,1.462,Front Crawl,599,168,0.681
-0.502,-0.273,-0.115,0.845,0.43,0.228,0.621,-1.809,-0.137,1.059,-0.293,-0.288,-1.36,-0.566,-0.564,-0.09,-0.144,-0.308,-0.246,0.502,0.68,0.032,-0.761,1.233,-1.351,0.597,-0.019,0.869,-0.514,1.089,-1.261,0.796,0.127,1.612,-0.238,-0.202,-1.491,0.231,-0.128,0.936,-0.027,0.49,-0.697,0.782,-0.698,0.196,-1.669,0.173,-0.632,0.363,-0.928,-0.145,-0.2,-0.326,0.595,0.709,-0.125,1.435,-1.385,0.596,Backstroke,1374,744,0.152
-1.03,-1.04,-0.088,-0.959,0.178,0.063,0.495,0.99,-0.237,-0.66,1.23,-1.306,-0.942,0.954,1.712,-0.42,0.304,-0.686,-0.614,0.048,1.429,-1.141,0.174,-0.61,0.639,0.068,0.028,0.476,0.73,0.509,-1.059,-0.877,-0.253,0.642,0.996,0.054,0.114,-0.297,1.242,0.048,-0.906,0.44,-0.887,0.563,0.415,-2.013,-0.58,0.03,-1.23,-0.66,-0.155,-0.708,-0.127,-0.23,-1.38,-0.525,-1.512,-0.623,0.796,-1.497,Front Crawl,1369,724,0.714
-0.857,0.607,-0.298,1.301,0.36,0.509,-0.346,1.218,1.152,0.504,0.629,-0.539,0.307,0.462,1.191,0.676,0.557,-0.079,2.066,-0.215,-0.326,-0.394,-0.025,-0.517,-2.168,-1.406,-0.883,0.715,0.407,0.735,-0.909,0.952,0.249,0.138,0.024,-0.955,-0.347,-0.24,-1.091,0.063,0.38,-0.722,-0.825,0.376,0.252,-0.732,0.405,0.405,1.431,0.926,-0.467,2.206,-0.096,0.346,-1.102,0.489,1.873,1.05,0.2,-0.447,Breaststroke,1191,167,0.355
2.603,-0.027,-1.044,0.123,1.24,-0.815,1.102,0.925,0.585,0.322,0.181,0.744,-0.262,0.862,-1.951,1.005,-0.809,-1.459,-0.404,-1.689,-0.657,0.45,-0.53,1.237,1.203,-0.156,0.003,0.065,-2.09,0.151,0.771,-0.696,0.301,1.073,-0.016,-1.062,1.768,0.416,0.488,-2.077,-0.884,-1.205,1.043,-1.158,-0.979,-1.154,1.68,0.234,0.562,-0.531,0.111,-1.936,1.148,1.013,1.125,-0.481,-1.104,1.005,-0.889,1.52,Breaststroke,467,642,0.462
-0.414,1.318,-0.775,0.929,-0.915,0.712,-0.826,0.142,3.667,1.277,-0.533,-0.346,0.523,0.411,0.011,0.001,1.025,-0.132,0.559,0.255,0.762,-1.505,-0.945,-1.335,-1.099,-0.038,1.093,-0.462,0.566,-1.374,-0.23,1.273,0.69,-0.11,-1.955,1.1,-1.441,-1.023,0.888,2.016,0.571,0.998,0.05,0.152,0.659,-1.134,-0.226,0.638,-0.22,1.409,0.63,0.736,0.477,0.233,-0.341,-0.053,0.343,-1.487,-0.569,-1.402,Backstroke,1346,808,0.504
-0.063,0.512,0.486,0.61,-0.398,-1.178,-0.288,0.544,0.094,-0.292,0.319,-1.384,0.763,0.397,0.201,0.474,-0.27,0.307,1.431,-1.27,-0.313,1.141,-1.39,0.103,-0.174,0.349,0.783,-1.919,0.396,-0.097,-0.877,-0.392,1.655,-0.007,-0.83,-0.869,0.342,0.8,-0.708,0.584,-0.469,-0.053,-0.118,-0.115,-0.281,-0.956,-0.334,-0.191,2.525,1.106,0.745,-1.256,0.28,-0.854,0.693,0.304,1.219,0.516,0.291,0.844,Butterfly,1531,621,0.18
0.026,-0.515,-1.384,1.95,0.886,-0.442,0.715,-1.359,-0.382,-0.621,-1.315,1.054,-0.977,-2.289,1.163,-0.109,-1.145,0.599,-1.145,-0.111,0.632,-1.022,-1.721,1.446,0.535,-0.008,0.506,-0.137,0.782,-0.514,-0.79,0.742,1.168,1.018,0.136,0.062,-1.348,-0.81,-0.64,-0.829,-1.972,-0.21,0.813,0.831,1.081,1.314,-1.227,-1.187,-0.424,-0.076,1.645,-0.825,0.567,-1.573,0.697,0.334,3.114,-1.375,1.765,0.153,Backstroke,1469,479,0.3
-0.601,-0.729,1.024,0.519,0.852,-1.35,-1.683,0.272,-0.005,2.241,-0.402,1.834,-2.384,0.361,-0.343,-0.914,0.337,-0.967,-0.097,-2.11,0.213,-2.229,-0.778,-1.428,2.271,2.201,0.603,0.975,1.847,1.309,-0.007,-0.748,-0.516,-2.017,0.149,-0.239,-1.433,0.684,-1.341,-1.149,1.19,-0.575,-0.859,-0.715,0.149,-0.545,-0.185,-2.232,1.248,-0.053,-0.096,1.149,-0.002,-0.214,-0.422,-2.569,-0.061,0.121,-1.027,-0.693,Breaststroke,1567,132,0.378
-0.493,0.745,-0.974,-0.119,-0.342,0.462,0.543,-0.079,-0.687,0.035,-0.968,0.277,0.453,0.585,2.145,-0.223,-0.991,-0.374,0.511,-0.547,-0.875,-0.262,-1.217,-2.084,-0.829,1.802,-0.255,1.705,0.216,-0.075,0.074,-0.229,0.396,-0.195,0.577,-0.795,-0.209,0.204,1.66,-0.201,0.319,1.559,0.317,2.163,1.174,-1.025,1.49,-0.575,-1.967,0.346,0.711,2.036,-1.441,-0.719,1.398,0.017,0.888,-0.453,0.317,0.638,Front Crawl,1442,346,0.323
-1.278,2.747,0.216,-0.246,0.759,-0.048,1.318,-1.047,-0.819,1.229,-2.023,0.642,0.115,0.261,-0.343,0.288,-0.856,-0.6,-0.497,-0.419,0.758,-1.741,0.313,-1.465,-0.351,-0.551,0.269,0.332,-1.269,-0.274,-1.945,1.183,0.447,0.73,-0.409,-0.389,-0.619,-1.055,-0.082,-0.058,-0.879,0.588,0.978,-0.382,0.994,-0.149,-0.826,0.407,0.098,-2.047,0.632,0.586,-0.518,0.84,-0.915,1.433,-1.378,-2.048,-1.526,0.651,Freestyle,484,843,0.56
-1.468,-0.235,-1.072,0.156,-0.699,-1.195,-0.094,-0.004,0.169,0.715,-1.813,0.48,0.338,0.968,-0.737,0.006,-0.612,1.879,0.147,-0.564,-0.823,-0.929,0.413,-0.707,1.15,0.887,-1.377,0.156,-0.71,-0.53,0.576,0.378,1.318,0.486,1.331,0.903,0.741,-0.986,-1.723,-0.828,0.066,0.745,-0.013,-2.292,-0.056,-0.969,-0.534,-1.788,0.99,0.116,1.199,0.591,0.033,-0.81,-0.334,-0.991,-1.537,-1.59,0.214,0.167,Freestyle,1600,704,0.308
-0.694,-0.612,1.278,-0.717,-0.38,0.239,-0.184,-0.553,0.515,1.421,-0.921,-0.229,-0.039,-0.905,-0.37,-1.997,-0.316,-0.56,0.145,2.284,-0.411,-0.471,1.236,1.02,-1.136,1.183,2.089,-0.123,1.052,1.354,-0.98,-1.114,-0.97,0.283,1.416,-1.181,1.932,1.284,0.49,0.752,-1.492,0.228,-1.036,-0.237,0.358,-0.916,1.08,1.487,-1.537,-0.949,-0.752,0.003,-0.027,0.28,-0.316,-0.644,-0.852,-0.214,-0.107,-0.677,Butterfly,110,626,0.595
0.016,-1.246,0.262,1.045,-0.275,-1.116,-0.158,0.911,0.311,0.061,0.032,0.409,0.145,0.996,-0.054,1.169,0.222,-0.36,1.024,-0.12,-1.686,0.418,-0.684,1.785,2.029,0.625,0.309,0.762,0.299,-0.228,0.049,0.092,-0.222,0.649,1.596,1.433,1.164,-0.572,0.073,-1.063,-0.044,0.507,-0.337,-1.055,0.807,-0.192,0.772,0.29,-1.122,-0.821,1.237,0.984,-1.523,-0.374,0.546,0.925,0.73,0.208,1.11,-2.998,Front Crawl,1656,536,0.568
0.202,-0.14,-0.517,-0.397,-1.103,0.241,-2.294,-1.337,0.584,-0.601,-1.583,-0.126,-0.798,-0.441,-1.22,-0.372,1.037,-0.556,-0.382,-2.858,-0.797,1.222,0.179,0.534,-0.356,-0.716,0.341,1.097,-1.21,1.1,2.505,-1.205,0.728,0.292,-1.397,-0.577,-0.093,-0.501,-0.154,0.71,-0.942,-0.487,-0.561,1.312,1.996,-0.456,-0.481,0.721,1.076,-1.217,0.306,0.131,0.983,1.985,-0.862,0.454,-0.941,0.953,0.27,0.267,Breaststroke,175,303,0.443
1.017,0.386,0.044,-1.214,0.809,0.991,0.16,0.244,-0.117,0.076,-1.362,-1.217,1.168,-0.268,-0.102,0.823,-1.646,-0.936,2.138,1.421,1.03,0.011,0.36,1.397,0.487,0.097,-0.199,-0.502,-0.854,-2.233,2.452,-1.413,0.515,0.107,0.739,0.874,-0.911,0.443,0.291,-1.692,1.849,-1.621,-0.558,-0.962,0.652,-0.36,-1.52,2.524,0.314,0.995,1.114,0.597,0.305,-0.322,-1.375,1.507,-0.934,0.434,-1.52,-0.037,Front Crawl,426,101,0.54
1.217,-1.004,0.808,-0.584,-0.191,0.09,1.623,0.278,1.115,-0.26,0.118,-1.353,-0.502,0.792,-0.773,-0.98,-0.799,0.352,-1.942,-0.533,0.461,1.61,-0.884,1.715,-0.632,-0.698,-0.687,0.971,-1.48,1.97,-0.619,0.609,-0.701,1.512,-0.971,0.643,-2.153,-0.326,-0.792,-0.68,0.72,0.65,0.03,0.173,-0.886,0.753,-1.169,-1.572,-1.14,-0.421,-0.21,1.882,0.462,0.516,-0.474,-0.694,0.987,1.008,-0.598,-1.116,Freestyle,1823,994,0.68
0.394,1.959,0.571,-0.655,1.366,-0.593,0.312,0.783,0.795,0.495,1.955,0.048,0.196,2.484,0.894,-0.717,0.516,0.364,0.26,-0.215,0.63,0.228,-0.242,1.08,0.224,1.073,2.737,-3.076,-1.434,-1.235,-0.433,1.704,-0.816,-0.392,0.724,0.795,0.044,0.882,-0.873,0.027,-0.207,1.813,0.739,-1.459,1.756,0.338,-1.215,0.657,-0.443,-0.717,0.124,-0.368,0.208,-1.119,0.655,-0.97,0.215,1.831,-0.888,1.332,Butterfly,1588,196,0.451
-1.217,0.155,-1.3,-1.071,-0.558,1.607,-0.112,1.1,0.736,0.472,0.135,0.762,-1.418,0.108,-0.518,-0.358,1.62,1.02,-0.007,2.339,-0.394,1.783,-0.873,0.876,-2.16,-0.235,-1.07,-0.271,-0.468,-0.709,0.562,-0.428,-0.688,0.149,0.881,-0.293,-0.887,-0.3,0.323,0.32,0.822,0.609,-0.339,0.384,0.029,0.03,1.456,-1.047,-1.253,0.845,-0.684,0.615,-0.115,0.334,1.034,0.513,0.193,0.944,0.459,1.267,Breaststroke,1682,580,0.597
0.381,0.344,0.332,-0.649,-0.422,-1.461,0.998,1.648,-0.195,1.194,1.817,0.399,0.227,0.198,-0.312,0.44,-0.996,-0.565,-0.111,0.213,-1.143,-0.215,-0.698,0.289,0.476,-1.703,-0.248,0.636,-0.331,1.475,1.287,-0.126,-0.89,-0.352,-0.397,2.233,-0.038,-0.991,0.808,1.126,-0.02,-1.038,-0.009,-0.546,-0.902,-0.062,-2.122,-0.376,-1.286,0.329,0.619,-0.335,-0.096,0.053,0.032,1.078,-0.987,-1.807,-0.551,0.66,Butterfly,1115,337,0.338
-1.017,1.632,0.141,0.545,-0.189,0.615,-0.898,-1.337,-0.091,1.347,0.31,-0.008,-0.514,0.703,-1.838,-2.278,0.775,0.014,-0.776,0.209,0.311,1.954,-0.424,-0.313,-0.957,1.231,0.911,-0.865,-1.221,0.315,0.216,1.227,-1.82,-0.235,-0.113,-0.159,0.072,0.588,0.94,0.138,-0.059,1.221,2.374,-1.288,1.42,-0.535,0.116,0.028,1.668,-1.016,0.704,-1.186,0.983,-1.311,1.427,1.584,-0.267,1.076,-0.278,0.607,Freestyle,387,956,0.689
2.256,-0.843,-1.476,0.435,-0.15,0.742,-1.751,-0.588,-1.691,0.603,-0.253,0.878,0.533,0.268,-0.31,-0.869,0.346,-0.882,1.206,-1.013,2.59,0.155,-0.191,0.419,1.478,1.16,-1.813,0.969,-0.08,0.652,-0.333,-0.684,0.328,0.793,-1.757,0.613,1.285,0.429,-0.819,-0.125,0.797,1.614,-0.216,1.155,-1.181,-0.685,0.077,1.646,0.439,-0.605,-0.097,-0.571,-0.491,-0.822,1.12,-0.775,0.877,-1.218,-1.269,-1.669,Front Crawl,1807,317,0.267
-0.831,1.402,-1.445,0.508,0.743,0.613,1.636,-0.88,1.994,0.626,-0.632,0.934,-1.042,-0.414,0.177,-1.13,1.671,-0.445,-0.111,-2.039,0.119,0.286,0.892,-1.375,-1.159,1.73,-0.26,-0.803,-1.253,-0.797,-0.426,0.733,0.253,-2.377,-1.879,-0.653,0.446,-0.823,1.12,-0.873,-0.375,-0.796,-0.195,0.334,0.592,1.011,1.038,0.936,-0.732,-0.242,0.942,0.365,-1.34,1.333,0.751,-1.445,-0.697,1.573,1.017,0.009,Freestyle,593,681,0.835
-0.335,0.982,-0.57,-0.711,0.12,-0.538,0.149,-0.297,-0.704,-2.042,0.472,0.244,0.281,1.001,0.369,-0.874,-0.768,1.075,-1.169,-0.127,-0.31,-1.374,1.262,0.193,-1.215,1.012,0.089,-0.774,-0.99,1.29,-0.586,0.977,0.445,-0.907,-0.828,0.341,0.115,0.105,-0.567,0.254,-1.527,-0.536,-0.379,-1.072,-0.224,-0.322,0.646,-0.588,-1.485,0.921,-0.231,-0.778,-0.501,1.941,1.071,-0.531,-0.037,-0.365,-0.093,0.744,Front Crawl,1705,110,0.638
-0.821,-0.972,0.276,-2.213,-0.018,0.822,1.423,1.157,-1.309,0.231,-2.755,-1.285,-0.408,-1.404,0.438,0.449,-1.141,-1.967,-1.401,-0.67,-0.316,0.936,0.47,-1.875,-0.603,0.893,0.749,0.83,-1.716,-0.169,-0.077,-0.204,1.422,1.1,-1.021,0.174,0.957,-0.909,-0.515,-1.418,0.1,-0.388,0.201,0.758,0.09,-1.106,-0.26,0.236,-0.078,-0.377,-1.786,0.85,-0.976,-0.311,0.268,1.145,-1.835,-1.824,-1.498,-1.261,Freestyle,844,388,0.642
-0.198,0.903,0.345,0.847,1.679,0.859,-1.872,0.22,-1.273,1.976,1.161,-0.917,-0.129,-0.091,-2.199,-0.984,-0.379,1.266,-1.605,1.671,-0.36,-0.073,0.197,-1.066,0.369,-0.95,1.762,0.093,0.13,0.92,-0.514,0.176,0.381,1.874,1.093,1.044,-2.096,1.482,0.654,-1.161,-1.402,1.738,1.02,0.373,-0.77,1.431,-0.751,-0.903,0.153,1.298,0.852,-0.537,-1.53,0.59,-1.227,-0.348,-0.7,0.265,0.428,0.367,Breaststroke,348,527,0.463
-1.006,-0.781,-0.055,-1.287,-0.681,0.818,-2.477,-0.63,1.379,-0.293,-0.298,-1.847,2.34,0.33,-0.02,0.078,1.917,-2.134,0.836,0.208,-0.504,1.074,-0.135,0.093,0.025,0.76,1.857,0.483,0.803,-1.271,0.203,-0.637,-1.906,0.438,1.591,-0.149,0.809,1.692,1.392,0.044,0.229,1.591,-0.581,0.215,-0.182,-0.062,0.75,-0.278,-0.855,-0.74,0.196,0.614,-0.381,-0.06,1.269,0.086,-2.328,0.469,1.433,-0.856,Freestyle,561,925,0.489
0.975,1.097,0.373,0.01,0.941,0.775,-1.127,-0.787,1.771,-0.264,-0.551,-0.001,-0.912,-0.537,-0.078,0.713,-0.491,0.889,-1.232,-0.665,1.508,0.573,-1.955,0.571,0.773,1.69,0.278,-0.755,-1.346,-0.682,0.236,-1.023,-0.927,-0.214,2.374,0.721,-0.376,-2.539,0.923,-0.015,1.18,-0.374,1.102,0.332,-0.46,-0.178,-2.285,0.215,2.136,0.67,-0.336,0.399,0.91,0.643,-1.177,-2.22,0.281,0.354,0.575,1.411,Front Crawl,1495,539,0.083
0.972,0.97,-1.659,0.903,-1.19,0.017,1.847,0.243,0.832,1.204,0.681,-0.024,0.156,-0.444,-2.028,1.561,0.221,0.239,0.407,-0.679,-0.115,1.306,1.162,-1.478,-0.124,-0.06,0.071,-0.015,0.946,-0.593,1.937,0.798,1.346,-0.675,-0.423,-0.053,-0.224,-0.139,0.236,-0.139,0.196,0.639,-1.122,-1.325,-0.662,0.26,1.02,-0.98,-1.109,0.756,0.525,1.175,-1.137,0.212,1.983,-0.596,0.602,-1.338,-1.2,-0.893,Breaststroke,274,801,0.486
0.153,-0.425,0.927,0.093,-1.803,0.537,0.093,-1.598,2.233,1.206,-0.47,2.224,-0.13,0.27,0.818,0.012,-1.065,-0.837,-0.763,1.66,0.753,0.111,-1.096,-0.74,-1.468,0.217,-0.321,0.652,0.351,2.25,-1.035,0.799,-0.434,-0.126,-0.18,1.17,-1.828,0.981,0.961,0.509,-0.954,0.246,-0.183,0.661,0.903,-1.808,0.743,-0.677,-0.868,2.078,1.314,0.109,0.511,-0.509,-0.553,-0.489,-0.445,0.76,0.27,-0.142,Freestyle,124,282,0.197
-0.034,-1.907,-0.883,0.131,1.311,-1.265,0.734,-0.109,0.086,0.622,-0.842,-1.28,-0.075,0.252,0.944,-0.359,-1.737,0.688,0.132,0.738,-0.837,-0.455,1.827,-1.367,-0.947,-0.453,-0.264,-0.62,-1.081,2.21,1.175,0.295,-0.722,-0.46,1.068,-0.221,-1.477,-0.694,0.735,-0.149,-0.165,-0.046,-0.248,0.394,-1.694,0.223,0.252,-0.134,-1.244,-2.01,-0.409,0.119,0.332,-2.155,-2.688,-0.69,0.589,-0.908,-0.073,0.494,Front Crawl,318,450,0.777
0.055,-0.754,0.853,0.053,0.592,-0.422,-1.523,0.201,-0.403,0.137,-1.474,1.49,1.121,1.075,0.099,1.275,1.157,0.946,1.562,-0.57,-0.251,0.218,-0.748,-2.292,-1.964,-0.103,1.801,0.218,-1.211,-0.29,1.595,-0.324,1.742,0.015,0.556,-0.429,0.983,-0.028,-0.818,-0.062,-0.815,1.673,0.052,-1.141,1.181,-0.833,0.815,-0.558,1.202,1.091,-1.362,-1.509,0.534,0.393,-0.955,0.684,1.771,0.718,-0.857,1.454,Butterfly,1244,879,0.367
0.405,-0.059,2.183,0.465,0.3,1.819,-0.608,0.673,-0.58,-0.084,-0.946,-0.26,1.396,-0.212,-0.957,1.04,-2.53,0.218,0.403,-0.806,0.035,-0.813,-1.294,1.789,-0.977,0.603,1.333,-0.578,0.399,1.59,-0.636,-0.609,-0.867,1.346,-0.953,0.503,0.152,-2.561,-1.036,-0.405,1.739,0.353,0.064,0.316,-0.292,-0.686,0.486,-2.239,-2.176,-1.272,2.044,1.351,-1.248,-2.311,1.138,1.101,0.883,1.74,-0.203,-0.728,Backstroke,1872,702,0.914
-0.393,-0.583,-1.809,0.139,-1.121,0.721,0.044,0.403,-0.181,-0.503,-1.5,-0.032,-1.662,-1.35,-1.946,0.87,-0.459,-0.544,-1.372,-0.749,-0.604,-1.01,-0.501,-1.378,-0.035,-0.143,1.009,0.505,-0.784,0.14,0.193,0.372,-1.057,-0.614,-1.546,-1.293,-0.154,0.955,1.03,0.347,0.32,0.302,0.889,0.745,0.34,0.117,1.699,-0.783,-0.294,0.809,-0.734,0.103,0.418,0.432,-1.536,-0.433,1.241,-0.775,-0.008,-0.354,Backstroke,1657,905,0.581
2.042,0.951,-2.103,0.669,0.127,1.421,-1.063,-0.535,0.43,-0.078,-1.721,-2.099,-1.101,-0.548,-1.681,-0.88,0.458,1.127,-0.166,0.488,0.369,1.204,-0.529,1.585,-0.219,-1.432,-0.25,1.017,-0.815,-0.006,-1.605,0.43,-1.274,-0.192,1.842,-0.077,0.157,0.554,-0.541,-0.215,-0.593,0.016,1.579,0.087,0.857,-0.569,1.491,0.091,1.002,1.41,1.658,-0.392,-1.889,0.793,-1.338,-1.1,0.142,-1.314,-0.214,0.218,Backstroke,799,1035,0.335
-0.514,-0.686,0.984,0.265,0.72,-0.615,-0.35,0.671,-1.777,-0.662,0.698,0.731,-0.894,-2.263,-1.24,-0.874,-0.296,2.439,-0.844,-0.925,0.039,-0.943,-0.675,0.932,-2.064,0.399,0.959,-0.555,-0.879,-1.326,0.167,-0.171,1.281,-0.073,0.665,0.34,-1.207,0.568,0.337,1.094,0.915,-0.193,0.203,-0.509,0.214,-0.925,-1.417,-1.027,-0.44,0.417,-0.219,-0.873,0.162,-2.291,1.421,-0.948,-0.15,-0.111,0.752,-0.289,Breaststroke,1211,785,0.555
-1.341,0.94,-0.015,-1.673,-0.948,-0.499,0.221,-1.033,0.315,-0.622,0.733,1.69,0.737,-0.768,-0.99,-1.441,1.814,1.151,-0.184,-0.9,0.682,-0.55,0.959,-1.69,1.121,1.678,-0.089,0.137,-0.453,-0.659,1.567,1.231,1.072,0.6,0.651,1.877,1.146,-0.77,-0.086,0.646,1.229,0.879,-1.22,-1.31,-0.565,0.17,-0.212,1.221,-0.341,0.313,-0.239,-0.453,0.56,0.083,-1.314,-1.151,-0.178,1.169,0.027,-1.13,Backstroke,348,1032,0.817
-1.411,0.31,0.699,-0.73,0.345,0.69,0.693,-2.498,-2.437,-0.761,-0.281,-0.989,-1.075,-0.937,-0.813,-2.913,0.779,2.201,-0.259,-0.024,0.652,0.042,1.629,-0.857,-0.308,1.461,-0.483,-1.427,0.972,-0.594,0.761,-0.204,-0.189,-0.227,0.416,-1.064,-1.471,1.401,0.244,0.116,0.173,0.063,0.9,0.588,1.061,-1.606,0.08,0.512,0.152,1.505,-2.092,0.691,0.441,-1.258,-1.54,-0.472,0.772,0.47,-0.733,2.066,Backstroke,1734,872,0.435
-1.034,0.125,-1.1,1.274,1.723,0.639,-0.365,-0.12,0.784,1.094,0.651,-0.793,1.564,-1.257,0.267,0.116,-1.377,-2.825,-1.223,0.205,-0.045,-0.348,0.899,2.014,0.792,1.708,-1.624,-0.273,-0.676,1.095,-0.083,0.565,0.998,-0.722,1.738,-0.564,-0.563,0.017,0.364,-1.353,-0.867,-1.604,-1.551,-0.22,0.847,0.964,0.154,-0.687,-0.858,0.666,0.437,-1.428,-0.192,0.128,0.281,-0.896,-0.242,-1.631,1.089,-0.349,Freestyle,1127,606,0.492
-0.355,-0.278,-0.044,2.154,-0.169,-0.016,-1.046,0.656,-0.773,0.137,1.138,0.693,0.667,0.836,0.094,0.039,-0.962,-0.698,0.527,0.372,0.732,-0.354,-0.653,-0.58,-0.06,-0.012,-1.589,-0.166,-0.002,-0.818,2.606,-0.694,-0.294,-1.066,0.614,1.476,0.569,-1.401,-0.671,-1.662,-0.823,-0.11,0.489,-1.513,-3.25,-0.274,-0.145,0.652,-0.9,1.575,0.079,-1.451,0.742,-1.854,1.227,-0.16,0.328,1.104,-0.586,0.378,Freestyle,297,1049,0.283
-0.877,-1.348,0.347,-0.152,-1.346,-0.642,-0.993,-1.245,-0.627,-1.032,-1.141,0.845,0.914,-0.374,0.251,0.967,-0.525,-0.455,0.094,0.346,-0.909,-1.287,-1.384,0.252,1.452,1.057,-2.448,1.468,1.595,-0.252,0.19,-0.171,0.129,0.518,0.451,-0.27,-0.635,-0.155,0.05,0.448,1.699,0.718,-1.844,-0.403,0.805,-0.119,0.865,-0.146,0.612,0.16,1.841,1.435,-0.305,-0.538,-1.447,0.112,0.376,0.903,-1.98,0.144,Butterfly,634,607,0.658
0.23,-0.041,-0.448,0.313,-0.768,0.85,-1.072,-0.319,-1.022,1.994,0.845,2.012,-0.324,0.155,-1.046,-2.413,-0.519,2.243,-0.128,-0.37,0.037,-0.037,-1.656,0.498,2.041,-0.727,0.091,0.988,-0.291,0.024,-1.073,-0.376,-1.448,-1.688,0.464,0.669,-0.586,0.588,-1.487,0.103,-0.61,-0.322,-0.927,-1.187,-0.741,2.055,0.797,0.354,-0.812,2.453,-0.849,-0.99,0.68,1.16,1.492,0.361,-0.939,-0.825,-0.789,-1.058,Freestyle,197,837,0.458
0.019,-0.542,2.083,-0.438,1.459,0.167,-1.843,-0.893,-0.301,-1.475,0.482,0.199,0.81,0.515,1.359,-0.121,0.549,-1.471,0.197,1.112,0.502,1.561,-0.832,0.432,0.486,0.735,-0.634,0.603,-0.103,0.866,1.243,1.136,1.708,1.362,0.024,2.753,-1.16,0.234,0.042,0.302,-0.474,0.76,0.994,0.724,0.997,1.363,-0.337,-0.173,1.766,-1.374,-0.882,-0.796,-0.771,-0.205,-0.981,-0.115,-1.863,0.92,-2.139,1.324,Front Crawl,360,221,0.471
0.083,0.376,0.859,0.745,-1.227,1.677,-0.924,-0.206,0.429,0.402,-1.199,0.586,-1.58,-0.506,0.319,-0.325,-0.755,-0.619,0.292,0.969,0.948,-0.767,0.038,-0.307,-0.28,-1.145,1.899,-0.784,0.738,0.057,0.503,0.845,-0.386,0.237,-1.052,-2.306,0.01,1.627,-0.182,2.224,0.606,0.41,-0.844,-0.338,1.133,-1.351,0.409,-1.605,0.083,-1.245,0.358,0.444,0.229,0.648,-0.102,0.231,-1.942,-0.301,-2.087,0.869,Butterfly,177,1048,0.506
1.23,1.467,0.199,1.245,-0.564,0.464,-1.917,-0.435,-1.163,0.223,2.337,-0.119,-0.299,0.434,-0.342,-1.617,-0.501,0.422,-1.828,1.27,1.306,1.926,-1.462,2.075,0.212,-0.252,-0.51,1.716,0.91,0.54,1.072,-0.263,-0.501,0.255,-0.557,-0.135,-0.413,-0.023,0.203,-0.698,1.039,-0.833,-2.191,0.31,2.235,-0.757,1.68,1.564,-1.187,0.751,-0.443,-0.473,-0.158,1.865,1.128,-1.522,0.224,0.314,-0.026,1.186,Butterfly,758,204,0.331
-0.545,1.312,0.987,1.592,-0.466,0.406,-2.183,-0.449,-0.356,-1.329,-0.951,0.926,0.242,-0.554,-1.254,0.38,-0.039,0.372,0.688,1.946,1.091,-1.369,2.311,0.477,0.187,-0.522,-0.886,0.841,-0.677,-0.675,-0.224,-0.338,0.372,-0.905,-0.086,-0.445,0.072,-1.056,-0.544,1.707,0.758,0.173,-1.848,-0.449,0.46,-1.431,-0.394,0.218,1.621,-2.03,0.59,1.148,-0.706,-0.463,-0.974,-0.054,1.081,2.333,-0.505,0.207,Butterfly,477,528,0.769
0.376,-0.025,-0.228,1.528,1.453,-1.297,-1.729,0.52,0.046,-1.151,0.371,-0.136,-0.183,-1.412,-0.445,0.633,-1.198,0.765,2.206,0.352,-2.828,1.002,0.806,-0.88,-1.876,0.402,0.684,-2.161,-0.489,-0.577,-0.842,-0.838,-0.983,0.036,-1.219,2.115,1.71,-1.109,-2.293,-0.941,0.796,-1.116,-1.636,-1.076,1.253,1.457,0.205,0.413,0.103,0.398,-0.301,1.376,0.206,-0.737,0.159,0.981,-1.417,-3.37,-0.019,-1.041,Breaststroke,1537,829,0.396
-1.195,0.906,0.467,1.394,-0.728,-1.06,-0.992,-0.744,0.07,-1.211,-1.219,0.744,-1.06,-0.214,-2.082,0.226,0.796,1.219,0.694,-0.779,-1.436,-0.645,1.13,-0.167,-0.445,2.372,-0.307,0.621,0.669,-0.366,0.508,0.065,0.42,0.177,0.77,-0.599,0.194,-0.362,0.747,0.44,-0.296,-1.513,-2.044,0.824,-0.835,0.452,-0.723,0.062,0.665,-0.246,0.233,-0.935,0.468,-1.28,-0.154,2.683,0.623,-0.796,-0.314,-0.377,Butterfly,1004,615,0.541
0.717,0.573,-0.988,0.359,-1.229,-0.393,-1.515,-0.577,0.648,-0.316,1.638,0.687,0.014,-0.749,1.386,0.8,-0.239,-1.344,1.063,0.595,-1.001,-1.149,-0.514,-0.829,0.599,-0.86,0.447,2.857,-1.773,-1.578,-0.14,0.497,0.629,-0.412,0.54,-1.449,-0.404,-1.047,1.066,1.044,-0.767,0.436,-0.423,0.513,1.035,1.477,-1.784,0.469,-0.645,-0.234,1.658,-0.49,-0.739,1.215,-0.757,-1.587,1.23,-0.319,-0.193,0.075,Breaststroke,943,586,0.593
-1.213,-0.417,-0.23,1.287,-1.052,0.75,0.706,0.228,0.087,-0.242,0.558,1.418,1.876,0.568,0.324,2.125,0.617,0.482,-1.023,-1.372,-0.587,-1.24,0.982,-0.218,-0.723,-0.59,0.436,-0.687,-0.532,-2.183,0.181,-0.331,0.951,-0.004,1.834,-0.01,-0.724,0.103,1.662,1.274,0.056,0.251,-0.695,0.574,1.482,-0.734,-0.189,2.121,-0.594,0.657,-0.157,0.363,-1.723,0.575,0.099,-2.5,-0.94,1.239,-0.241,0.075,Backstroke,199,970,0.639
1.964,0.191,-1.631,0.07,-1.486,0.382,1.066,-0.013,-0.229,-0.035,-1.707,-1.138,0.861,0.205,-0.091,-0.199,-1.072,0.692,-0.406,-0.226,1.938,0.238,-0.718,-1.007,-1.028,0.18,-0.924,0.882,1.266,0.34,-0.318,0.874,0.74,-0.51,0.689,-0.784,0.211,0.99,1.614,-0.493,-1.169,0.005,-0.452,0.22,1.39,0.334,1.388,-0.244,-0.495,1.292,-1.021,1.214,-0.109,-0.431,-0.038,-0.002,0.178,0.465,-0.437,-1.477,Freestyle,191,442,0.56
-0.232,-0.488,2.449,-0.678,-0.333,0.548,1.371,-0.586,-0.7,0.898,1.978,-0.11,1.324,-0.213,1.645,-0.263,-0.773,0.186,0.77,-1.843,1.888,-0.073,2.058,1.011,0.165,0.368,1.114,-1.443,-1.416,-0.73,-0.305,-0.561,0.783,0.6,2.162,0.261,1.325,-1.234,-0.297,1.293,0.742,-1.526,0.602,0.088,-0.851,-0.513,0.472,0.774,-0.363,1.13,-1.868,0.046,0.191,0.234,0.649,-1.587,1.299,0.165,0.756,-0.065,Freestyle,921,137,0.595
0.817,0.719,-0.703,-0.599,0.672,0.099,0.743,0.197,0.118,1.623,-0.676,0.634,-1.452,-0.046,0.353,-0.019,0.238,-0.778,1.096,1.943,-0.607,-0.362,-0.446,0.122,-0.268,-1.628,0.058,0.559,0.495,-1.646,0.064,-1.178,0.246,-0.203,-0.315,2.083,-1.729,-0.688,-0.508,-0.178,-1.04,0.716,0.379,0.147,-1.12,0.066,-0.502,0.119,-0.845,-0.216,-0.117,1.099,0.433,-0.862,-0.124,0.444,-0.777,-0.987,0.915,-1.215,Freestyle,901,650,0.244
1.739,-1.481,-1.925,-0.115,0.923,0.317,0.951,-0.956,1.66,-0.057,0.672,0.729,-0.675,0.532,0.539,-0.488,0.125,1.43,-0.053,-1.389,-0.116,0.022,0.781,-1.208,-0.568,0.091,1.279,-0.793,-1.473,-0.486,-0.276,-0.019,0.337,0.049,0.369,0.083,-0.097,-0.93,1.849,0.393,-0.945,-0.25,0.16,-1.908,0.193,-0.197,-0.704,0.187,0.177,-1.172,1.051,0.602,0.339,-2.147,-0.617,-0.182,0.935,0.243,0.923,0.761,Backstroke,453,364,0.238
0.045,0.579,0.57,1.13,0.758,1.456,-0.431,-0.065,1.439,-0.084,-2.129,-1.679,0.765,-0.009,-0.218,-0.711,-0.232,-1.862,-0.391,1.376,-0.583,0.698,0.43,0.392,-0.997,-0.297,-0.949,-0.392,1.696,-1.644,-0.007,2.07,-1.986,0.856,-0.117,0.221,0.037,0.727,-1.58,-0.48,0.024,1.065,1.653,-0.086,-0.923,2.898,0.289,-1.174,-0.596,1.362,-0.449,-0.007,-0.784,0.656,-0.788,-0.435,0.666,-0.554,-0.943,-0.638,Butterfly,183,663,0.747
-0.241,-0.678,-0.314,1.46,0.85,-0.258,-0.937,-1.489,-0.971,0.594,-0.76,-1.025,-1.811,-0.85,-1.256,-0.854,-0.727,1.565,0.425,-0.962,-0.546,0.408,-0.432,-0.019,0.138,-0.912,1.564,1.381,-0.22,0.09,0.713,0.917,0.791,0.351,-1.284,0.731,0.049,0.612,-0.99,1.045,0.327,-0.12,-0.899,1.705,0.32,-0.512,0.802,-1.243,0.021,-0.031,-0.689,-0.466,-0.083,-0.189,0.449,0.323,-0.495,0.915,-0.278,1.103,Front Crawl,454,1008,0.884
-1.326,-1.398,-0.324,-0.258,0.358,-0.329,-0.35,-0.07,-1.344,-0.475,-0.333,1.099,0.397,-0.155,-0.973,-0.714,-1.26,0.501,0.805,0.048,2.089,1.084,-0.143,0.388,-0.569,1.306,-0.805,1.017,1.242,0.181,-0.256,0.118,-0.469,0.396,-0.529,-0.086,0.921,0.847,-0.06,0.099,-0.58,0.206,0.434,0.098,-1.153,0.402,2.32,-0.737,0.687,0.387,-0.772,0.949,-0.105,0.698,0.534,-1.45,-0.407,-0.787,-0.545,-0.006,Freestyle,1495,1063,0.132
-0.289,0.924,-0.426,0.749,0.493,0.841,1.431,-0.821,0.178,0.42,1.952,1.017,0.763,-1.036,0.616,0.42,0.846,1.554,-0.987,-1.116,0.147,-0.498,-0.798,-1.929,-0.253,-1.066,0.012,-1.537,0.651,1.33,2.314,-0.664,0.433,0.798,-0.977,-0.849,-0.147,0.895,-0.473,-1.767,-0.296,-1.919,-1.571,0.402,-0.041,0.341,-1.137,-0.622,-0.033,-0.62,0.044,1.126,0.934,-0.611,0.279,1.323,0.939,-2.789,0.36,-1.46,Butterfly,375,836,0.468
-0.479,1.4,0.213,1.026,0.593,0.189,0.32,-2.154,-1.736,0.546,0.339,0.075,-0.353,0.734,-0.054,1.357,2.056,0.951,-0.888,-0.638,-0.966,-0.817,0.181,0.553,0.41,0.314,-0.034,-0.143,-0.227,-0.207,-1.313,0.472,0.443,1.621,-2.176,-0.048,-2.071,-1.858,-0.4,-1.357,0.832,0.753,-0.025,0.248,0.345,0.539,0.415,0.99,-1.203,1.151,-0.649,1.089,2.118,-1.976,-0.056,0.109,-0.668,-0.455,-0.913,1.496,Butterfly,1004,520,0.529
0.776,-0.317,-0.709,0.316,1.097,-2.023,-0.872,0.336,-1.63,0.25,-0.156,-1.056,0.376,0.866,0.103,0.841,-1.027,-0.464,-0.287,-0.138,-1.522,-0.922,-1.39,-0.216,-0.862,-1.237,-0.096,-1.876,-0.473,-1.104,-1.562,-0.263,-0.693,-1.242,1.397,-2.598,-0.476,1.312,-0.165,1.815,0.423,-0.968,-0.782,-1.202,-1.11,-1.598,1.458,-0.617,0.514,2.422,-0.278,0.858,0.748,0.143,0.253,0.525,-0.142,-1.405,-0.197,0.479,Freestyle,624,221,0.696
1.321,0.0,-0.681,1.055,-0.461,0.565,0.553,-1.255,0.923,-0.63,-1.926,0.234,0.116,2.083,-1.42,0.778,-0.461,0.262,-0.468,-1.778,-1.626,-1.054,0.375,0.644,-0.886,1.163,-0.683,-0.15,0.448,1.325,-0.166,2.294,-0.467,0.242,-0.291,1.751,-0.413,-0.011,0.881,0.67,-0.268,0.857,0.414,1.394,-1.793,0.843,1.21,-0.065,1.337,1.053,-0.779,-2.304,0.504,-0.053,2.598,0.35,-0.971,0.98,0.72,0.805,Front Crawl,1098,784,0.294
-0.877,-1.565,-0.678,0.404,1.72,-1.541,-0.596,1.521,1.083,2.325,-0.267,-0.32,-0.593,0.163,0.0,-0.126,-1.771,-0.11,-1.189,-0.272,0.227,0.542,-0.442,-0.196,0.948,-0.678,-1.859,-0.657,1.093,-1.183,1.329,-1.252,1.007,0.652,-0.576,0.745,0.855,1.38,-0.241,2.161,0.119,-1.826,-0.144,-0.795,-0.958,1.711,-1.897,-1.454,-0.721,0.207,0.403,1.676,0.239,-0.517,-0.012,1.063,1.271,1.123,-1.598,-0.116,Freestyle,1510,1053,0.454
-0.776,-0.616,-1.027,-0.684,1.231,-0.458,-0.604,1.524,0.042,-1.822,0.265,-0.011,0.172,-0.013,-0.23,1.06,0.076,1.147,0.267,-0.014,0.184,0.532,1.528,0.321,1.184,-0.068,-0.64,-0.016,0.681,0.224,0.499,1.644,0.022,-0.521,0.689,-0.13,0.318,-0.386,0.23,0.155,-0.339,-1.405,0.172,-0.862,-0.386,-0.228,1.207,-1.067,-0.95,0.481,0.122,-0.037,-1.731,0.224,-0.91,0.027,-1.406,0.025,0.743,1.881,Front Crawl,133,465,0.616
0.809,-0.375,-0.052,1.185,1.544,0.491,1.305,1.19,-1.729,1.84,0.06,-0.916,-0.334,1.837,-0.53,-0.924,0.551,-0.869,-1.36,0.044,0.534,-1.105,-0.629,-0.773,0.425,-0.989,1.29,0.504,0.032,1.032,0.043,0.258,0.361,-0.406,-0.228,-0.739,0.797,-0.494,1.584,0.897,2.752,0.665,-0.811,-0.923,0.412,1.216,1.209,0.05,-0.788,0.277,-0.344,0.7,-0.462,-2.133,0.866,0.507,0.957,-2.458,1.203,0.499,Backstroke,289,909,0.492
-0.063,0.023,-0.55,-1.105,-1.541,-0.839,-1.188,0.613,1.064,0.209,1.114,-0.927,-1.78,0.478,0.59,0.562,1.327,0.393,-0.141,0.816,2.474,-0.079,0.505,0.144,-0.617,-1.987,0.194,-0.061,0.747,-1.326,-1.189,-0.919,0.205,-0.724,1.447,0.549,0.37,-0.656,-1.661,-0.611,-0.046,-0.227,-0.032,-0.34,0.656,0.801,-1.204,-1.669,1.504,-0.728,-2.108,0.102,-0.16,0.533,-0.094,-0.73,1.169,-1.114,0.242,1.012,Breaststroke,1580,923,0.667
-1.506,-0.834,0.277,-0.004,-0.364,0.741,-0.571,-0.987,-0.953,1.622,-1.133,2.327,0.161,-0.341,-0.386,0.043,0.448,0.827,-0.654,1.62,0.255,1.339,-1.534,-0.591,-0.7,0.837,-0.621,-0.26,-0.787,-1.299,-2.012,-1.006,-0.579,0.081,-0.131,0.298,-2.456,0.399,0.963,-0.899,0.357,0.292,-1.144,0.397,0.61,0.215,-0.166,0.919,0.664,-0.485,-0.416,0.597,-1.234,-0.946,-0.711,2.838,0.189,-0.266,-0.671,0.73,Front Crawl,446,350,0.208
-0.026,0.627,0.969,0.697,0.466,-0.654,-1.067,-1.605,0.435,-1.116,-0.148,0.03,0.901,0.539,0.223,-0.952,0.564,0.853,-0.203,1.121,0.237,-0.405,1.269,-0.312,1.753,0.487,-0.619,-0.717,1.258,1.002,0.063,-0.633,0.08,-0.784,-0.194,-0.492,0.375,-1.043,0.545,0.66,-0.256,0.193,-1.39,-0.298,1.141,1.206,0.56,1.719,-0.246,0.247,-0.265,0.366,1.595,0.237,-1.72,-1.357,0.353,0.902,-0.142,1.407,Front Crawl,1215,258,0.236
-2.007,0.571,0.083,-0.786,1.939,0.587,-0.575,0.149,-0.949,-1.419,-1.281,-0.897,1.814,-0.925,1.204,2.295,0.191,0.301,0.347,2.541,0.611,-0.545,-0.128,-2.103,0.321,-1.434,-0.01,-0.753,-1.681,-2.44,0.788,-0.036,-0.01,-0.326,0.62,-0.305,0.293,0.678,1.1,1.181,-0.332,-1.041,-0.033,0.572,0.165,-1.238,-0.624,0.89,1.977,0.03,-0.676,-1.067,0.508,0.356,0.137,-1.199,0.001,0.649,-1.454,-1.515,Butterfly,803,709,0.104
-1.254,-1.458,-0.941,2.057,0.676,-0.459,0.614,-0.637,-0.199,0.186,0.724,0.487,-0.383,1.576,-0.257,0.53,-1.859,0.081,0.314,1.254,-1.469,-0.144,0.378,-2.52,0.739,0.418,0.617,0.669,-1.378,0.62,0.523,0.01,1.261,0.535,-1.554,0.425,1.1,2.102,1.048,0.123,1.1,-1.324,1.434,-0.346,-1.187,1.664,-0.717,-0.525,-0.611,-1.293,0.896,-1.701,1.007,-0.832,1.231,0.743,-0.221,0.243,0.298,1.135,Butterfly,1606,1072,0.537
0.723,1.105,-0.566,-0.613,0.95,0.431,-0.075,1.841,-1.104,-0.649,0.563,1.201,-1.072,1.157,0.122,-1.77,0.67,0.31,-0.616,0.916,-0.584,-0.405,0.129,0.964,-0.434,1.082,1.316,1.518,-0.062,0.105,1.76,0.808,-0.556,0.637,-0.54,-0.998,0.19,1.222,1.782,0.195,-0.633,-0.708,0.387,-2.066,-0.293,0.755,0.16,1.622,0.331,-1.557,-0.16,-0.026,0.091,1.058,0.7,-0.591,1.272,0.53,-0.83,0.559,Breaststroke,1661,936,0.379
-2.135,0.201,-0.679,-0.094,-0.487,0.493,-0.362,0.316,-0.053,0.149,-0.287,0.422,0.76,0.465,0.177,2.474,0.708,-2.09,0.1,0.147,-1.311,0.102,-1.17,-0.187,1.55,-0.051,-0.823,-0.249,2.046,-1.34,1.379,0.421,0.203,-0.848,-0.024,-0.117,1.476,1.088,0.448,-0.125,0.003,-0.756,-0.439,0.319,0.288,0.849,1.779,0.608,2.616,-0.054,0.053,-0.807,-0.849,0.3,0.017,-1.131,0.586,-0.95,0.057,-1.029,Breaststroke,119,650,0.472
0.559,-0.607,0.258,1.256,1.912,-0.212,0.347,-0.6,1.673,0.734,0.199,-0.248,-2.239,0.415,0.042,-1.792,1.084,-1.124,0.25,-1.251,-0.521,1.435,0.302,-1.318,-1.524,-1.013,-0.307,-1.862,-0.63,-1.453,-1.421,1.424,1.933,0.286,-0.181,0.331,-1.214,1.627,-0.415,1.764,0.298,0.41,0.293,1.462,-0.197,-0.026,0.516,-0.291,0.197,-0.04,-1.003,1.382,0.623,0.652,-0.309,-0.252,1.055,-0.611,2.131,0.288,Front Crawl,167,719,0.431
0.419,1.536,-1.557,0.466,1.084,-1.225,-1.939,0.79,-0.991,-0.595,-0.085,-0.132,0.029,0.239,0.349,0.402,-0.157,0.691,-1.116,-0.159,-0.201,-1.581,-1.718,-0.205,-0.871,-2.485,-0.174,0.353,-0.415,-0.601,-0.334,0.583,-1.592,0.167,-0.891,0.181,0.289,0.001,-0.574,-0.413,-0.496,-0.322,-1.47,0.218,0.344,-1.139,-0.496,0.687,0.934,0.132,0.573,1.493,0.667,-0.371,0.575,-0.033,-0.264,-1.184,0.823,-0.996,Freestyle,856,326,0.353
0.185,0.275,-0.736,0.154,-0.562,1.593,0.286,1.786,-0.522,-1.895,1.092,-0.026,-0.877,0.431,-1.457,-0.506,0.908,1.392,-1.869,-0.999,0.229,0.06,-0.303,-0.287,-1.02,0.843,0.255,0.418,-0.732,-1.453,-0.22,1.003,-0.865,-0.603,0.886,1.153,-0.933,0.001,1.749,0.154,-1.197,0.452,0.052,1.242,-0.43,0.914,0.821,1.544,0.501,-0.255,-0.174,2.679,-0.821,-1.476,0.797,-1.336,-1.456,-2.138,1.494,0.116,Backstroke,1028,687,0.608
-0.884,-0.127,-0.565,-1.87,-0.669,0.257,-1.177,-0.881,0.545,1.072,0.262,1.544,2.493,-2.675,0.044,-0.44,-1.617,-0.989,0.261,0.409,1.093,1.115,0.118,0.015,1.809,-1.065,-0.089,0.39,-1.427,-0.333,1.125,1.849,-1.772,0.148,-0.136,1.104,-2.203,0.122,-1.097,-0.224,-0.755,0.946,0.313,1.352,0.275,-0.048,0.529,0.069,2.07,0.899,0.032,1.366,0.427,0.874,1.503,1.334,0.355,-1.908,-0.937,-1.187,Backstroke,1553,737,0.087
-0.758,-0.478,-0.121,1.174,0.487,0.15,-1.653,-1.367,1.217,-1.0,0.595,0.445,1.108,-0.023,0.186,0.202,-1.977,1.916,-0.56,0.76,0.709,1.191,-0.717,1.527,-0.514,0.305,1.304,-0.71,-0.405,1.133,1.242,-0.401,0.475,-0.367,1.098,-1.282,-1.39,-1.356,1.136,-1.521,-0.756,-0.069,0.699,-2.093,-0.679,0.917,0.008,-0.337,0.402,0.67,-0.47,0.387,0.479,-0.624,-1.569,0.262,-0.05,-0.498,-0.098,1.094,Front Crawl,158,273,0.439
-1.056,-0.839,-1.095,0.274,-1.261,-0.042,0.807,-0.285,-0.133,-0.53,0.637,-2.269,-0.434,0.479,-0.327,-1.251,1.716,-0.761,-0.112,-2.116,0.072,0.218,0.43,0.276,0.455,0.263,1.318,2.37,0.234,-1.705,0.388,-0.965,-1.069,-0.4,1.121,-1.064,-0.629,-0.112,0.993,-0.24,-0.035,0.139,0.633,-0.354,-0.903,0.566,-0.889,0.583,-1.151,0.163,-0.35,1.278,0.983,-0.442,-0.24,-0.995,-0.674,-2.24,-0.238,-0.103,Front Crawl,1037,500,0.192
-1.697,1.129,1.341,-0.354,-0.633,-1.378,0.521,-0.724,0.033,-0.542,-0.583,-0.017,-1.079,0.02,-0.937,1.02,-1.111,1.905,0.447,0.503,0.118,1.127,-0.006,-1.853,0.572,0.004,1.59,0.115,1.341,0.588,-0.224,-0.37,-1.784,0.729,0.587,0.233,0.915,0.871,0.667,1.843,-0.035,1.652,-0.429,1.219,-1.249,-0.298,-0.907,0.257,0.056,-0.702,-0.881,-3.356,-1.044,-0.886,0.705,1.156,1.8,-0.537,-1.289,-1.344,Breaststroke,1069,195,0.651
-0.472,-1.465,-1.159,1.895,1.292,-0.997,-0.776,0.388,-0.275,0.425,-1.38,1.113,1.024,-1.121,-0.516,0.226,1.414,-0.275,-1.023,0.293,1.112,-1.142,-1.273,0.561,0.573,0.137,1.606,0.183,-1.49,-0.009,-0.599,0.001,-0.865,-1.118,0.252,1.376,0.558,-0.217,0.497,0.411,-0.597,1.628,-0.221,-0.0,0.239,1.671,0.345,-2.701,-0.987,-1.146,1.384,0.089,2.096,1.567,0.111,-0.266,0.499,1.344,-0.435,-0.396,Backstroke,189,838,0.477
2.101,-0.541,2.93,-0.44,-1.427,0.233,-0.322,-2.707,-1.185,-2.224,-0.793,0.953,-0.087,-0.374,-1.259,-0.611,0.713,0.32,0.189,-0.281,1.903,-1.682,1.206,-0.356,0.358,-0.549,-0.725,-1.047,-1.143,-0.042,0.914,-0.561,-0.342,1.838,-0.92,0.554,-0.775,0.978,0.516,0.604,1.987,0.087,-1.613,-0.772,0.139,-0.591,-1.035,-2.19,-0.53,0.312,-0.943,-0.741,0.051,-1.31,-0.173,0.235,-0.998,-1.032,-1.409,-1.33,Breaststroke,1645,940,0.672
-0.498,-0.167,-1.56,-1.39,1.828,0.691,0.392,0.958,-0.397,-1.694,3.462,2.288,0.168,-0.036,0.003,-0.845,0.512,1.273,-0.624,-0.659,1.026,-0.648,1.232,1.768,-1.502,-1.324,0.326,1.179,-1.112,0.879,-0.282,0.062,-1.337,1.89,0.443,0.174,1.607,-0.323,0.252,0.323,-0.614,-0.962,0.669,-0.847,1.439,-0.759,-0.0,0.741,0.9,1.262,0.595,-1.153,-2.364,0.385,-0.222,-0.748,-0.364,0.278,-0.438,-0.318,Backstroke,1106,680,0.556
-0.479,-0.435,0.596,-0.043,-0.663,-1.242,0.434,-1.423,-0.798,1.132,0.81,0.522,1.811,0.346,-1.149,-0.801,0.467,-0.987,1.121,-0.869,-0.216,1.728,-0.287,0.606,-1.391,1.403,0.683,-0.756,0.018,0.323,0.85,-0.3,-2.129,-0.125,-0.655,2.079,0.203,-1.937,0.013,-0.969,0.843,-0.939,-1.698,0.351,1.351,0.563,-0.03,0.085,-0.614,0.548,1.43,0.39,-1.532,0.753,-1.161,-0.942,-0.392,-0.168,-1.236,1.134,Backstroke,369,150,0.582
-0.682,-0.149,-0.158,0.226,1.844,-0.922,0.402,0.258,-0.077,-0.68,1.36,-1.026,-0.464,-0.407,-0.181,1.42,-0.1,-0.31,0.075,-0.14,-0.11,0.887,0.433,0.533,-0.738,-0.311,1.289,-1.033,0.866,-1.189,0.123,-0.658,-1.257,1.792,-0.966,1.173,-0.551,-0.479,-0.231,-0.591,-0.145,0.047,-1.247,-0.214,0.336,-1.676,-0.695,-1.124,-0.604,-0.44,-0.168,0.248,-1.308,-0.824,-0.463,2.13,0.583,-0.624,-0.466,0.038,Front Crawl,1857,412,0.722
-0.38,-1.483,0.372,-0.139,0.47,0.81,-0.447,0.005,-1.224,-0.1,0.276,0.306,-0.4,-1.009,-1.881,1.219,0.352,0.363,-0.804,-0.005,-0.736,0.574,0.309,-1.191,0.318,-0.805,-1.563,0.928,0.805,-0.45,-0.439,0.71,-0.672,0.565,0.55,0.772,-0.412,-0.645,0.164,0.077,1.094,1.042,0.918,0.018,-0.104,1.617,0.257,-0.115,-0.854,-0.036,-0.205,1.236,0.917,-0.34,-0.413,0.35,1.382,-0.844,-0.197,-0.71,Breaststroke,354,951,0.729
-2.221,-1.202,-1.957,1.397,2.379,-1.483,-0.844,0.575,0.556,-0.158,-0.57,-0.007,0.098,0.022,1.209,0.753,-1.915,1.01,-1.419,-0.518,-0.677,-0.094,-0.771,0.528,0.855,-0.445,-1.657,0.206,-0.052,1.014,-0.179,0.787,0.366,1.369,0.587,0.207,-1.885,-0.209,-0.396,0.444,0.359,-1.099,-1.406,-0.865,0.259,0.276,0.592,1.619,-0.998,0.795,1.025,-0.127,0.576,0.57,0.165,-0.647,0.162,-0.425,0.369,-1.668,Freestyle,379,396,0.551
-1.362,-0.297,0.115,-0.281,1.294,1.192,0.271,0.206,1.418,0.975,-0.303,1.469,-0.23,0.497,-0.999,-0.355,-0.38,-1.022,0.211,-0.726,0.347,0.877,0.847,-2.143,-0.696,1.187,-1.854,0.776,-1.304,-0.92,-0.614,-0.702,-0.185,1.643,-0.019,0.976,-1.143,-1.081,0.691,1.427,-1.765,-1.487,0.845,-0.431,0.528,0.62,-0.382,-1.264,-1.103,0.737,-0.683,-0.768,-1.402,-0.319,-1.068,-0.035,-0.11,0.374,-1.103,0.466,Butterfly,873,686,0.831
-1.085,-0.567,-0.508,0.194,0.475,-1.01,1.079,-1.131,0.789,0.062,0.202,0.615,0.363,1.223,0.387,-0.387,-1.5,-0.165,0.078,0.587,-1.267,-2.468,-1.606,0.744,-0.054,0.491,1.034,0.522,0.578,-0.934,-0.157,1.494,0.141,0.182,-0.916,-0.094,-0.525,-0.55,0.291,-1.001,-1.396,0.503,-0.956,-1.566,2.524,-1.914,-1.886,0.578,0.512,-0.224,-1.539,1.442,-1.038,-0.809,-0.065,2.13,-0.436,1.165,1.537,0.444,Freestyle,843,721,0.504
-0.585,-0.098,0.554,0.099,-1.583,-0.428,-1.093,-0.056,0.178,-0.801,2.105,-1.158,0.582,-0.135,-0.699,0.782,2.631,-1.092,-1.11,0.036,0.15,-0.978,0.154,-0.856,-1.919,-0.74,0.703,0.708,-0.588,-1.238,0.419,0.523,1.745,-1.247,0.508,-0.278,0.543,-0.33,-0.448,-0.448,-0.89,-0.861,0.99,-0.254,1.164,0.493,0.599,1.07,-0.835,0.755,0.68,0.324,-0.65,-0.297,0.789,-0.052,0.784,1.102,-0.456,-1.037,Breaststroke,1302,1069,0.199
-1.121,0.679,-0.993,1.84,-0.169,0.271,0.159,0.725,0.263,1.612,0.424,-0.012,-0.465,-0.951,0.655,-1.021,0.682,-1.041,-1.047,-0.876,-1.311,2.598,1.806,-0.137,1.009,0.004,1.895,-0.993,1.134,-0.633,-0.316,-0.953,-0.247,-0.144,0.267,2.207,0.137,-2.14,-0.508,0.847,-0.344,0.824,0.786,0.309,-0.606,-0.983,-1.199,0.111,-0.967,-0.914,-0.857,0.66,-1.624,0.616,0.321,-0.908,0.115,-0.175,-0.374,1.716,Breaststroke,1522,1024,0.497
-0.726,-0.369,0.442,0.374,-0.84,-1.389,0.869,0.368,0.391,0.765,0.981,-0.776,1.17,0.186,0.892,1.084,-0.443,-0.702,0.289,0.069,-0.904,-1.406,-2.233,-0.007,-0.419,0.251,0.408,0.428,0.471,1.326,0.854,-0.718,0.758,-3.149,0.868,1.591,0.34,0.197,-0.201,-0.531,0.386,0.929,0.426,-0.721,0.882,-0.133,-0.955,-0.028,0.165,-0.387,-1.0,-0.195,-0.224,-0.052,-1.569,-0.414,-1.161,-0.197,1.012,0.868,Front Crawl,535,788,0.256
-0.49,-1.07,0.58,0.372,-1.666,-0.173,0.904,-1.448,0.167,0.282,-0.319,-0.033,-0.691,0.004,-0.501,-0.909,1.465,0.084,-0.169,-0.478,1.279,0.74,-1.594,-0.519,0.22,2.011,-0.528,0.972,-0.731,-0.778,-0.43,-0.565,-1.035,-0.149,0.745,1.517,-0.533,-0.641,0.71,0.034,0.231,1.91,0.913,1.786,-1.377,0.14,-0.487,-0.473,-0.515,0.706,-0.257,0.653,-0.117,-2.19,1.934,1.611,-0.981,0.954,0.523,-1.136,Backstroke,597,881,0.279
0.394,-0.389,1.228,0.36,-0.292,0.732,-0.323,-0.436,-0.742,0.149,0.027,-0.006,1.483,-0.21,-0.535,0.92,-0.129,-0.03,-0.056,-0.163,-1.072,-1.669,-2.187,-0.637,0.521,-0.064,1.879,0.47,1.207,-1.34,0.196,0.374,-0.038,1.281,-0.678,-1.053,-0.617,0.574,-0.635,-1.072,0.891,-1.356,-1.011,0.855,0.724,-1.387,2.461,0.127,0.516,0.465,-1.178,-1.265,0.881,-0.125,0.814,-1.0,0.289,0.32,0.805,-0.969,Butterfly,861,322,0.296
-0.175,-0.002,0.326,-1.398,-0.279,1.535,-1.167,-1.271,0.435,1.749,-0.104,0.145,-0.331,0.167,-1.293,-0.611,-1.403,0.982,0.351,-0.258,1.526,0.208,0.205,-0.874,2.133,-0.272,-1.375,1.265,0.387,-0.331,-0.307,1.618,-0.728,-0.783,-1.779,-0.582,-1.523,1.601,-1.321,-0.432,0.469,-0.551,-0.212,1.382,0.504,0.977,-0.928,-0.494,-0.257,-1.91,0.456,0.505,-0.239,-0.47,-0.311,0.722,0.503,0.04,1.3,2.0,Backstroke,1482,526,0.843
-0.118,0.649,-0.164,1.58,1.052,-1.097,-1.197,0.23,0.341,0.522,0.044,-0.439,0.62,1.57,0.609,0.133,-1.886,-0.407,1.903,-0.144,1.27,0.114,0.788,0.916,-0.11,1.202,0.325,0.302,1.253,0.685,-0.374,1.177,-0.0,0.349,0.031,-0.045,0.61,0.328,0.069,1.166,2.117,-0.403,1.884,0.314,0.853,1.039,0.068,-0.485,1.675,-0.94,0.342,-0.095,-0.379,0.123,0.042,1.251,-0.247,-1.029,0.312,-1.458,Freestyle,319,928,0.478
-0.253,0.64,-0.037,0.646,-0.278,2.291,2.184,0.741,0.407,-1.243,-0.649,-0.283,-0.261,-1.449,0.313,-0.595,0.307,0.235,0.373,-0.521,0.336,-1.148,0.149,-0.972,-1.132,-1.073,-0.163,0.514,-0.499,-1.128,0.649,0.065,0.625,0.768,0.493,1.81,-0.632,-0.478,-1.935,-1.009,0.492,-0.173,0.524,0.905,0.595,0.616,1.991,-1.18,0.782,-0.48,-0.056,1.162,-0.163,-0.135,-0.138,-0.028,0.086,0.458,-1.534,-0.945,Front Crawl,493,995,0.528
-0.599,-0.694,-1.86,-0.139,-0.986,-1.221,-0.453,-0.081,0.018,-0.335,0.768,0.524,-1.916,-0.101,1.03,-0.98,-0.759,-1.202,-0.098,0.485,-0.75,-0.732,0.302,1.179,-0.783,-0.684,-0.758,-0.228,0.917,0.614,-0.411,0.149,1.24,0.617,-0.417,-0.11,-2.147,0.744,-0.159,-0.461,0.388,-0.319,1.396,0.334,-0.776,0.722,0.541,1.142,0.078,2.027,1.579,-2.057,1.089,1.355,-1.307,-0.251,-0.197,-0.955,-0.066,-0.355,Freestyle,1797,1034,0.513
-1.845,0.049,2.196,0.835,-1.268,-0.083,-0.333,-0.006,0.489,1.039,-1.087,-0.786,0.67,-0.865,-0.936,1.871,-1.976,-0.048,-0.577,0.301,1.862,-0.643,-0.334,-0.21,2.056,0.499,0.432,1.258,0.289,0.69,0.146,-2.06,0.215,0.601,0.986,1.253,-0.512,0.584,0.633,0.054,-0.991,0.641,1.663,-2.069,1.193,-0.261,0.51,-0.78,1.433,-0.328,2.188,0.324,-0.311,-0.683,-1.871,1.005,0.304,1.732,-1.979,0.27,Breaststroke,1785,995,0.502
0.752,0.903,-0.465,0.399,0.569,0.689,1.647,0.115,0.797,-0.148,0.015,0.437,-1.011,1.318,0.148,1.16,-0.684,0.981,0.949,1.404,1.885,-0.181,0.013,-1.197,0.022,1.026,0.005,-0.16,-0.279,0.731,-1.136,-0.338,-0.175,0.958,0.183,-0.339,1.264,-1.176,0.776,0.498,0.601,-0.473,-0.373,0.12,-1.22,0.218,0.407,1.505,1.635,-0.212,-1.022,-0.348,0.922,0.014,0.342,-0.956,0.966,0.393,0.525,0.003,Breaststroke,1597,1009,0.518
-0.131,-0.292,0.105,0.495,1.041,0.297,0.681,0.55,-0.554,0.305,-0.59,0.427,-1.542,-1.196,-1.241,0.578,1.376,0.719,-0.406,0.156,-0.039,0.06,-0.001,0.8,-0.223,1.447,1.012,0.155,-1.239,0.733,-1.399,0.952,1.315,-1.515,-0.756,-0.156,-0.654,0.254,0.307,-1.78,1.19,0.495,-0.593,0.705,1.342,-0.512,-0.161,-0.987,-0.274,-0.883,-0.851,0.377,1.588,0.621,1.738,0.007,-2.069,-0.627,2.216,1.531,Backstroke,662,291,0.734
-0.99,-0.542,-0.015,-0.469,-0.399,1.574,0.233,-0.753,-0.649,2.176,1.1,0.415,-2.062,1.578,0.38,-0.151,-1.801,-1.057,0.527,-0.404,1.088,0.271,-0.515,1.451,0.43,1.113,-1.79,-0.283,0.013,-1.46,1.334,0.079,0.249,1.536,1.242,-1.606,-1.019,-1.296,0.377,-1.6,1.227,0.934,-1.948,-0.654,1.238,0.051,-0.901,0.298,-0.345,0.251,-0.681,0.958,-0.879,0.446,-1.232,-1.755,-0.647,-1.542,0.294,-3.06,Freestyle,1437,866,0.671
1.505,-0.212,0.877,-0.492,-0.34,0.514,-0.856,2.209,-0.196,-1.912,0.008,-1.575,1.073,0.371,1.274,1.059,0.068,-0.381,-0.028,0.546,0.485,-0.524,-0.487,0.747,0.59,-1.138,0.553,-0.63,0.725,0.439,0.474,-1.486,0.42,0.441,-0.256,0.608,2.38,-1.268,-0.168,0.634,-0.652,-1.109,-1.147,-0.933,-0.659,0.457,0.284,2.053,-0.003,1.785,0.445,-0.799,0.454,0.882,1.124,-1.438,-0.851,0.357,1.774,-1.015,Backstroke,423,588,0.751
0.048,-0.646,-0.68,-0.714,-0.226,-0.676,-0.08,2.783,-1.804,-1.134,1.204,0.403,-0.243,1.314,0.855,0.907,-0.598,-0.183,1.084,-0.994,-0.827,0.897,-1.231,1.137,-0.575,-0.531,1.646,1.354,-1.907,-1.68,-1.062,-1.921,-1.783,-0.525,0.361,1.117,-0.392,0.591,1.327,-0.905,0.349,-1.297,-0.449,0.179,-0.746,-2.503,-0.624,-0.76,-1.232,0.249,1.808,2.309,-0.692,-0.41,0.658,0.303,-0.427,-0.067,-1.087,1.964,Front Crawl,1292,802,0.436
-0.481,-0.675,-1.601,-0.634,0.701,-0.773,0.269,1.162,-0.842,-0.165,-0.468,-0.104,1.167,-1.882,0.436,1.075,-1.976,1.6,-0.362,-0.018,-1.739,-1.566,-0.115,0.866,0.956,1.023,-0.174,0.689,-0.228,0.216,-1.524,0.295,-0.519,0.954,-0.292,-1.188,0.223,0.017,0.11,0.26,0.193,-1.289,-3.04,-0.091,-1.714,0.29,0.813,0.809,0.128,1.518,0.366,0.179,1.293,1.077,1.626,1.008,-0.595,0.036,-1.509,-1.84,Breaststroke,798,946,0.554
1.989,-0.113,0.606,-0.593,-1.298,-0.105,-1.687,-0.268,1.097,0.025,-1.674,0.569,-0.91,1.093,-0.002,0.436,0.056,-0.305,0.907,-0.933,-1.409,-1.009,-1.383,-1.595,0.265,2.471,-0.83,-1.347,0.581,1.169,0.136,-0.196,1.175,0.561,-1.923,-0.946,-2.848,-1.41,0.558,-0.208,-0.679,1.525,1.439,0.541,-0.627,-0.282,-0.136,0.584,1.258,0.299,-0.845,1.118,1.227,0.349,0.638,0.405,-0.192,0.753,0.703,2.853,Butterfly,1362,826,0.606
1.48,-0.501,-0.645,0.72,-0.342,-0.513,0.938,-0.54,-1.154,0.479,-1.088,-0.73,-2.099,0.854,0.478,1.33,-1.924,-0.861,-0.364,-0.004,1.525,-0.164,-0.339,-0.626,0.499,-0.676,-0.675,0.054,0.745,1.038,0.377,0.474,1.018,0.618,0.515,-1.429,1.031,-1.314,1.418,-0.301,1.023,-0.779,0.103,1.374,-0.363,1.016,-1.87,0.897,0.132,0.613,-1.774,-1.084,-0.5,0.068,0.426,-0.987,-0.663,-0.258,-0.111,-0.984,Freestyle,137,290,0.572
0.583,-0.726,-0.174,-1.754,0.434,0.221,0.329,-0.312,-0.303,-0.89,2.014,0.857,-0.131,0.837,-0.32,1.044,0.589,0.679,0.981,0.176,0.072,0.019,0.838,0.953,-0.796,0.279,-1.536,-0.971,0.657,0.113,0.443,1.084,-0.602,-0.819,0.038,-0.069,-0.761,-0.526,0.571,-0.266,-2.124,1.147,-2.04,-0.123,-0.549,0.209,1.723,0.906,-0.185,0.91,-0.988,-0.906,0.138,1.072,0.454,0.849,0.182,1.091,0.879,0.236,Backstroke,884,361,0.573
-0.276,-0.916,-1.048,-0.063,-0.635,-0.372,0.064,-0.681,0.308,0.837,0.471,-2.178,-1.823,-0.518,-1.255,0.525,-0.343,-0.955,-0.205,1.403,-0.998,-1.871,2.29,-0.28,-1.013,-0.84,-1.126,0.619,-0.134,0.093,-2.297,-0.767,-0.343,-0.079,-1.267,1.582,-0.547,-0.067,-0.501,-0.909,0.475,-0.688,-2.677,0.696,2.015,-0.187,0.113,0.117,-0.983,-0.353,0.285,-0.415,0.755,1.666,1.041,1.1,0.138,1.082,0.289,1.094,Freestyle,655,216,0.472
-0.642,-0.542,0.397,0.669,-1.11,-0.163,-0.148,0.444,0.656,-0.003,0.384,0.259,0.575,-0.511,0.641,-0.932,-1.558,-2.462,-0.588,-0.661,-1.031,0.013,0.631,0.329,-0.478,-2.347,1.126,-2.138,0.465,-0.419,-0.184,0.43,1.048,0.401,-0.244,0.147,1.35,-1.261,-1.243,-2.162,-0.291,-0.068,-0.519,0.049,1.412,0.65,0.361,0.336,-0.247,-0.802,-1.437,-1.116,0.724,0.163,-2.247,-0.478,-1.909,-1.762,-0.164,0.601,Butterfly,1103,156,0.153
-0.426,1.824,0.352,0.473,0.022,-0.055,-0.584,-0.064,-1.932,0.989,0.352,-0.541,-1.778,-0.268,1.52,-1.469,-0.798,-0.234,-0.035,0.681,0.119,0.973,-0.306,-1.214,-1.042,-0.4,-2.363,-0.132,-1.581,1.811,-0.039,0.61,0.544,0.841,-0.699,-0.034,-0.148,-0.415,-1.391,1.5,-0.164,0.044,0.452,-0.032,-0.682,-0.367,-0.379,0.458,-0.072,0.753,1.66,-0.439,0.817,-0.536,1.187,-1.346,0.946,-0.643,0.215,-1.624,Backstroke,1616,530,0.508
-0.038,-1.448,-0.914,0.469,0.5,-0.91,0.466,0.02,0.095,-0.857,-0.893,-0.331,-1.16,-1.653,-0.846,-0.104,-0.937,0.054,-1.123,0.035,0.221,-1.112,-1.622,-0.213,0.333,-0.356,-1.193,1.077,1.155,1.833,-0.969,-0.043,0.67,1.097,-1.144,-0.23,-0.188,-0.362,-1.661,-0.094,-1.846,-0.952,-0.36,-0.515,-0.41,0.367,1.805,-1.467,0.521,-0.633,1.726,0.839,1.484,-1.057,0.806,0.093,-0.269,-0.261,1.349,0.449,Freestyle,1044,973,0.33
-0.052,1.613,-0.589,1.231,0.962,-0.426,0.666,-0.168,0.458,1.275,0.238,-0.733,0.45,-0.421,-1.308,-1.027,-0.616,-0.398,-1.075,-1.124,0.061,-0.739,0.442,0.643,-0.166,-2.215,-1.705,0.025,-1.784,0.103,0.122,-0.656,-1.218,-1.062,-3.089,0.954,0.493,-1.417,0.336,0.046,-0.7,1.393,0.005,-1.684,0.35,-0.25,0.508,-0.994,0.667,-0.417,-0.566,-0.091,0.815,-0.139,1.221,-0.221,-1.712,-0.177,1.295,0.718,Freestyle,1513,585,0.206
-1.165,-0.106,-1.433,0.651,-0.131,-0.001,-0.542,-0.158,-1.259,-1.07,-1.944,0.278,-0.988,-0.694,-0.862,0.26,-0.411,-0.828,-1.246,-0.325,-1.377,-0.569,0.322,0.256,0.061,0.616,0.085,0.861,-1.054,0.086,-0.846,2.498,-2.328,0.675,0.039,1.412,0.566,-0.041,-0.625,0.197,-1.373,-0.73,-0.14,0.572,0.675,-0.027,0.543,-0.216,-0.179,0.471,1.274,0.056,1.243,0.187,-0.925,0.964,-0.717,1.449,1.349,0.899,Freestyle,1886,220,0.545
0.788,0.237,-0.083,0.029,0.726,0.061,0.61,-0.04,-0.835,-0.811,0.576,1.755,-0.056,-0.544,-0.625,-0.284,0.135,0.634,0.812,0.396,0.384,0.093,0.347,-2.213,-0.465,-1.067,-0.782,-0.068,-1.553,-2.161,-0.955,-0.703,-0.491,-0.89,0.109,0.366,0.486,0.572,0.161,-0.852,0.974,0.595,1.76,-0.412,-0.759,0.174,-0.381,1.167,-0.677,-0.264,-0.542,-0.023,-1.036,0.715,-0.446,-0.09,1.088,-0.188,-0.253,0.418,Freestyle,1825,1021,0.142
-1.928,1.75,-0.94,-0.391,1.028,-1.492,0.876,0.173,0.327,-0.228,0.889,1.834,-0.942,-0.509,-0.118,2.005,0.285,0.129,-1.706,-0.77,-0.111,-0.699,2.444,0.797,-0.345,-0.837,-0.558,-0.386,-0.647,1.35,-0.866,-0.46,1.227,-1.029,-0.911,-0.252,0.977,0.392,1.05,-0.645,-1.011,0.55,-0.205,2.906,1.336,0.626,-0.733,0.256,0.354,1.473,-1.38,0.593,-1.089,-1.316,-0.06,1.287,0.055,0.551,0.315,-1.013,Front Crawl,1576,326,0.618
1.54,-0.435,-1.891,-0.548,-1.638,-0.567,-0.19,-0.204,-1.523,0.902,-0.04,1.285,-0.894,0.305,-0.816,-0.696,2.318,0.784,0.156,0.328,-0.137,0.75,-0.462,0.694,-0.434,-0.403,0.881,-0.259,0.294,0.032,-0.356,-0.703,-0.458,-0.827,1.775,0.677,-0.723,0.288,-1.266,0.631,-0.592,0.884,-0.813,-1.558,0.831,0.843,0.592,0.807,-0.633,0.142,-0.679,0.493,2.116,1.702,0.554,-2.138,1.254,1.479,0.953,0.654,Backstroke,694,238,0.434
1.334,0.777,-1.089,2.054,-0.752,-0.49,0.357,3.21,0.832,-0.799,-0.122,0.986,0.572,-1.31,-0.133,-0.735,1.346,0.693,-0.671,-0.05,0.564,-0.001,0.18,-0.823,-1.499,0.659,0.483,-0.008,-1.162,-0.736,0.718,-1.066,0.181,0.543,-0.639,-1.659,-0.217,1.438,-0.755,0.806,0.612,-0.058,0.134,1.944,0.88,0.184,0.942,0.879,-0.843,0.593,-2.083,1.435,1.315,0.907,0.072,1.927,-0.499,-0.322,0.424,1.041,Butterfly,134,289,0.425
1.199,1.542,-0.011,-0.711,0.321,-1.486,-1.289,0.222,1.22,0.751,1.052,0.97,-0.147,0.461,0.657,-0.336,1.292,-0.072,-0.547,-0.188,0.601,0.453,1.068,0.822,0.18,0.546,-0.811,-1.125,-1.094,0.152,0.56,-1.147,1.316,0.676,0.46,0.318,0.728,0.493,-0.228,0.265,0.338,2.032,1.353,-1.802,0.082,-0.036,-0.56,0.359,-1.704,-0.788,0.971,-1.356,-1.036,-0.607,0.591,-0.849,-0.001,-1.422,-2.055,1.092,Butterfly,1258,637,0.671
1.44,1.388,-0.616,-0.184,-0.598,-0.452,-0.492,-1.655,0.331,0.828,0.039,0.957,0.8,-1.058,-0.174,0.203,0.337,0.31,-0.361,0.512,0.96,-2.367,0.778,-1.627,-0.039,0.888,-1.618,0.546,0.759,0.576,-0.824,-0.633,-0.63,-1.317,0.732,1.992,1.088,0.376,-0.468,0.532,2.234,-0.703,0.608,1.627,0.067,0.128,-0.17,1.139,-2.294,0.977,-0.823,-0.202,-0.437,-0.783,0.07,-0.957,0.349,0.216,-1.343,0.125,Freestyle,253,389,0.409
-1.307,-0.497,0.627,1.785,0.371,-0.114,2.048,-0.064,0.78,1.691,-1.225,-1.123,-0.585,1.549,-0.234,-1.149,-0.476,0.418,0.967,-0.683,-0.14,2.419,0.091,0.638,-1.071,-0.737,-1.527,-0.099,-0.075,0.414,0.322,-1.371,-1.181,-0.088,-0.704,-0.051,0.375,0.208,-0.317,0.151,-0.678,1.45,0.318,0.534,-0.195,-0.605,0.276,0.485,0.676,1.879,1.216,1.357,-2.254,0.046,-0.98,-0.274,0.61,0.996,1.387,-0.152,Freestyle,270,1035,0.666
-1.732,-0.174,-1.536,-0.285,-0.006,-0.903,-0.332,-1.105,-1.399,0.989,-0.06,-1.728,1.17,-0.436,-0.058,-0.731,0.96,0.322,-0.933,1.068,1.018,1.178,0.055,1.0,-0.692,0.016,0.772,-0.136,1.54,-0.513,-1.174,-1.042,-1.156,1.357,0.902,0.189,0.807,1.257,0.967,1.293,0.832,-0.291,0.231,-0.643,-1.405,-2.766,0.142,-0.924,-0.403,-0.017,-0.693,0.287,-0.458,-0.928,-0.022,0.382,-0.823,-0.702,-0.561,-1.023,Breaststroke,1430,714,0.649
1.391,-0.458,2.078,0.008,-0.763,-0.645,-0.696,-0.575,-0.027,1.658,0.05,0.991,-1.179,0.516,-0.115,0.997,-0.217,-0.543,2.354,0.793,-0.082,-0.333,-0.984,-0.102,-2.222,-0.133,0.469,-0.932,0.229,0.741,-0.501,0.375,-0.324,-0.678,0.869,1.904,2.814,-0.598,-1.362,0.268,2.941,0.016,0.679,-0.567,0.839,1.676,1.462,0.426,0.086,-0.752,0.307,-0.603,0.791,1.611,-1.034,1.112,-0.814,-0.432,0.492,0.462,Backstroke,1839,1073,0.392
0.846,-0.676,-0.576,-0.661,-1.83,0.589,0.197,2.528,-0.508,0.203,1.657,0.105,0.18,0.02,-0.332,1.911,0.31,1.903,0.156,-1.729,-1.693,1.083,-2.287,-1.062,-0.316,0.146,0.217,-2.043,-0.03,0.905,0.354,0.18,-0.471,0.202,1.566,0.544,-0.847,0.456,0.538,0.132,1.208,-1.221,-1.778,0.224,-0.804,0.066,-0.507,-0.664,1.092,-1.79,-1.431,-0.867,-0.37,-0.556,-0.703,-0.379,-0.776,-0.937,0.266,-0.473,Freestyle,1567,719,0.989
-1.19,-1.243,-0.771,0.848,0.443,1.582,0.948,1.353,0.396,-0.739,0.621,0.12,-0.028,1.027,0.593,1.7,-0.005,0.254,0.22,-1.229,0.631,-0.853,0.192,-0.698,0.25,0.81,-0.199,-0.061,1.093,-0.653,-0.319,0.799,0.583,0.965,-0.617,0.023,-0.456,0.218,-1.847,0.573,0.14,1.192,-0.585,0.213,0.034,0.752,-0.827,1.064,2.88,0.135,0.005,-0.645,1.388,-2.624,0.793,-1.278,-0.92,1.513,-1.504,0.865,Butterfly,1679,947,0.452
-1.521,-0.299,2.084,1.063,-0.507,-0.232,0.934,-1.164,0.549,-1.05,1.549,2.045,0.058,-3.47,-1.198,-0.129,-0.923,-0.971,-1.161,0.261,-0.792,-0.843,-1.156,-1.725,0.709,0.908,0.228,-1.227,-1.038,-1.046,-0.756,1.924,-1.22,-0.135,-0.102,-0.394,1.418,-0.638,0.168,-1.372,0.895,-1.655,-0.049,-0.023,-1.502,-1.348,-0.414,-0.832,0.419,-1.326,0.398,0.942,0.662,0.64,-0.012,1.105,-0.735,1.821,1.3,-1.194,Freestyle,1269,989,0.58
0.823,0.265,0.166,0.332,0.176,-0.931,-1.894,0.919,0.197,-1.082,0.009,-2.508,-0.173,-1.249,0.052,-0.205,1.453,0.761,0.428,0.228,0.168,0.217,-0.596,0.366,2.108,0.789,1.09,-0.476,1.375,-0.791,0.506,0.147,-1.807,-0.017,-0.723,1.186,-0.138,1.436,0.644,-0.168,0.373,1.077,-0.888,-0.062,-0.751,0.451,-1.603,-1.118,1.239,1.472,0.448,-0.628,-0.5,-0.409,0.546,0.047,-1.468,0.831,-1.106,-1.159,Breaststroke,818,483,0.629
0.921,0.042,0.231,1.728,-2.267,-0.298,0.465,-0.576,0.865,0.138,0.002,0.886,-0.576,0.424,-2.128,-0.838,-0.151,-1.21,-0.595,-1.581,1.443,1.376,-0.097,0.735,-1.211,0.335,1.378,-1.139,1.48,0.058,1.978,-1.304,-0.829,1.177,0.526,-0.087,2.129,-0.907,0.436,0.404,-0.006,-0.844,-0.099,0.902,1.396,0.899,0.01,-1.157,-0.027,-0.134,-0.418,0.089,-0.023,0.078,-1.237,1.231,-0.007,0.924,-1.456,0.344,Freestyle,312,105,0.181
-0.67,-0.169,-1.268,0.313,-2.143,-0.655,1.661,0.216,1.404,-0.312,-1.601,-1.601,1.326,-0.42,-0.07,-0.678,-0.389,0.527,0.302,2.783,1.744,0.534,-0.332,0.014,-0.853,1.461,-0.655,0.211,-0.937,0.445,-1.668,-0.655,-1.213,0.178,-1.445,-0.25,-0.19,1.908,0.066,-0.951,-0.044,0.056,1.16,0.895,0.716,2.063,0.122,0.571,-1.069,0.643,1.432,1.125,0.543,-0.761,0.014,0.7,-1.532,-0.693,-1.169,-0.966,Butterfly,1576,141,0.955
0.742,0.345,0.02,1.239,-0.602,0.272,-0.309,-1.459,1.948,0.292,-1.087,0.907,2.215,-0.049,-0.321,-0.027,-0.729,0.555,-0.995,1.136,-0.397,0.15,1.584,0.175,-1.919,-0.531,-0.019,2.071,1.809,0.787,0.271,-0.12,0.968,1.647,-0.331,0.162,-0.437,0.121,0.802,-0.944,0.107,-1.364,-0.215,0.515,-1.967,-0.022,-0.453,1.531,-0.13,-0.408,0.446,-1.196,0.099,0.005,-1.026,0.512,-1.076,0.875,-2.225,0.095,Butterfly,1719,895,0.349
-0.039,0.334,-0.471,-1.088,1.014,0.534,-0.905,0.308,0.017,0.314,-0.779,-1.014,0.438,2.062,0.905,-1.197,-0.928,1.188,0.02,0.037,-0.453,-0.581,-0.529,0.153,-0.05,2.941,0.026,0.134,-0.136,0.207,-0.512,0.064,-0.203,-0.919,1.279,1.336,-0.898,-1.574,0.48,-1.541,0.702,0.6,1.431,-2.84,0.315,-0.717,-0.173,0.707,2.075,-0.227,-1.783,-0.528,-0.501,-1.122,-1.741,0.385,0.014,0.597,-1.187,-1.588,Breaststroke,443,533,0.723
0.461,-1.072,0.848,1.041,0.196,0.409,0.157,-1.278,1.2,-0.91,1.029,0.552,-0.03,0.343,0.525,-0.048,0.166,0.051,-0.624,0.141,0.243,-0.296,-0.725,-0.681,1.1,-0.955,-2.403,-0.09,0.18,0.021,-0.236,0.705,-2.231,0.148,-1.147,-0.801,-0.107,0.289,1.404,0.905,1.233,0.367,-1.81,0.028,0.064,-0.663,0.935,0.11,2.449,0.079,0.303,-1.046,0.085,-1.899,0.684,-0.604,0.876,-0.057,-0.808,1.181,Breaststroke,1118,818,0.326
-2.081,-0.507,-0.087,1.74,-2.511,-0.089,-0.531,0.277,1.178,0.578,-0.217,0.784,1.546,0.022,-0.52,0.034,0.306,-1.119,-0.077,0.424,-1.588,0.23,-1.02,-0.253,0.175,0.326,0.525,-0.126,-0.891,-0.011,1.975,-0.326,-0.298,0.198,-1.89,2.274,-0.729,-1.177,-0.262,0.19,-0.257,2.26,0.798,1.485,-0.143,0.788,-0.561,0.464,-0.367,-0.108,-1.286,1.203,-0.582,-0.379,0.084,1.176,-1.219,-0.433,0.358,0.905,Backstroke,1380,874,0.812
-0.698,0.589,-1.127,1.695,-0.47,-1.08,-0.167,0.651,-0.539,-0.905,0.397,0.421,-2.524,-0.259,0.113,0.421,-0.849,-0.44,-1.301,1.063,-0.842,-1.459,1.364,1.502,0.011,-0.573,-0.043,-0.371,0.789,-0.315,0.966,-0.374,1.089,-0.516,-0.565,1.447,0.704,-1.344,0.579,0.439,-0.256,-0.193,0.147,-1.096,0.471,0.024,-0.63,-0.394,1.375,0.141,0.319,0.099,0.774,-0.877,0.853,-0.933,-0.269,-0.59,0.405,-1.06,Butterfly,202,568,0.631
-1.475,-1.355,-0.499,1.169,0.611,0.238,0.273,0.443,2.398,1.03,1.831,1.043,-0.716,1.072,0.915,-0.4,1.969,0.515,0.028,0.546,0.455,-0.462,-0.536,-0.509,-0.045,0.833,0.253,-1.206,-0.294,-2.757,0.419,-0.267,0.624,-0.241,-1.565,0.032,0.434,-0.108,-0.046,-1.291,1.022,0.669,-0.036,-0.78,1.339,0.564,-0.787,0.205,-2.344,0.309,1.244,0.021,1.252,0.156,-0.806,1.492,-0.59,1.065,-2.357,-0.236,Breaststroke,716,701,0.377
1.269,-1.373,0.838,2.317,-1.552,1.158,-0.269,-0.423,0.107,0.202,-0.246,-0.074,-0.467,-1.071,-0.275,-0.04,0.078,0.721,1.767,2.595,-1.13,-1.556,0.039,2.111,0.753,0.023,-0.095,-0.416,-2.005,-0.863,1.32,-0.376,0.938,0.502,-0.224,-0.488,-0.66,0.392,-1.468,-0.267,1.561,-0.354,1.346,0.309,-0.01,0.524,0.533,1.631,0.042,0.535,0.098,-1.682,0.109,0.865,-0.969,1.259,0.163,-0.806,0.555,0.348,Front Crawl,709,1069,0.57
0.41,1.065,0.977,0.615,-0.513,1.394,0.022,0.565,0.816,-0.711,1.531,1.891,0.899,-0.456,0.128,-0.203,0.582,-1.03,-0.689,-1.053,1.455,-0.089,2.456,-0.179,0.771,-1.269,0.171,-0.239,-1.134,-1.159,0.153,-0.09,-0.395,0.873,0.667,2.668,0.451,-0.746,0.521,-0.671,-0.552,-0.484,-1.432,-0.206,0.381,-2.118,0.822,0.005,1.278,-1.006,0.492,-0.88,-0.4,0.293,-0.154,-1.47,-0.334,-0.581,0.473,-1.725,Front Crawl,1525,669,0.092
-1.231,-1.367,0.407,-0.316,-0.187,0.763,-0.182,-0.325,-0.855,1.415,-0.189,-0.829,0.568,-1.171,1.396,0.205,1.431,-1.355,-1.015,1.049,-1.384,0.027,-0.263,1.944,0.462,-0.959,0.52,0.156,-0.137,-0.889,1.917,-0.639,0.053,0.347,1.251,-0.83,-1.136,-1.966,0.921,-1.505,-0.973,0.236,0.687,-0.982,-0.207,0.977,0.946,-1.445,-0.462,0.48,-0.987,0.995,-1.249,1.206,-0.097,-1.785,1.484,2.125,-0.464,-0.063,Butterfly,1458,208,0.637
0.808,1.904,0.089,-0.723,-1.369,0.599,0.001,0.107,-1.021,-0.04,-0.249,-0.073,-0.117,-0.858,-0.367,-1.134,-0.064,1.798,-1.061,-0.129,0.305,0.1,-0.901,0.342,-1.854,-1.001,-0.484,0.717,0.314,0.947,-0.413,0.051,0.502,-0.585,-0.945,0.076,0.975,1.648,0.623,-0.668,-1.306,-0.983,0.523,0.084,-0.341,-1.075,-0.134,-0.151,-0.084,-0.339,-1.228,1.665,0.008,0.119,-1.623,-0.651,0.603,0.614,-0.354,-0.881,Breaststroke,1757,731,0.425
1.229,0.221,1.425,-0.565,-1.072,0.376,1.471,-0.54,-1.416,0.256,-0.432,-0.024,-1.521,2.059,-0.063,0.4,1.168,0.311,-1.263,-0.908,-0.759,0.417,1.038,-0.576,-3.146,0.49,-1.323,0.217,2.86,0.227,0.196,-0.981,1.158,-1.813,0.584,2.136,0.057,1.702,-0.49,-0.062,-0.227,0.598,-1.042,0.398,0.916,0.067,-0.244,1.515,-1.277,0.415,-0.42,1.252,1.091,-1.408,0.409,-1.146,1.531,-0.38,-0.204,-1.131,Breaststroke,1845,127,0.525
0.898,-0.314,-0.972,-0.9,0.559,1.569,0.597,0.829,0.409,-1.052,0.471,2.155,-1.47,0.273,-0.33,0.332,-1.516,-1.453,-0.018,-0.683,-1.705,1.989,0.478,0.487,-0.097,0.199,-2.424,-1.019,-0.742,-1.157,0.757,-0.861,-2.194,1.505,0.289,0.761,-0.141,-0.491,-0.625,-0.044,1.417,-0.113,-0.377,0.839,0.588,-0.707,1.058,-0.104,-0.187,-0.21,-1.169,-0.589,-0.334,-1.173,-0.085,0.729,-2.378,0.053,-0.588,0.385,Front Crawl,1785,1079,0.326
-0.163,-0.23,-2.109,0.786,0.665,-0.066,-0.314,1.009,0.605,1.167,-0.026,1.32,1.851,0.441,0.393,-0.73,2.714,-0.572,0.82,-0.396,0.003,-0.994,-0.441,0.12,0.232,-0.27,1.517,1.058,-0.159,-0.967,-0.031,1.51,-0.753,0.578,0.09,1.036,0.416,1.14,-0.294,-0.295,-1.001,1.026,0.197,0.366,-0.219,1.486,0.33,1.074,-2.044,-0.46,-0.469,1.133,-0.846,0.63,-0.274,0.069,2.102,-2.06,1.447,-0.111,Butterfly,1614,128,0.491
-0.472,2.163,-0.469,-1.507,0.566,0.145,-0.582,0.753,-1.062,-0.291,-1.144,1.395,1.254,-0.505,0.087,1.118,-1.482,0.577,0.692,-0.857,2.612,-0.229,0.218,-0.023,-1.268,-0.13,-1.106,0.281,-1.216,-1.297,-0.202,-0.218,0.148,-1.112,-2.795,-0.65,-1.476,0.223,0.426,0.458,0.543,1.982,-2.283,1.996,-0.227,0.022,0.897,0.695,-0.012,0.435,-0.096,-0.019,0.343,-2.26,-0.292,0.144,0.367,0.186,1.438,0.039,Butterfly,1826,409,0.868
-0.106,-0.083,0.426,-0.964,-2.07,-1.168,-0.779,-1.018,0.02,0.336,1.159,-0.334,-1.29,-1.763,-1.693,-0.952,-0.116,0.792,1.66,-0.758,-1.209,-1.19,-2.335,-0.596,0.418,-0.841,0.006,0.039,-0.396,0.424,0.008,0.064,-1.416,-0.003,1.021,1.022,-0.846,-1.454,0.375,0.378,-0.515,-1.524,-0.455,0.441,0.239,-1.504,-0.796,-1.1,0.949,-1.329,-1.223,0.701,-0.808,-1.305,-0.454,2.006,2.028,-0.725,1.169,0.723,Breaststroke,138,430,0.511
-1.293,0.452,-1.161,1.52,1.14,0.121,-1.335,-1.27,-1.23,-0.596,-0.982,0.283,-0.858,0.644,0.452,-0.087,0.259,0.385,-0.38,0.049,2.064,-0.96,-0.222,3.118,-1.181,0.052,0.059,-0.931,-0.9,0.315,-0.884,0.401,0.236,-0.563,1.229,0.977,0.321,0.766,-0.217,0.77,0.453,0.005,0.718,1.744,-0.321,0.949,0.042,0.832,1.172,1.541,0.904,-0.761,0.959,-1.099,0.219,0.783,1.341,-1.308,-0.313,0.24,Butterfly,1903,903,0.525
-0.732,-0.504,1.825,-1.137,-0.0,0.894,0.432,-1.334,-0.51,1.089,1.503,0.884,-0.564,-0.44,-1.496,-0.143,-0.018,-0.471,-0.446,-0.399,0.638,1.163,0.748,-1.809,-0.457,0.582,-1.098,0.651,0.635,-0.338,0.15,-1.375,-0.322,2.108,0.238,1.481,0.957,-0.292,0.419,1.499,-0.045,0.087,-2.72,0.402,-1.756,-1.468,1.621,1.416,-0.38,-0.388,-1.744,-1.277,0.93,0.223,-0.323,-1.77,1.332,-0.183,-0.665,-0.606,Butterfly,836,342,0.709
0.219,-1.878,0.43,-0.63,0.1,1.363,-0.214,-2.443,-0.286,1.572,0.519,-0.151,0.188,0.8,0.926,3.079,0.618,0.889,-1.833,0.975,-1.901,0.738,0.826,-1.863,1.562,-0.514,-0.513,-0.073,1.66,-0.144,-0.147,1.85,0.051,0.733,-0.289,-0.975,-3.014,0.319,-0.192,-0.368,-2.298,-1.2,-0.769,1.103,1.223,-0.358,1.363,-0.309,-0.414,-0.738,1.091,0.958,-1.14,-1.729,0.442,-1.355,0.292,0.022,0.306,-0.623,Freestyle,1311,424,0.845
-1.03,-0.373,0.268,0.038,-0.544,-1.684,1.893,1.295,-0.057,0.117,-1.185,-0.884,-1.001,0.865,-0.214,1.298,0.547,-0.67,0.856,-0.477,-1.324,0.742,0.403,1.051,-0.314,-0.878,0.656,1.423,-2.136,-1.129,2.168,-0.583,-0.326,0.676,-1.055,1.445,-1.897,1.135,0.127,0.92,-0.293,0.219,0.796,-1.356,2.154,0.914,-0.009,-0.364,-0.845,-0.766,1.853,-1.21,0.424,0.049,0.497,-0.768,0.763,-0.274,0.771,-0.434,Front Crawl,1050,480,0.4
0.111,1.212,-0.454,3.498,0.197,0.15,-0.206,-1.569,-1.924,1.081,-0.28,0.806,-0.486,0.165,-0.704,-1.919,0.691,-1.027,-0.487,-1.555,-1.221,0.84,0.049,-0.536,0.293,0.477,-0.315,1.751,-0.701,-2.18,0.977,-1.978,-0.78,0.392,1.276,-0.577,-0.324,0.687,-0.224,0.345,-0.639,0.154,-0.238,0.026,-0.269,-2.492,-1.281,-3.072,-0.553,0.874,0.041,-0.449,-0.986,0.52,-0.671,-1.595,0.998,0.243,1.15,-1.439,Freestyle,1325,838,0.969
-0.406,-0.878,-0.419,0.073,0.853,-0.52,-0.455,0.254,-0.112,-0.468,-0.969,0.771,0.554,0.436,0.246,-0.298,0.715,1.038,1.269,-0.296,-1.557,-0.128,-0.056,0.9,-1.361,-0.525,0.696,1.033,0.507,0.762,0.292,-0.048,0.961,0.415,2.979,0.074,-0.233,0.527,1.751,1.419,0.432,1.84,-0.376,-0.359,-0.36,-0.575,1.081,-0.041,-0.144,1.569,0.667,0.125,-0.111,-0.422,0.874,-1.324,-0.502,-0.628,-1.444,0.572,Breaststroke,603,726,0.397
-0.277,1.182,-1.351,-1.171,1.683,-0.063,0.216,-0.82,-1.142,-0.6,-0.074,0.056,-0.101,0.054,-0.982,-0.399,0.821,0.729,-1.576,-0.158,-0.501,-0.749,-0.857,-1.522,-1.399,2.357,-2.21,0.274,-1.005,0.562,-0.392,0.888,1.223,-1.191,-1.683,-0.104,0.089,-0.484,-0.56,0.087,-0.564,-0.24,1.713,-0.205,-0.057,1.095,0.923,-1.482,1.36,1.858,-2.796,0.263,0.848,-0.621,0.154,-0.153,-1.978,-0.184,-1.838,-0.336,Freestyle,889,567,0.177
-0.929,-0.543,-0.058,1.603,-0.534,-0.546,0.211,1.088,0.367,-1.041,-0.546,0.229,-0.319,0.458,-0.398,-0.484,-1.43,0.294,0.267,-0.025,2.57,-1.07,-1.595,0.412,1.137,0.066,0.395,-0.41,-0.381,0.129,0.359,-1.37,0.274,-0.263,1.627,-2.028,-0.442,0.052,-0.739,0.159,-0.993,-0.261,0.078,0.79,1.129,0.282,0.934,0.718,1.073,-1.367,-1.272,-0.344,-1.204,0.611,-1.256,-0.139,-0.357,-0.953,1.084,0.724,Freestyle,704,400,0.407
-0.925,0.275,-1.095,-0.751,1.729,0.948,-0.736,-0.897,-0.205,-0.27,-0.941,-0.831,-0.198,-0.532,0.722,-1.518,-0.355,-1.503,-0.725,-0.263,-0.391,1.12,0.649,-1.27,-0.008,-0.516,0.028,1.296,-0.065,0.59,0.953,1.268,-1.11,-1.262,0.489,0.61,-0.285,-1.342,-0.938,-0.025,-0.856,-0.691,-1.558,0.105,-0.872,-1.87,1.293,-0.788,1.564,-1.087,-0.53,-0.068,1.193,-0.441,0.911,0.213,-0.464,-0.959,0.067,1.866,Front Crawl,1290,949,0.433
0.192,0.311,-0.171,1.063,0.557,0.837,1.309,-0.338,-0.498,-1.499,-0.855,0.277,1.143,0.383,-2.091,-1.565,-0.834,-0.821,0.651,-0.716,0.379,-1.345,-1.683,1.117,0.451,-0.296,0.298,-0.163,1.234,-0.739,-0.963,0.112,-0.218,-1.587,1.298,-0.296,-1.138,1.361,0.925,-0.29,-0.434,-1.188,1.185,1.386,0.292,-0.599,-0.845,-0.481,0.583,-0.16,0.389,-1.061,-1.522,-1.186,0.374,-0.732,-1.612,-0.165,-2.428,1.501,Breaststroke,112,329,0.493
-1.889,-0.712,-1.926,0.293,0.256,-0.191,0.385,-1.052,0.919,-1.408,-1.227,-0.707,0.798,1.216,0.521,-0.75,1.381,-0.677,1.135,1.676,-0.101,1.367,1.227,0.703,-0.256,-0.54,1.239,0.591,0.471,0.333,0.082,-0.215,-1.001,1.373,0.994,0.177,0.479,1.07,0.406,-0.315,0.888,0.647,1.852,0.109,0.098,-1.513,0.457,0.145,-0.918,-1.195,-0.101,1.996,-1.218,1.379,0.012,-1.072,-2.486,-1.192,0.806,-0.025,Front Crawl,1668,845,0.443
1.591,-0.271,0.666,-2.301,1.062,-0.076,1.832,0.006,-0.83,-0.074,2.059,0.369,0.151,0.43,0.61,0.561,0.084,-0.895,-0.908,-0.54,-0.378,-0.04,-0.317,-0.657,0.261,-0.274,-0.811,-1.711,-2.03,0.867,0.299,-0.593,0.004,-1.068,0.987,-1.734,0.334,-0.37,-1.858,1.536,-0.539,-0.101,-2.025,2.149,0.662,1.783,-0.998,1.253,-1.203,-1.267,-1.239,-1.225,-0.701,-1.213,0.635,0.184,0.329,0.39,0.114,0.631,Backstroke,837,611,0.0
-1.827,-0.666,-0.087,-0.537,-0.407,-1.267,-0.148,-0.204,0.513,-1.247,-0.792,-0.665,0.622,-0.522,0.521,0.796,0.316,-0.202,-0.245,0.474,-1.003,0.007,0.011,-2.135,-2.576,-0.394,0.678,2.534,-1.199,0.495,-1.004,-0.032,0.543,-1.327,-0.55,-1.029,0.376,-1.89,1.61,-0.514,-0.552,0.141,-1.204,0.66,0.601,0.666,1.022,0.7,-0.021,0.744,1.28,0.455,0.071,-0.785,-0.298,-0.554,-0.026,-0.857,-0.605,-0.625,Freestyle,1530,527,0.316
0.976,0.533,0.438,1.178,0.566,2.062,-0.336,-0.111,-1.111,2.303,0.493,1.753,-0.042,-1.858,-1.127,-0.393,-1.111,0.634,0.043,1.247,-0.401,1.409,-0.266,0.0,-2.41,-0.825,1.197,-0.734,1.398,1.363,-0.695,0.153,0.913,-1.865,0.012,0.766,1.598,-0.927,-0.657,-1.175,-2.17,-1.614,-1.039,-0.88,-0.224,-1.273,-1.374,-0.773,-0.178,-0.514,-0.603,0.03,-0.499,-2.41,0.178,-0.4,1.979,-1.661,-2.147,0.269,Breaststroke,1911,769,0.555
-1.167,-0.834,-1.095,0.203,0.886,-0.967,0.568,-1.6,0.487,-1.313,-0.123,1.121,-0.696,-0.633,1.295,-0.361,0.792,-1.63,-0.547,0.314,0.716,-0.355,0.112,0.168,-0.646,-0.893,-0.189,0.404,-0.015,-0.688,-1.386,2.312,-0.064,1.038,0.397,2.168,0.407,1.51,-1.022,0.342,-1.15,1.292,0.255,-0.366,-3.041,-0.249,-0.189,0.422,1.355,-0.54,-1.562,-1.214,-1.191,0.654,-1.885,1.741,1.462,1.73,0.24,1.453,Freestyle,102,173,0.517
-0.78,0.926,0.288,0.883,-1.13,-0.559,-0.034,0.29,0.964,0.854,-0.857,0.602,0.273,0.405,-0.655,-0.761,0.686,-0.724,0.401,1.317,1.474,-0.851,-0.547,0.678,-0.362,-0.672,-0.631,-1.455,-0.556,0.191,1.464,0.753,-0.194,-0.401,-1.532,0.028,0.277,0.114,-0.672,1.19,-0.749,1.934,1.692,0.618,-0.161,-1.793,-0.647,0.745,-0.809,-0.673,0.147,-0.36,-0.8,1.487,-2.32,-0.882,-0.158,-1.805,0.033,0.257,Front Crawl,249,468,0.533
0.761,0.03,-0.972,0.991,0.674,-0.089,-0.03,-0.67,-0.032,0.454,-0.634,-0.736,-1.097,-0.587,-1.51,0.178,0.251,-0.439,-0.146,-0.864,-0.757,-0.766,-0.592,0.616,-1.179,0.624,-1.292,-0.603,0.567,-0.749,0.55,-1.867,1.371,-0.375,0.188,0.358,-0.697,-0.609,0.166,-0.892,0.248,-0.852,0.859,-0.086,0.727,-0.003,-0.501,0.27,-0.565,1.442,1.029,2.344,-1.028,0.43,0.301,-1.652,0.826,-1.746,-0.089,-0.882,Freestyle,1892,659,0.44
-1.263,0.239,1.601,0.718,-0.458,-0.0,0.156,-0.39,-0.279,1.131,0.039,0.744,-1.215,-0.217,-0.392,-0.377,-0.559,-0.82,0.612,-1.456,0.118,-0.09,1.762,-0.449,0.067,-1.418,0.313,-0.972,-1.466,-0.756,-2.817,0.768,0.646,-2.042,1.63,-1.674,-1.248,-2.177,1.425,-1.042,-0.94,-0.496,-1.272,-1.071,-0.66,0.796,0.153,0.545,0.31,-1.275,-0.804,2.174,1.098,-0.031,0.318,1.206,-0.575,-0.043,-0.64,-0.647,Breaststroke,240,504,0.358
0.07,-0.442,1.493,0.245,0.785,-0.217,-0.808,-0.469,-1.221,-0.785,0.374,0.86,0.979,0.661,0.821,-1.207,-1.427,0.389,-1.506,0.025,0.852,-1.394,-1.386,2.5,-0.858,1.004,-0.82,-0.772,0.781,-0.734,1.475,-0.029,-1.353,-1.348,-3.627,1.281,0.404,0.413,-0.012,0.798,0.169,0.575,0.128,1.493,0.243,-0.071,-0.982,-0.654,-1.508,0.017,0.398,-0.836,-1.636,-0.064,0.694,1.196,0.036,-1.378,-1.028,-1.576,Freestyle,1392,297,0.511
-0.807,1.552,-1.161,1.835,1.558,0.34,-0.09,-1.066,0.315,-0.509,-0.115,-0.242,-0.395,1.267,-0.671,-0.233,-0.203,-0.25,0.039,0.773,-1.331,-2.096,-0.37,0.2,-1.637,-2.732,-0.442,-0.616,-1.041,1.145,-1.49,-0.902,0.482,0.445,0.463,1.215,0.237,-0.707,-1.915,1.061,2.564,-0.827,-1.289,0.331,0.255,0.982,-0.7,-0.02,0.577,0.635,0.686,0.327,-0.918,-0.341,-1.682,-0.708,-0.868,0.466,-0.287,-0.359,Butterfly,1286,875,0.121
0.355,0.82,0.325,0.494,-0.516,0.302,-0.12,0.46,-0.419,0.098,-0.034,-0.687,0.494,0.421,-0.315,-2.35,-1.541,-2.488,1.573,-0.992,0.545,0.161,-1.475,1.322,0.644,-0.973,-2.658,-2.333,-0.836,-0.703,-1.441,0.763,-1.151,0.566,-0.031,-0.385,0.552,-0.926,-0.095,-0.701,0.183,1.322,0.47,-0.377,-0.089,0.189,-1.203,0.562,0.032,0.6,0.29,0.589,-0.399,0.929,0.703,2.316,-0.942,0.907,-1.514,-0.701,Breaststroke,1178,659,0.633
0.968,0.45,-0.968,-0.091,-0.364,-0.903,0.659,-0.299,-0.215,1.072,-0.335,-0.378,0.562,-0.901,2.222,-0.003,-1.071,-1.635,0.879,-1.512,-0.05,1.672,-0.963,-2.438,-0.864,2.038,0.17,-0.113,-0.61,1.736,-0.257,1.473,-0.71,0.102,-0.66,-0.034,-0.078,0.494,0.285,-0.411,-0.289,-0.566,-0.483,-0.354,1.022,-1.304,0.646,-1.384,-0.35,0.872,1.234,1.085,1.591,-0.51,-0.031,0.363,-0.876,-0.3,-0.068,-0.36,Breaststroke,1291,246,0.617
0.006,0.586,0.499,2.348,-0.685,0.99,-0.87,-1.016,-1.251,1.647,-0.468,-0.441,0.794,0.001,0.188,0.733,1.489,-1.211,-0.147,0.247,-1.292,0.85,0.613,0.094,-0.021,0.867,2.155,0.846,-0.31,1.609,0.679,-0.376,-0.387,-1.683,0.096,-0.894,-0.3,1.356,0.45,0.368,-0.466,-1.73,-0.541,-0.345,0.555,-0.371,-0.746,0.255,1.645,-0.092,-1.554,-0.816,-1.043,0.51,0.14,-0.08,-0.279,-1.198,-1.664,1.142,Breaststroke,1717,164,0.363
-0.331,2.446,0.327,0.528,-1.338,0.419,1.025,0.891,0.168,-1.409,-0.391,-0.942,-0.7,1.082,-0.742,0.132,0.602,-0.237,0.015,0.371,-0.371,0.749,0.524,1.924,0.527,0.471,0.21,1.0,-1.525,1.343,0.474,-0.483,0.8,-0.626,1.059,1.16,-0.654,0.31,0.243,-0.836,1.181,2.019,0.302,-0.265,0.233,0.897,0.815,1.62,0.471,0.066,-1.363,-0.049,-0.881,-0.252,0.064,0.891,-0.202,-1.383,-0.058,-0.838,Front Crawl,1419,990,0.239
0.663,-0.142,-2.301,0.329,-0.767,-0.333,-1.082,-0.157,-0.208,0.881,-1.986,0.286,2.428,-0.445,0.492,0.637,-0.651,-0.032,0.28,0.053,1.266,0.602,0.147,-0.475,1.777,-0.031,-0.945,-0.469,-0.119,0.021,0.123,-0.106,-0.95,0.572,0.193,0.257,1.437,0.415,-0.275,0.805,2.021,-0.184,-1.652,0.706,-0.056,0.222,0.891,-1.278,1.507,0.827,1.547,0.436,-0.922,0.105,0.086,0.06,0.13,-0.004,-1.097,-1.019,Backstroke,745,688,0.545
-0.986,0.139,-1.349,0.205,0.695,1.651,-1.121,0.775,-0.58,0.34,-0.594,0.025,1.011,-0.97,0.467,1.346,-0.284,1.17,1.585,0.6,-0.925,-0.444,-0.152,-0.927,-2.149,-1.03,-0.148,-1.327,-0.783,1.862,-0.297,-1.392,-0.43,0.054,0.308,1.364,0.417,0.595,1.3,1.551,0.717,1.104,0.299,0.3,0.554,-1.699,0.106,-0.246,-0.273,1.3,-0.116,1.64,0.446,-0.44,-0.759,0.57,1.1,-0.047,0.341,1.452,Backstroke,1595,815,0.546
0.044,-1.15,1.534,-1.268,1.959,0.965,1.171,0.328,0.753,-2.336,-0.475,-1.735,-0.626,-0.537,-1.945,0.692,-0.716,0.303,0.85,-0.07,-0.449,-0.321,-0.212,-0.44,-0.815,0.305,0.757,-1.897,0.797,-0.139,-1.173,1.455,0.234,-0.571,1.05,-0.964,0.163,3.05,-1.15,-0.368,-0.173,-2.051,-0.566,0.214,2.28,0.684,-0.592,-0.027,0.563,0.923,-0.643,-0.636,-1.649,0.421,1.218,-0.187,-2.189,-0.036,-0.69,1.363,Front Crawl,483,708,0.66
-0.32,0.998,-2.72,0.015,-1.186,0.85,-0.104,-0.043,-0.055,-1.408,-0.249,-1.964,-1.788,1.016,-0.649,-1.639,0.923,-2.679,1.912,0.307,2.056,-1.413,0.857,-0.789,-0.548,0.123,0.774,0.519,-0.167,-0.635,0.181,0.073,1.182,0.829,1.516,-1.235,-1.103,0.114,0.043,-0.579,0.48,-0.491,-0.754,-0.413,0.279,0.915,0.026,-0.7,0.174,-0.907,0.556,0.166,-1.974,0.113,0.997,1.65,-0.312,-0.069,0.021,-0.403,Breaststroke,241,200,0.386
-0.276,-0.905,1.148,-0.265,-0.445,-0.686,-1.406,-0.054,-1.577,0.708,0.075,-1.43,-1.267,-0.279,-0.94,-1.496,1.523,-1.708,-0.35,0.411,1.316,-1.434,0.637,0.907,0.537,-2.394,-0.614,-0.164,0.872,0.379,0.233,0.649,0.087,-0.134,-1.853,-2.319,0.453,-0.939,-1.052,-1.05,-0.644,0.515,-0.457,0.898,-0.688,-1.919,1.627,-0.975,-0.035,1.543,1.446,0.215,0.815,-0.784,0.878,-0.922,-0.377,-1.863,-0.263,-1.138,Front Crawl,1741,359,0.477
-0.118,-1.395,-1.054,0.914,0.664,1.437,-0.22,-0.35,0.927,-0.715,0.37,-1.522,-0.744,0.039,-0.016,2.929,-0.074,0.297,0.986,-1.535,-0.384,1.542,2.437,1.787,-1.723,-0.39,-0.595,1.045,-0.091,1.027,-2.005,0.735,0.515,-0.141,-2.115,-0.209,-0.849,0.28,0.643,-1.444,-0.004,-0.332,-0.54,-0.556,-0.495,2.119,0.294,-0.069,1.394,0.795,0.665,-1.438,-0.238,1.154,1.032,-0.385,0.392,-1.541,0.056,1.884,Freestyle,706,728,0.413
-0.288,2.152,-0.189,-1.332,-1.849,0.287,0.461,-0.868,0.859,0.19,-0.925,0.668,-1.045,-0.774,1.59,-1.262,-0.796,-0.081,-0.98,-1.494,-0.208,0.067,-0.401,-0.313,-0.64,1.589,0.973,0.423,0.153,-0.45,-1.301,1.527,0.709,1.463,0.39,0.95,0.166,-0.27,-1.1,0.405,0.084,0.577,1.238,3.137,-1.381,-0.472,-1.887,1.644,-0.067,0.178,-0.708,-0.874,0.289,0.009,0.426,-1.037,1.101,1.161,-0.543,-1.67,Breaststroke,969,280,0.318
-0.318,0.4,0.861,-1.073,0.611,0.629,-1.335,-0.981,-0.538,-0.657,-1.191,-0.091,-1.413,0.405,0.972,-0.869,0.535,-1.521,-1.338,0.902,0.775,-1.188,0.059,-0.088,1.899,-0.496,-0.108,-1.28,1.597,-0.945,0.741,-1.508,0.339,-0.582,-1.172,-2.008,-3.007,-0.796,0.254,-0.448,-1.387,-1.386,-0.394,-0.385,0.31,-0.931,-0.271,0.746,0.782,0.907,-0.45,-0.392,1.15,-0.285,0.157,-0.386,2.02,0.275,0.794,0.094,Breaststroke,1499,441,0.258
-0.069,-2.876,-0.735,0.664,-0.929,1.256,1.127,-1.69,1.345,-0.514,0.387,1.336,-0.874,-0.683,-0.165,1.036,-0.982,-0.361,-0.208,1.288,-1.408,0.672,0.514,0.283,-2.747,-0.577,-0.796,-0.476,0.045,0.289,-0.387,-0.202,0.152,0.338,-1.568,0.337,1.265,0.69,-1.808,-0.313,-2.483,0.284,0.617,0.994,0.226,0.122,-0.159,-0.966,1.433,1.538,0.312,-1.402,1.807,-0.868,-1.22,0.829,-1.804,0.584,-0.57,-0.48,Backstroke,1735,375,0.498
-1.423,-0.543,2.389,0.127,-0.497,0.05,0.039,-0.95,-0.22,-0.365,-0.119,0.387,0.74,-0.186,0.987,0.486,-0.508,0.083,0.149,-0.875,0.992,1.791,-1.171,1.155,0.82,-0.84,1.129,-0.938,1.588,-0.698,0.953,-1.651,1.582,0.676,1.0,0.554,-0.319,-0.144,0.343,-0.987,0.443,-0.532,-1.843,-0.094,0.184,1.196,-0.064,-1.929,1.994,0.234,0.984,-0.324,1.208,1.017,-2.49,-0.479,-1.303,-1.202,0.736,0.014,Breaststroke,1549,1014,0.727
-1.21,1.506,0.684,-1.109,0.866,-0.034,0.205,-0.051,1.386,0.735,0.509,0.36,1.724,1.714,-0.49,0.335,-1.699,0.17,-0.248,0.492,0.903,0.743,-0.94,0.795,0.178,0.491,-0.711,0.505,0.024,-0.219,0.565,1.303,-0.638,-0.439,0.219,-0.368,-0.778,-0.537,0.224,0.576,1.385,0.949,-1.234,1.179,-0.528,1.169,-2.753,1.925,-0.567,-1.44,-0.403,-1.183,1.632,0.369,2.322,-0.64,0.969,-1.21,-1.393,0.655,Front Crawl,1113,855,0.796
-2.096,1.731,0.085,0.305,0.603,0.462,0.585,-0.008,-1.966,1.33,0.294,0.327,-0.283,-0.921,-0.216,-0.353,-0.798,2.212,0.766,0.62,0.173,2.038,1.079,-0.312,0.444,1.063,0.011,0.152,-0.046,1.58,-0.418,-0.097,-2.375,2.1,-0.08,0.115,0.277,0.371,-0.643,-1.034,0.713,0.481,-0.559,1.414,1.104,0.514,-0.226,0.342,0.021,-0.347,-1.462,-0.079,-0.885,-0.272,-0.413,0.907,-0.033,0.6,0.05,1.783,Butterfly,1467,1078,0.205
-1.625,-0.69,-0.013,0.631,-2.597,0.791,0.514,-0.21,-2.162,1.853,0.446,-2.368,0.623,-0.088,-0.118,0.388,-1.968,0.017,-0.005,-2.087,-1.539,-0.231,0.723,-1.552,-0.424,-0.722,-1.672,-1.987,1.808,0.884,0.869,-0.259,-0.754,-0.008,0.237,-0.102,0.182,0.065,-0.337,0.5,0.492,2.059,0.174,0.542,0.413,-1.576,1.694,0.793,-0.448,-0.783,-0.101,0.725,0.688,0.291,2.635,-0.901,0.775,0.047,0.706,-0.549,Breaststroke,1223,412,0.388
0.89,-0.464,-1.101,0.82,-0.638,-1.263,1.042,1.423,-0.502,-2.215,0.32,0.151,-1.138,-1.41,-0.488,0.903,0.842,1.599,-0.018,-0.133,-1.197,-1.039,-0.054,-0.769,0.743,-0.8,0.793,0.868,-1.033,0.135,-0.839,0.277,0.381,1.682,-1.044,0.327,-0.377,-1.309,-1.627,-0.576,-1.423,1.045,0.816,-0.544,-0.075,-0.041,1.95,-0.592,-2.228,-1.251,0.032,-0.819,1.863,1.094,-1.255,0.783,-0.983,-0.443,-0.004,-1.163,Backstroke,115,790,0.555
-0.274,0.177,2.023,-0.262,-0.055,0.018,-0.497,-0.631,0.617,0.743,0.887,-0.799,-0.814,-0.147,-2.413,0.326,-0.77,0.035,0.54,0.298,-1.612,-0.861,0.609,1.649,0.509,-1.186,0.483,0.165,1.015,2.067,0.217,0.64,0.428,0.769,-1.532,1.492,-0.11,0.192,0.602,-0.351,1.672,-1.513,-0.229,-0.226,-0.908,-1.622,-0.213,-0.772,0.993,-0.706,0.877,1.825,-0.08,1.073,-0.011,0.206,-1.019,-1.393,0.425,0.133,Breaststroke,440,1061,0.946
-0.566,-0.211,-1.4,-0.046,2.093,2.357,-0.422,0.835,1.051,-0.002,-0.243,1.098,-0.168,-0.156,2.167,-0.241,0.565,1.501,0.62,1.2,1.437,-0.798,-1.786,0.319,-2.129,-1.168,-0.97,2.503,-0.523,0.219,0.252,3.193,0.97,-0.315,0.478,0.265,-0.26,0.127,1.246,0.954,-0.799,0.204,-0.204,-0.899,-1.823,0.749,1.142,-0.139,-1.164,-2.218,0.656,0.08,0.133,-0.647,0.915,-1.048,1.609,0.056,-0.278,-0.206,Backstroke,737,908,0.214
1.253,-0.865,-1.451,0.538,0.201,0.24,0.861,-0.91,1.076,-0.715,-0.062,0.821,-0.955,0.696,-1.759,0.236,0.735,-0.584,-1.578,0.387,0.449,0.67,0.787,1.48,1.25,-0.912,-0.073,0.706,-0.271,0.603,0.388,0.832,0.575,1.346,0.002,0.156,0.106,-0.011,0.765,0.131,1.975,1.115,1.125,1.452,2.177,1.202,-0.182,-1.118,-1.677,1.985,0.675,0.312,-2.668,-0.192,1.239,1.077,-0.679,0.546,0.023,-1.077,Breaststroke,415,481,0.505
-0.349,-1.659,-1.089,-0.384,-0.328,1.647,-0.092,0.705,-0.664,1.267,0.368,-2.621,0.632,-2.18,1.376,0.455,0.255,1.017,-0.022,-1.317,-0.625,-0.583,-0.63,0.733,0.596,1.357,0.916,1.046,0.586,-0.305,-1.138,0.684,-1.289,0.153,1.389,-1.894,1.505,0.369,-0.095,-0.557,-0.053,2.488,0.617,-1.256,0.277,-0.312,0.184,1.273,-0.866,-0.686,1.271,1.194,1.593,0.19,2.125,0.201,0.304,-1.59,2.121,-0.695,Freestyle,912,952,0.262
1.1,-0.2,0.396,0.898,-0.258,1.131,0.145,-1.58,0.068,0.803,1.113,0.866,0.847,-0.537,-0.376,0.236,-2.123,0.048,-0.442,0.827,1.269,1.265,-2.207,0.089,0.08,0.127,0.507,-0.16,-0.224,0.096,-0.048,-1.847,-1.325,-0.545,0.487,0.078,-0.185,0.59,-0.02,1.246,-0.718,0.548,-0.044,0.651,-0.514,-0.682,-0.654,-1.744,-0.336,2.002,-0.531,1.325,1.27,-0.013,-0.207,-0.461,0.298,0.742,0.246,-1.225,Freestyle,1729,1058,0.487
0.434,1.598,-1.104,-0.473,0.028,-0.617,-0.21,0.427,0.456,-0.422,0.698,-0.569,1.242,0.059,1.748,-0.454,0.85,0.75,-1.92,-1.339,1.146,0.395,0.589,0.115,0.141,-0.56,-0.812,-1.085,0.495,0.461,-1.477,0.399,-1.126,-2.222,0.338,0.189,-1.376,1.97,-0.252,0.53,1.19,-0.087,-0.572,0.771,-2.155,0.269,-1.531,0.79,-0.415,-0.491,1.128,-0.061,-0.227,-0.194,0.128,2.113,0.041,-0.918,0.643,0.107,Front Crawl,349,208,0.816
0.431,-1.559,-0.055,0.464,-0.01,-0.815,1.476,0.242,2.022,0.624,2.895,2.177,-0.344,0.977,0.347,1.342,-0.516,0.557,-1.749,-0.408,0.625,2.649,-0.448,-0.384,0.526,1.445,1.306,0.658,-0.523,-0.669,-0.521,0.983,-0.917,0.565,-0.703,-0.968,0.579,-0.058,0.934,-0.418,-0.338,1.22,0.534,0.965,0.216,0.168,0.849,0.073,0.18,0.65,0.601,1.646,0.275,-2.623,-0.942,-0.237,-0.869,-2.701,-0.884,0.355,Butterfly,415,201,0.516
0.702,-0.196,-0.188,0.41,-1.132,1.595,-0.315,-1.308,1.081,-2.219,-1.563,-0.476,-1.481,0.195,-0.309,-0.953,0.42,-1.003,-0.313,1.575,0.655,0.262,-1.606,0.24,0.27,-0.228,0.591,-0.412,-0.269,-0.08,0.754,0.768,1.123,-1.553,-1.112,0.647,-0.277,-1.099,-0.117,0.356,1.04,0.57,0.322,-0.584,-0.126,1.739,1.388,0.466,-0.16,-0.455,0.191,1.94,-0.262,1.379,-0.588,-1.195,0.274,0.837,-1.237,0.156,Front Crawl,1409,519,0.576
0.633,0.559,-2.133,0.347,0.81,0.083,-1.169,0.001,-0.238,-0.681,0.083,0.088,-1.191,-1.678,1.157,0.354,-0.18,-0.749,0.912,1.363,-1.818,-0.422,0.753,0.092,0.813,1.537,0.286,0.055,-0.653,-0.468,1.792,2.253,0.055,0.287,-0.775,1.667,1.172,-0.706,-0.413,0.721,0.45,-0.436,-0.578,0.623,-0.072,0.02,-0.637,-1.226,0.686,-1.076,-0.417,0.311,0.119,0.334,-1.51,0.689,0.159,0.003,-0.473,-0.65,Freestyle,1905,534,0.458
-1.616,-1.017,-0.95,-0.162,1.268,-0.466,0.173,2.366,-2.492,0.832,-1.687,0.183,0.567,1.075,0.671,-0.01,1.055,0.346,1.61,1.641,0.017,-2.325,1.756,0.212,0.095,-0.812,1.845,0.126,-0.024,-1.297,1.329,-1.701,-0.812,-0.713,-0.769,1.498,1.847,0.492,-1.553,0.458,1.189,-0.562,-0.319,-0.337,0.3,0.474,1.021,-0.031,0.229,-0.997,0.504,0.063,-0.594,0.56,-1.629,-1.434,0.207,0.864,0.043,0.506,Breaststroke,127,689,0.051
0.195,-1.52,-0.525,0.075,-0.21,0.005,-0.017,1.353,0.386,0.379,0.792,0.645,0.423,-0.257,0.668,-0.607,0.148,1.653,0.346,-0.784,1.328,2.886,0.735,-0.284,0.997,-0.275,-1.777,-2.396,1.786,-0.596,-0.095,-0.705,-1.629,1.924,-0.941,-0.913,-0.345,1.943,-0.221,0.477,0.419,-1.826,-0.163,0.289,-0.91,-0.388,0.203,0.284,1.073,-1.042,-1.516,0.921,0.499,1.017,-1.487,-0.598,1.555,-0.017,-0.387,-0.8,Breaststroke,1369,489,0.717
-0.535,-1.353,0.4,-0.9,1.849,-0.598,0.423,1.975,-1.111,0.123,0.104,-0.322,-0.791,-0.38,0.138,0.256,0.08,-0.546,0.44,-0.892,1.17,-0.631,-0.352,0.199,-0.797,-0.438,-1.31,1.28,0.52,-0.968,-0.309,-0.855,0.084,1.743,1.057,-0.523,-0.169,0.458,1.789,0.662,-0.08,-1.654,0.613,0.302,0.704,1.49,1.8,-1.18,0.863,-0.134,0.649,1.644,0.036,-0.348,-0.335,-0.561,1.209,-0.643,0.273,-1.952,Breaststroke,344,368,0.621
-0.211,-0.491,0.324,0.297,0.814,1.325,2.121,-0.382,-2.131,-1.953,-0.074,-0.639,0.402,-1.073,0.398,1.49,0.467,0.893,-0.959,-0.079,0.508,0.52,-0.188,0.241,0.259,-0.868,1.02,1.318,-0.614,0.13,0.613,-0.592,-0.178,-0.993,0.248,-0.6,-1.052,-0.668,-0.217,0.477,-0.449,0.303,-0.894,1.933,0.351,-0.592,0.195,0.847,-0.032,0.346,-0.431,-0.441,1.482,-1.424,-0.51,-0.482,1.323,-1.461,1.27,-0.013,Backstroke,562,715,0.221
0.387,-0.013,0.43,-2.701,0.394,-0.327,-1.869,-1.24,-0.943,0.746,0.575,0.907,0.113,0.86,-0.137,-0.33,-0.995,-0.035,-1.604,0.31,-1.325,-0.294,-0.228,1.743,0.194,-1.536,0.779,1.081,0.514,0.628,-0.979,0.161,0.364,1.151,-0.563,0.604,1.644,-0.763,0.416,0.788,0.722,-0.481,-1.372,0.274,-1.341,-2.149,-1.0,-0.639,0.803,0.578,-0.376,-0.502,-0.578,0.952,-0.57,-1.547,2.102,0.096,-0.842,0.232,Freestyle,1301,243,0.424
-0.948,-1.337,1.626,1.277,0.209,-0.528,0.335,1.339,-0.366,0.303,0.588,-2.08,-0.937,-0.613,-1.117,-2.466,0.815,-0.197,0.235,0.119,-0.181,-1.64,-0.582,0.797,-1.316,-1.111,0.517,2.484,0.006,-1.507,0.301,1.387,-0.335,-0.93,-1.926,-3.164,-0.413,0.94,-1.676,1.583,-0.51,0.844,0.883,1.067,0.382,0.083,2.023,0.625,-0.9,-0.014,-1.329,-2.046,1.474,0.151,0.753,-0.963,-0.978,-2.221,-0.308,-0.268,Front Crawl,649,496,0.533
0.637,-0.666,0.473,0.469,-0.585,-0.362,-0.257,-0.606,1.611,1.174,-1.581,-0.323,-0.483,-0.962,-1.425,2.199,0.548,-0.554,-1.262,1.077,-1.802,-0.953,0.805,-0.088,1.612,0.399,1.574,0.161,0.404,0.238,0.826,1.496,1.906,-1.861,1.529,0.67,-0.748,1.164,0.059,-0.268,0.473,0.501,-0.004,0.712,-0.779,-1.521,0.481,0.565,2.154,-0.822,0.773,-1.078,0.179,0.596,-0.188,1.673,0.639,-2.132,0.314,1.248,Freestyle,1131,124,0.708
-0.52,0.39,1.486,0.931,1.195,0.14,0.164,2.023,1.072,-0.315,1.288,-1.394,0.419,-0.171,-0.723,1.609,0.548,-0.171,1.241,0.029,-0.112,-1.179,0.132,-1.024,-0.313,-1.743,-0.214,-0.194,-0.482,-1.487,0.631,0.748,-0.553,1.188,0.91,-0.152,0.88,1.19,0.39,-1.664,0.518,-1.795,-0.61,-1.375,-0.015,0.901,-0.303,0.062,-0.543,0.216,-0.417,-0.307,-0.573,-1.193,1.702,0.256,-0.676,0.466,-1.005,-0.01,Breaststroke,1475,106,0.386
0.252,-0.391,0.336,-0.532,-0.519,0.749,-0.901,-1.275,0.184,0.704,-0.354,-0.261,-0.002,-0.782,-0.74,2.243,0.468,-0.142,0.704,-1.206,-0.852,0.552,1.639,-1.367,0.278,0.756,-1.39,-1.482,-0.976,0.972,-1.286,-0.242,-2.839,1.153,-1.078,-0.37,0.587,-0.242,0.205,0.137,-0.85,-0.846,-0.536,0.165,0.355,-1.707,2.014,-1.063,0.507,-0.061,-0.912,1.095,0.258,0.944,-0.182,0.247,-0.507,-1.396,0.086,0.267,Front Crawl,1015,789,0.104
0.476,0.672,-0.822,-0.185,-0.651,-0.14,0.674,0.352,-0.901,1.067,-2.302,0.941,0.854,-0.624,1.324,-0.451,-1.349,1.261,-1.915,-0.866,-0.326,1.9,1.48,-0.366,0.534,0.999,-0.733,-0.009,0.611,1.407,0.669,0.444,-2.627,-0.043,-1.227,0.087,-1.69,-0.72,-1.29,-1.733,-0.389,1.161,-1.043,0.751,-0.919,0.932,-1.33,0.945,-1.056,-1.097,1.065,0.832,-0.369,-0.397,-2.298,0.679,0.407,-0.639,0.048,0.803,Backstroke,195,1029,0.791
-0.322,-0.32,-0.899,-1.877,-1.255,0.58,-0.089,0.741,0.172,0.901,1.801,-0.102,0.566,-0.185,1.495,-1.259,-0.595,0.037,0.503,-0.768,0.273,-0.927,-1.238,-0.203,-0.227,0.924,0.596,-0.854,-0.865,0.53,-0.551,-1.503,-2.101,-0.141,-1.191,0.617,1.019,-0.651,0.038,1.312,-0.813,-0.169,0.068,-0.335,-1.027,0.113,1.091,0.169,-0.626,-0.039,-0.224,0.467,1.699,-0.215,1.116,0.88,-0.493,-1.074,-0.713,-0.887,Front Crawl,525,758,0.357
-0.796,0.182,1.265,0.918,-0.212,0.933,0.769,0.425,-0.747,-1.879,1.274,-1.551,1.463,-0.71,-1.49,1.716,0.456,-1.65,-0.342,1.576,-0.323,0.048,-1.106,-1.401,0.921,0.163,1.715,-0.019,2.422,-0.21,0.703,-1.284,1.472,-0.894,-2.577,0.584,-0.847,0.325,-0.341,-1.712,-0.958,-0.048,-1.67,-0.988,0.578,0.766,-0.001,-1.082,-1.458,0.602,2.054,-0.435,-0.467,1.971,0.369,0.646,-0.73,-0.398,-2.087,-0.486,Freestyle,1489,201,0.248
0.197,-0.706,0.941,-2.416,-1.22,0.031,0.74,0.772,-0.27,0.098,-0.175,-0.059,0.077,-1.54,-1.931,0.449,1.562,-0.007,1.548,0.122,0.673,0.213,1.627,-0.146,-0.518,-1.051,1.683,-0.89,-0.039,1.081,0.281,-1.149,0.376,0.597,0.515,-0.861,0.132,1.511,1.669,0.585,-0.196,-2.299,-0.494,0.564,1.848,0.609,-0.142,1.723,-0.178,1.863,-1.833,-0.006,2.21,-1.09,0.056,1.18,0.056,-0.353,0.135,0.965,Breaststroke,1914,499,0.19
-1.044,0.6,-0.402,1.024,0.858,-1.022,1.072,1.259,0.471,1.885,-0.849,-0.692,-1.004,0.166,0.546,0.059,0.241,0.503,-0.74,0.208,1.193,-0.861,-0.225,-0.395,0.993,1.769,0.244,-0.884,-0.109,0.279,-1.752,-0.288,0.247,0.046,-0.102,-1.012,-1.977,0.42,-0.994,-0.166,-0.759,-0.109,0.328,0.632,-1.2,-0.315,0.118,0.498,-1.42,-1.607,0.002,0.369,0.848,-1.456,0.475,0.13,-1.361,0.371,-1.366,-0.777,Breaststroke,128,516,0.44
1.068,0.686,-2.648,0.354,0.615,-0.731,-1.152,0.212,-1.382,-0.967,-0.447,1.9,-0.054,-0.412,0.555,0.811,0.123,0.594,-0.723,-0.958,0.985,0.506,0.037,-0.389,-0.402,-0.156,-1.327,-2.08,-0.43,-0.249,-1.656,-1.354,0.342,-0.85,-0.003,0.652,-0.67,0.695,-1.665,-0.754,-0.78,0.748,0.68,1.657,1.477,0.833,0.752,-0.23,0.17,0.504,-0.11,0.164,0.176,0.301,0.402,1.39,-0.045,0.934,0.717,1.391,Freestyle,179,842,0.871
1.144,0.233,0.167,-0.743,1.215,-1.651,0.501,-1.068,-0.397,-1.349,0.624,-0.123,0.393,-0.627,-1.234,2.012,0.293,-2.382,-0.005,1.19,0.044,-1.299,-1.567,1.162,0.421,0.141,-0.33,-0.425,1.496,0.054,0.244,0.635,-0.593,1.283,-0.111,-0.259,-1.137,-0.059,-1.128,-1.592,0.153,-0.949,-0.46,-1.763,0.775,-0.552,-1.324,-1.202,0.621,0.366,0.557,-0.848,0.227,-0.016,-0.267,-0.076,0.897,-0.588,-0.072,1.335,Front Crawl,458,1068,0.499
0.962,0.654,0.095,-0.842,-1.058,-0.106,0.667,-0.715,0.066,1.23,1.115,-0.492,-1.062,-0.281,-0.125,-0.051,0.241,-2.725,-1.068,-0.121,0.435,-0.112,0.891,1.056,-1.306,0.513,-0.608,-1.528,0.612,0.92,-1.355,1.357,0.295,-0.841,-0.505,0.294,-0.846,-0.555,1.18,-0.234,0.486,0.105,0.38,0.481,-1.504,0.145,-0.447,-0.305,-0.05,0.871,-1.22,0.398,-0.287,-0.518,-0.18,0.163,-0.15,1.569,0.638,-1.234,Front Crawl,713,1075,0.784
-1.149,0.06,0.914,-0.976,-0.106,1.721,0.24,-0.005,0.771,0.025,-1.454,1.025,0.983,1.126,0.491,1.339,0.34,-0.567,0.837,0.932,-0.727,-0.945,0.104,0.761,-0.005,-0.496,0.214,-1.246,0.472,-1.147,-0.959,0.521,0.603,1.387,0.72,0.164,-1.196,-1.235,0.221,-1.581,-0.462,-0.385,-0.49,-1.804,0.702,0.518,-0.8,0.659,-1.183,0.392,-1.237,0.204,-0.617,-0.332,-0.335,0.826,0.437,-0.411,-0.491,0.226,Breaststroke,1343,613,0.492
-0.16,0.878,0.864,-0.973,-1.524,-0.494,-0.62,1.691,1.652,0.464,0.659,1.271,0.445,0.237,0.684,0.239,-0.909,0.099,-0.169,-0.751,-0.52,0.608,-1.015,0.608,1.153,0.746,0.782,-0.012,-0.516,0.296,0.796,-1.003,0.543,0.829,0.815,0.985,0.581,-1.244,-1.802,-0.024,-0.1,-0.232,-0.995,0.165,-0.258,0.96,-0.491,0.662,1.741,1.401,-0.02,-0.443,0.973,0.648,-1.167,-0.418,-0.558,1.083,-1.347,0.858,Butterfly,233,417,0.512
-0.134,0.876,-0.869,1.179,-1.333,1.451,-0.364,0.012,0.021,-0.379,0.879,2.353,0.172,0.926,0.422,1.603,1.042,-0.289,-1.211,-0.589,-0.986,-0.203,-0.339,0.955,-1.283,-0.483,-1.328,0.097,-0.674,1.063,-1.629,-0.325,-1.822,2.574,0.067,-0.331,-0.843,-0.554,0.235,1.874,0.626,0.615,2.845,-0.127,0.048,-0.768,-0.53,-1.449,-0.138,-2.384,-1.1,-0.75,-1.702,0.307,-0.068,-1.633,-0.73,0.135,-0.64,-0.679,Butterfly,844,750,0.392
-0.002,-1.204,-0.777,0.111,0.553,1.308,-1.43,0.949,0.437,-0.045,0.538,0.173,1.571,2.21,-0.658,0.34,-0.97,-0.862,0.185,0.05,-0.914,-0.943,1.22,-1.809,-1.057,0.235,0.127,-1.499,0.216,-0.068,3.06,1.043,-0.424,0.888,0.361,1.582,0.459,-0.225,-1.668,0.266,-0.397,1.415,0.312,-0.836,0.803,0.773,-0.789,0.81,0.526,-2.051,-1.261,-0.546,-0.53,0.395,-1.055,0.95,-0.474,-0.321,-0.641,-0.793,Freestyle,1639,260,0.347
0.574,-0.4,-1.321,-0.282,0.477,1.669,-1.106,-0.679,-0.408,-1.125,-3.073,0.545,-1.439,0.348,0.286,1.53,0.103,1.363,0.563,-2.132,0.007,-1.891,-0.323,0.758,0.484,-1.402,0.365,-0.204,-0.151,-1.379,0.901,1.385,0.523,2.271,-1.831,0.782,1.358,0.55,-1.056,0.992,0.796,0.44,-1.349,1.412,-0.8,-0.246,0.706,0.362,1.176,1.486,-0.831,-0.205,-0.274,-1.138,1.205,0.487,-0.431,1.988,-0.337,-1.158,Butterfly,1326,800,0.156
-2.203,0.776,0.988,-0.98,1.32,0.069,0.648,-0.019,-1.119,0.989,1.149,-1.446,-0.362,0.949,-0.591,0.109,1.222,0.301,-0.717,-1.366,0.514,0.432,-2.342,-0.045,0.445,-0.151,1.493,2.662,0.158,-1.743,-1.49,-0.339,-0.282,1.127,-0.2,-1.124,0.637,-1.182,-1.433,-1.888,-0.854,0.19,1.427,-0.814,-0.007,1.062,-0.619,-0.752,0.682,0.01,0.939,0.133,-0.683,0.259,-1.226,0.993,-0.123,-1.505,-1.15,0.337,Breaststroke,1236,722,0.555
0.778,0.479,0.023,-0.543,-1.109,-0.093,-0.124,-1.796,0.188,-0.905,-0.463,-1.022,-0.297,-0.463,-1.266,1.321,-0.456,0.501,-1.616,-0.833,1.504,0.581,0.089,0.419,1.185,-1.351,0.464,-1.221,0.003,-1.312,-2.282,-0.836,-0.109,2.04,0.185,-1.004,0.779,0.412,0.013,-0.591,1.325,0.777,0.676,0.328,-0.68,-0.006,-2.265,0.888,-0.777,-0.228,0.363,-1.724,-0.064,1.157,-1.545,-0.284,-1.415,-1.058,-0.094,1.519,Backstroke,966,879,0.905
0.42,1.728,0.687,0.201,-0.332,-0.577,0.116,0.831,1.382,1.564,0.306,0.051,0.983,0.716,0.403,0.035,1.45,0.134,0.961,1.344,-1.224,-0.372,-1.942,1.523,-0.284,0.09,0.366,1.164,0.905,0.095,-0.016,-1.351,-0.579,-0.454,-0.538,-1.409,-0.078,1.786,-0.69,1.113,1.238,-0.004,-0.895,-0.619,0.136,0.402,1.099,-0.242,0.377,-0.447,0.203,-0.956,-0.543,1.203,0.155,-0.952,-0.533,-0.499,-1.095,-0.167,Freestyle,1536,216,0.346
0.807,0.041,0.171,-0.529,1.139,0.664,0.063,-0.838,-0.966,0.483,0.036,2.676,-0.841,-1.717,-1.676,-1.5,-0.505,-0.35,0.816,-1.109,-0.722,1.442,-0.468,-0.761,-0.747,-0.053,-0.51,0.272,1.13,1.682,-2.982,-0.429,0.422,0.026,0.944,-1.831,-0.696,0.455,1.476,-1.264,-0.758,-1.78,1.146,-1.631,1.416,-0.197,-0.218,1.794,0.772,-0.209,0.216,0.303,-0.953,0.638,0.521,0.02,0.446,2.35,1.541,-1.345,Butterfly,1175,169,0.653
1.343,-1.352,-0.179,0.133,0.073,0.731,-0.727,-1.431,0.449,1.005,0.636,0.104,2.356,0.25,1.282,0.275,0.229,1.387,0.49,-0.804,1.635,-1.797,0.223,1.104,-0.598,1.624,-0.37,0.594,0.119,-1.335,0.578,0.685,0.673,0.719,-1.299,-0.272,-0.694,-1.897,0.496,0.113,1.128,0.086,-1.82,0.862,-1.353,1.287,-0.019,0.192,0.764,-1.332,-0.483,-1.227,-0.809,-0.358,0.518,1.134,0.902,0.964,-0.593,1.311,Breaststroke,385,1068,0.503
1.42,0.29,-0.394,0.546,0.052,-0.335,0.417,-0.919,0.772,-0.121,0.507,-0.095,0.055,0.959,0.702,0.084,1.02,-2.437,-0.538,0.712,0.118,-0.297,0.137,2.264,-0.012,-0.264,0.51,0.026,2.82,-0.049,-0.349,-0.425,-0.16,-0.592,-0.524,0.135,0.02,-0.032,-0.412,0.047,0.803,-0.332,1.448,0.375,0.104,0.766,-1.34,1.133,0.615,0.152,0.388,0.846,0.439,0.187,-0.296,0.398,1.424,-0.082,-0.164,1.092,Butterfly,1553,270,0.447
0.052,0.57,-0.645,-0.117,-0.346,-0.523,0.881,1.095,0.973,-0.6,1.114,1.15,-1.159,-0.494,0.804,0.962,0.134,-0.139,-0.829,-0.096,0.45,-0.726,0.499,0.751,-0.965,0.273,-0.317,-0.922,0.911,-0.016,-0.538,-0.737,-0.295,-1.008,0.636,-1.567,-0.625,-1.36,0.564,-3.55,1.564,-0.672,-1.262,0.5,0.236,1.466,0.067,-0.29,0.037,0.346,-1.25,1.888,-0.512,-0.217,0.216,-0.625,1.1,-0.245,0.065,-0.535,Butterfly,757,504,0.581
-0.74,0.356,1.105,-1.122,-0.434,-0.644,0.438,-0.301,-0.221,-0.746,-0.346,0.891,-2.668,0.204,0.709,-0.87,-2.647,1.441,-1.631,-1.256,-0.226,0.651,-1.856,-0.199,-0.857,0.673,0.798,-1.601,-0.049,0.212,-0.154,-0.213,-0.119,0.196,1.316,-0.667,-0.846,-1.654,-0.008,-0.932,0.172,1.104,0.13,-1.287,-0.889,1.457,0.83,-1.129,-0.11,-0.361,-0.099,-1.388,-0.867,-1.512,-1.413,0.097,0.389,0.491,0.638,-0.473,Freestyle,340,615,0.43
-1.272,-0.484,0.772,-0.045,0.969,-0.506,0.842,-1.226,-1.98,-2.067,0.655,-0.411,-2.277,-0.007,0.853,-0.346,0.585,0.325,1.337,-1.052,1.657,0.225,0.419,-0.712,-0.868,0.038,0.669,-0.112,0.164,0.247,-0.963,-0.189,1.986,-1.183,2.011,0.747,-0.412,0.352,-0.331,0.403,-1.61,-0.356,-1.814,1.319,1.211,0.152,-0.16,-0.165,-0.671,1.702,1.051,-0.473,0.305,2.423,-1.011,2.061,1.302,-0.941,0.174,-0.093,Backstroke,644,987,0.645
-0.774,0.321,-1.943,0.646,-0.899,-1.188,-0.906,-0.463,0.73,1.238,0.212,3.025,-2.108,1.803,1.273,0.659,-0.166,0.522,0.482,-1.269,2.205,-1.206,0.328,-0.316,0.168,1.998,-0.087,1.729,0.244,-1.891,-0.856,-1.155,-0.013,2.013,0.596,-1.208,-0.387,-0.68,0.744,0.79,-0.376,0.0,0.999,0.951,-0.924,-0.022,0.058,-0.487,-0.316,-0.884,-1.327,1.461,-0.584,-1.865,0.062,0.371,-0.697,1.175,-0.973,-1.955,Butterfly,705,846,0.551
0.444,0.604,0.21,-1.422,-0.134,-0.124,-1.021,1.638,-0.501,-0.351,-1.946,0.086,1.301,1.368,-0.039,-0.106,-0.283,1.431,0.476,0.652,0.379,-0.921,-1.027,0.558,-0.086,-0.644,0.502,-0.897,0.381,-0.66,1.911,1.175,-0.189,0.67,0.033,1.128,-1.941,0.095,0.631,-0.113,1.399,1.644,-1.212,-0.53,-2.088,-0.966,-1.131,0.809,0.677,1.698,-0.152,-2.019,1.045,-0.761,0.164,0.361,-0.655,0.117,-1.028,-1.598,Freestyle,1523,983,0.476
-2.763,0.922,-1.357,-1.769,-1.017,0.004,0.689,-0.112,0.373,-1.561,-0.862,-0.886,0.774,-1.039,1.6,0.673,-0.947,0.19,0.366,0.832,-1.93,0.523,-2.15,-0.579,-0.636,-1.165,1.121,0.177,-0.096,-0.203,-1.163,0.694,1.64,-0.143,-0.256,0.873,0.707,1.667,-0.364,0.716,0.468,-0.742,-0.606,0.096,-0.457,2.714,-1.236,0.893,-1.538,-0.652,1.029,1.334,1.952,-1.26,-0.899,-0.043,-0.301,-0.782,-0.048,1.489,Backstroke,523,964,0.743
0.476,2.665,-0.254,0.936,-0.669,0.73,0.515,-0.531,-0.487,-0.378,-0.699,0.406,-0.323,0.958,-0.253,-0.274,-0.134,1.263,1.932,0.056,-0.078,0.77,1.493,1.077,-0.857,1.677,-1.221,0.074,0.102,-0.842,-0.149,-1.094,-1.663,1.255,0.323,0.433,-0.705,0.266,0.46,1.422,1.251,-0.968,0.675,0.915,-0.318,-0.619,-1.082,-1.068,-0.232,-0.478,-1.046,-0.967,-0.671,-1.044,-1.297,-0.576,-0.061,0.823,-0.082,0.053,Backstroke,1700,543,0.549
2.307,0.509,-0.233,1.642,0.351,0.706,0.155,0.009,-1.511,0.606,0.265,-0.466,-0.326,-0.429,-0.686,-2.303,0.406,-0.776,-0.24,0.01,-0.893,-0.39,-0.646,-1.179,-0.077,-0.477,-0.826,0.491,-1.711,0.244,0.431,1.362,-0.056,-2.254,0.318,-1.609,0.926,0.644,-0.153,0.627,1.382,0.114,0.67,-1.018,-0.649,0.024,-0.587,-1.591,1.561,-1.76,-0.353,-0.093,0.517,-0.133,-1.271,-0.158,-0.256,0.952,-0.054,-0.462,Front Crawl,1287,727,0.624
-0.691,-0.7,-1.123,0.654,1.238,0.825,0.087,1.502,0.001,1.166,0.429,-0.75,-2.349,-1.824,-0.819,0.77,-0.728,-1.961,-0.297,-0.824,-1.275,-2.423,-0.324,0.49,0.913,0.014,-0.907,0.545,0.235,2.715,1.125,0.539,-0.189,-0.452,-0.119,-1.351,-1.118,0.452,0.215,-0.128,-0.102,-0.428,0.02,-0.434,1.247,0.9,1.169,1.758,-1.733,-0.159,0.275,0.323,0.205,0.096,0.023,0.901,2.305,0.216,-1.092,2.575,Backstroke,1877,223,0.892
-0.199,-0.423,-2.144,-0.962,-0.214,1.752,-0.562,-1.657,-0.485,1.628,-0.746,-0.608,1.561,1.501,0.292,-0.732,0.326,1.472,1.635,1.094,0.721,0.691,-0.336,-0.431,-1.109,0.805,0.966,0.126,-1.959,-0.501,-1.656,0.876,-0.348,-0.529,0.036,-0.076,-0.923,-2.013,0.684,1.901,-0.325,-0.455,-1.172,-1.193,-1.529,-1.413,-0.099,-1.835,0.26,0.207,-0.526,0.734,-1.265,-0.82,-1.21,-0.112,-0.341,-0.126,-0.278,1.301,Breaststroke,711,680,0.796
-0.165,-1.084,-1.42,-0.193,-0.09,-1.53,0.576,-0.565,1.473,-0.097,0.053,0.807,-0.052,-1.701,-0.388,1.173,0.06,0.465,-1.364,-0.534,1.759,-2.569,-1.414,1.013,1.048,0.846,0.455,-0.322,-0.37,0.143,0.194,0.226,-0.152,-0.249,0.123,2.138,-0.596,2.274,-1.014,0.681,1.008,0.502,-2.168,0.463,0.901,-0.44,0.372,0.308,-1.293,0.824,-1.42,-0.865,0.728,-1.008,0.355,0.02,0.2,-1.1,0.725,-0.261,Butterfly,1060,182,0.27
0.629,0.989,-2.098,-0.18,1.059,-0.198,-0.165,-0.121,-0.273,-0.294,-0.001,0.594,0.106,-0.011,-0.311,-0.143,-0.673,1.693,0.12,0.048,-0.231,0.185,-0.978,0.616,-0.256,0.046,-0.344,0.298,0.102,1.619,1.12,0.143,-1.004,1.364,0.763,-0.662,1.401,0.34,-0.208,1.43,-0.244,-0.228,0.731,1.002,-0.06,-0.914,0.73,-0.095,0.494,0.112,-1.097,0.752,0.421,0.603,-0.391,-1.085,-1.111,-0.196,0.963,1.257,Breaststroke,334,974,0.524
0.259,0.441,-0.247,-0.471,0.75,-0.117,2.423,0.028,-2.363,-2.257,0.429,-0.521,-0.675,-1.298,-0.6,-0.006,-1.033,0.745,-1.714,0.192,-0.619,0.348,1.762,-0.249,0.996,1.113,0.268,0.069,-0.16,1.375,-0.729,1.572,-0.111,-0.629,-0.623,-0.19,1.396,-0.266,0.158,-0.153,-0.326,0.463,0.792,-0.49,0.011,-1.186,-0.498,-1.246,0.053,-0.67,-0.334,-1.883,-0.034,-0.843,0.062,-0.321,0.975,-0.339,-0.29,0.372,Freestyle,411,310,0.51
-1.085,0.657,-0.298,0.846,0.751,-0.618,0.485,1.002,1.175,1.312,1.53,-0.428,-0.612,1.326,-1.87,-0.482,-2.104,-1.422,0.79,1.704,0.933,1.23,2.013,-0.166,0.936,1.349,0.34,3.125,0.45,-1.31,-0.545,1.342,-0.099,-1.305,-1.042,-0.108,-0.883,-0.133,2.15,-0.978,0.528,-0.457,-0.977,-0.401,-0.961,0.885,-0.184,1.716,-1.377,0.381,-0.152,-1.025,-1.399,0.81,0.249,1.423,0.593,-1.221,0.581,0.444,Front Crawl,1467,327,0.251
1.333,-0.052,-1.097,-0.149,0.684,0.762,1.009,2.109,-0.31,-0.319,-0.859,-0.603,1.088,0.376,0.293,1.076,0.158,-0.546,0.612,-0.871,0.255,-0.436,2.424,-1.653,-0.893,-0.907,-1.615,-0.676,-0.063,0.741,0.012,0.319,0.747,-0.554,0.259,1.77,-1.4,0.019,0.756,0.696,0.026,0.091,-0.373,-1.716,0.585,-0.035,1.852,0.202,0.264,0.201,0.246,-0.824,-0.988,0.25,-0.183,-2.274,0.877,0.834,-0.378,0.37,Breaststroke,225,556,0.632
0.672,0.216,-1.24,-1.203,-1.094,-1.547,1.622,-0.352,-0.85,-0.784,-0.268,-0.885,0.772,-0.698,0.812,0.991,0.326,0.053,0.903,1.352,-0.812,1.361,1.343,0.905,0.654,0.373,-2.448,-0.63,1.696,-1.325,-0.666,0.015,0.308,-0.151,0.495,-0.229,0.223,0.523,-1.534,0.558,-0.596,0.415,0.649,0.098,-0.441,-1.472,-1.0,-1.928,-0.261,0.742,0.217,-0.313,0.364,-2.569,-1.258,0.304,0.399,1.633,1.029,-0.523,Breaststroke,258,981,0.929
-1.473,-0.718,1.804,0.267,-0.881,-0.769,0.402,1.228,0.774,-1.484,0.849,0.218,-0.865,-0.369,-0.27,0.151,1.665,0.257,2.12,-0.581,-0.367,0.441,0.933,0.5,0.826,0.504,-0.287,0.859,1.256,0.557,0.685,0.714,0.581,1.481,1.001,0.03,0.31,-0.92,1.348,0.549,0.46,-0.172,2.282,-0.431,1.895,-1.475,-0.49,0.201,-0.694,-0.728,-0.259,-0.66,-0.907,1.594,0.167,0.359,1.145,-0.993,-0.94,-1.51,Freestyle,444,468,0.75
0.246,-0.573,0.631,1.92,-0.539,0.773,-0.756,0.376,0.941,1.558,-2.076,0.871,1.396,0.555,-0.461,1.249,-0.416,1.176,-0.577,-0.0,1.382,0.421,-2.478,-1.221,1.396,-0.999,-0.456,0.861,1.315,-0.413,-0.669,-0.379,-0.432,0.903,0.346,-0.233,-0.589,0.407,1.171,0.848,-0.383,0.401,-1.189,1.893,0.376,1.034,0.823,0.079,-1.218,0.793,-0.914,-0.98,0.339,1.076,1.19,0.194,-1.119,1.375,-1.369,-0.966,Butterfly,898,339,0.741
0.13,0.335,-0.771,-1.287,-0.493,1.635,1.223,-0.366,0.156,-0.828,-2.163,2.117,0.386,1.05,0.617,-0.183,0.346,2.352,0.407,-0.779,-1.841,1.08,1.197,-0.603,1.072,0.949,1.916,0.78,0.641,-0.389,0.384,-0.364,-0.536,0.125,-0.874,1.261,0.351,1.315,-0.498,1.409,0.538,-1.623,-0.882,0.481,0.316,0.606,-0.787,1.2,0.886,-1.041,-1.567,0.221,-1.501,-1.236,1.375,0.292,-1.363,-0.965,0.254,-1.67,Backstroke,1008,1079,0.433
0.015,-0.704,-0.697,1.105,0.003,-0.926,-0.906,1.259,-2.15,0.557,0.334,-0.108,-0.492,0.329,0.392,0.904,-1.778,-0.53,-0.772,0.489,0.296,0.129,0.394,-0.485,0.44,1.58,-0.274,0.736,-1.23,-1.361,1.328,0.613,0.318,0.552,2.064,2.065,1.418,0.788,-0.524,-0.356,0.109,-0.387,-0.144,0.487,-0.589,-0.472,-0.257,0.085,-0.481,-2.525,-1.337,1.343,-0.289,1.084,-0.902,1.773,-0.814,0.81,1.897,-0.627,Front Crawl,1624,785,0.707
-1.827,0.748,-0.713,-0.261,-0.888,-1.264,-2.188,-0.594,0.578,-0.112,-0.482,0.022,0.739,-0.622,0.75,0.613,-1.364,-0.487,1.735,0.368,-0.216,1.178,-0.648,0.934,-1.718,-2.523,1.591,-0.631,-0.282,-0.84,0.36,0.015,-0.519,-0.925,-2.396,0.059,-0.217,-1.355,0.386,-0.436,0.901,1.344,0.081,0.905,1.296,0.2,-0.494,-1.487,1.12,0.293,1.16,-1.023,0.107,-1.672,1.186,-0.699,-0.671,1.971,0.525,-0.692,Breaststroke,768,963,0.302
1.75,0.385,-0.639,-0.97,0.23,0.083,-1.492,0.967,1.378,-0.404,0.326,-1.128,-0.9,1.018,0.304,0.406,-2.149,-0.242,-0.593,-1.271,0.644,0.437,-1.289,0.079,0.356,0.83,0.328,0.619,1.739,1.894,-0.258,0.356,-0.18,-1.938,0.692,0.348,-1.283,-0.382,-0.047,-0.601,-1.081,0.74,0.489,-0.864,-0.806,-1.024,-0.05,-0.227,0.743,-0.593,-0.582,0.51,2.328,1.143,0.191,-0.248,0.965,-1.241,-0.661,-0.004,Freestyle,566,194,0.101
-1.476,0.66,0.348,0.129,0.63,0.506,-0.37,0.56,0.755,-0.678,1.849,-0.337,2.201,-0.296,-1.574,-0.393,-0.656,-0.639,0.942,-0.719,-0.054,1.011,1.108,-0.68,-0.132,0.777,0.838,0.013,0.003,-0.272,-1.393,1.282,-1.165,0.432,2.587,0.538,0.976,-1.394,0.332,-2.053,1.105,-0.931,0.457,0.006,0.269,-0.793,1.191,-0.684,-0.121,0.885,-1.179,1.911,0.554,-0.894,0.379,0.602,-0.264,-0.559,-1.358,1.67,Backstroke,1125,662,0.337
1.301,0.601,-0.846,0.08,0.273,2.003,2.129,-0.153,1.135,-1.278,-2.397,-3.074,0.698,0.765,0.483,-1.442,-0.138,0.89,-0.796,-2.774,0.609,-0.079,1.009,0.284,0.277,0.275,-0.049,0.904,0.016,-1.096,-0.215,0.033,-1.108,0.195,0.835,0.113,2.364,0.555,0.196,0.104,-0.128,0.37,0.799,0.435,-0.188,1.046,-0.94,0.14,-0.894,-1.516,0.135,0.757,1.371,-1.498,-0.628,1.44,0.228,0.135,0.038,-1.048,Butterfly,955,179,0.413
1.207,-0.73,-0.385,-0.71,0.67,-0.937,-0.66,-1.699,2.837,-0.689,-1.21,-1.064,1.201,-0.063,1.088,1.176,0.126,1.582,0.073,-0.121,-0.359,-1.681,-0.637,-1.588,-1.569,1.269,1.361,0.282,0.894,-0.215,1.282,-1.199,-0.763,0.788,0.455,0.371,0.024,1.078,-2.186,0.37,-0.007,0.357,0.523,0.877,2.302,-0.307,1.162,0.417,-1.486,-0.316,-0.057,4.291,-0.69,-0.052,0.292,-0.583,1.619,0.699,-0.124,0.25,Breaststroke,1908,219,0.77
0.237,-1.589,0.811,-0.314,0.977,0.385,-0.517,1.077,-0.193,0.169,0.249,-1.429,-0.046,0.721,0.2,1.351,-0.071,-1.45,-0.306,-1.451,-0.631,-1.442,0.86,-0.806,0.897,1.021,1.735,-1.383,0.053,0.309,1.495,1.02,0.401,1.338,3.325,-1.327,-2.213,-1.245,1.703,0.17,1.361,-0.429,1.339,-0.907,-1.858,-1.795,1.379,0.762,0.084,-0.142,3.188,0.188,0.654,0.971,-0.513,0.996,2.987,1.24,-1.424,-1.002,Breaststroke,460,169,0.667
-0.394,0.222,-1.104,-0.416,0.337,-2.779,-0.148,0.022,-0.695,0.014,0.273,0.494,0.112,-1.094,0.853,-0.488,0.37,-0.109,-1.218,-1.731,1.233,-0.436,-0.64,0.306,-0.412,-1.615,-1.238,0.257,-0.674,0.779,-0.859,0.384,-0.77,1.589,-1.297,0.501,0.138,-0.561,-0.658,-1.348,1.381,-0.781,-0.177,-2.285,-0.183,0.688,0.083,-2.366,-0.073,0.02,1.469,-1.236,1.382,-0.857,-0.469,1.783,-0.156,0.247,0.936,-0.565,Butterfly,1682,613,0.369
0.136,0.71,-2.196,1.607,-2.008,-0.076,-0.137,0.906,-0.576,2.169,-0.795,1.084,0.205,0.227,2.484,-0.907,0.68,0.241,-0.233,-0.52,-1.292,-1.109,0.311,1.485,-1.026,-0.102,-0.083,-1.472,-0.232,-0.976,0.734,-0.732,-1.533,0.427,-0.427,-0.552,-1.471,0.586,-0.841,-1.204,1.125,0.031,1.69,-1.689,-0.015,-2.174,0.926,1.484,0.758,0.425,-0.308,0.925,0.599,1.275,0.136,1.936,-1.986,1.166,1.009,0.409,Breaststroke,783,586,0.742
1.068,0.307,-0.508,0.306,-0.622,-0.321,1.162,-2.857,0.333,-1.763,-1.024,1.052,-0.473,0.521,-0.436,1.567,-0.075,-1.286,1.265,0.814,3.464,-0.696,-1.264,1.943,1.638,-0.205,-0.217,0.691,0.83,-1.677,-0.252,0.033,-0.467,-0.732,1.778,0.033,-0.582,0.147,1.809,-0.561,-1.016,0.466,-0.707,-0.518,-1.091,2.397,0.436,-0.257,-0.25,-0.195,0.069,-0.636,0.421,-1.617,0.305,-0.665,0.768,1.626,0.252,-0.408,Backstroke,813,902,0.642
-2.436,-0.166,-0.017,0.424,-1.221,-0.316,0.742,-0.622,-0.173,0.056,-1.271,1.455,0.235,-0.505,1.219,2.537,-1.58,1.034,0.414,-0.281,1.328,-1.221,0.436,-1.254,0.505,0.665,0.871,1.032,0.02,-1.453,0.815,0.388,-0.108,-0.122,0.04,0.8,-0.911,-0.609,0.382,1.461,0.718,1.51,-1.825,-0.968,-0.392,0.662,1.795,-0.974,0.222,0.558,-1.162,0.538,-1.64,1.34,-0.31,-0.462,0.958,0.357,0.753,-1.39,Butterfly,1014,206,0.49
0.181,-1.651,-0.625,-0.96,-0.197,1.048,-1.293,1.168,1.778,-0.659,-1.067,0.771,0.998,-1.217,0.161,-0.984,0.539,0.74,-0.047,-1.938,0.29,-0.131,-0.063,0.33,-0.027,-0.44,0.189,0.367,0.519,0.788,-1.041,-0.138,-0.083,1.249,1.15,0.124,-0.186,2.308,-1.401,0.232,1.216,-2.143,0.393,-1.886,1.41,-0.317,-0.96,-0.529,0.736,0.947,-0.501,0.509,1.323,-0.18,0.334,-0.491,0.471,-2.518,-0.436,0.852,Breaststroke,1320,796,0.247
-1.296,1.259,-0.6,0.734,-0.886,0.285,-1.592,-0.365,-1.431,0.771,-0.205,-1.141,-0.185,0.45,0.112,-0.321,-0.709,-1.791,2.469,-0.715,-0.749,0.663,-0.65,0.859,2.339,0.02,0.103,0.491,0.889,-0.149,-0.629,0.83,-1.517,-0.07,0.146,1.831,0.782,2.461,-2.695,0.343,-0.639,1.017,-0.26,0.441,-1.143,-2.152,0.77,1.119,-0.404,0.25,2.227,-1.018,0.052,-0.357,0.906,-0.923,-0.612,-0.764,0.118,-0.895,Butterfly,1759,1031,0.0
-1.509,2.232,0.076,-0.166,1.323,-0.545,-0.656,0.352,0.394,0.22,0.876,-1.464,-0.74,-0.423,-0.697,-1.032,-0.457,-0.58,0.834,0.553,-1.771,0.313,1.455,1.452,-0.957,0.268,-1.923,1.254,0.289,-0.399,-1.318,0.142,-1.296,0.292,0.398,0.767,0.541,-0.419,-0.002,-1.858,-0.133,-1.955,-0.08,0.968,0.962,2.089,-0.854,-0.839,-1.895,-1.443,-0.322,0.297,1.311,-0.274,-0.414,0.061,1.15,0.335,-0.884,1.158,Breaststroke,636,976,0.503
-0.405,0.143,-1.004,0.757,-0.295,-0.081,-0.223,-0.433,0.915,-1.358,0.93,-2.306,-0.129,1.896,-1.695,-0.163,-0.171,1.76,2.378,0.83,1.002,0.619,-0.395,1.174,0.943,-2.148,-0.72,-2.261,0.782,-1.29,0.529,0.493,1.294,-2.778,-0.945,0.298,1.014,1.756,-0.845,0.655,-2.37,-1.217,0.876,0.682,0.637,-0.346,-1.962,-0.381,-0.937,0.351,-0.703,0.48,-0.879,0.765,-1.039,1.074,-0.128,0.219,0.682,1.1,Front Crawl,1420,474,0.322
-0.307,-1.018,0.099,-1.877,-0.999,-0.479,0.585,-1.849,0.305,0.239,-1.632,-2.32,1.195,-1.334,-0.718,0.429,1.51,-1.2,-1.076,0.515,1.018,0.86,0.329,0.005,0.044,0.432,0.993,-1.004,0.539,-0.234,1.21,0.99,-0.138,0.318,1.03,0.246,-1.587,1.296,0.604,-0.938,0.448,1.055,0.841,-0.745,-1.043,0.372,0.209,0.656,3.194,-0.079,0.933,-0.252,0.234,0.73,0.422,1.126,0.211,1.297,-0.671,0.37,Backstroke,1489,531,0.398
0.848,-0.555,-1.187,0.456,0.083,0.526,2.247,-0.625,0.25,0.469,0.21,-1.486,1.343,1.455,1.403,-0.02,-0.967,0.138,-0.812,-1.603,0.492,-1.332,-0.773,-1.538,1.616,0.676,-0.359,0.037,-0.258,0.18,-0.427,0.472,0.975,-1.351,0.083,0.828,1.815,-0.478,1.496,0.132,-0.884,-0.463,-0.645,-2.005,-0.458,1.598,1.554,-1.33,-2.194,-0.812,1.431,0.184,1.285,-1.416,-1.326,0.897,-0.378,0.02,-1.583,0.928,Backstroke,735,694,0.251
-0.473,0.313,-0.734,0.823,-1.094,-0.318,0.923,-0.341,0.486,-0.472,0.756,-0.814,-0.102,-1.54,-1.514,0.682,-0.784,0.824,-0.004,-0.167,0.766,-0.186,-0.723,-0.035,-0.976,-0.284,0.283,0.216,0.681,-1.228,0.765,0.868,0.147,-0.802,0.842,-0.066,-1.656,-0.459,0.224,-0.721,1.31,-1.607,-1.084,-0.196,-0.343,1.859,-0.065,0.008,-0.766,-0.658,-0.258,1.308,-1.284,-0.413,1.142,-0.419,-0.186,1.438,-1.519,1.215,Breaststroke,137,907,0.743
0.282,0.089,-0.39,-0.318,0.99,0.413,-0.906,1.084,-0.535,-0.657,0.734,-1.314,-0.331,1.733,0.493,0.617,-0.105,-0.004,-0.783,-0.093,-0.33,-0.26,0.967,-1.188,1.079,-0.423,0.982,1.858,-0.382,0.871,0.169,-1.032,1.119,-0.9,-0.546,1.097,0.66,-0.531,1.829,-1.955,0.291,-0.697,-0.444,0.587,0.715,-0.822,1.936,1.086,0.599,0.331,0.443,-0.219,-0.041,-1.229,0.069,-0.275,-2.06,1.104,-0.1,-0.096,Butterfly,881,678,0.677
-0.118,-0.264,-0.004,0.436,-0.52,-0.19,0.784,0.605,0.198,-0.402,0.949,-0.198,-0.986,1.06,2.239,1.094,-1.653,-0.245,-0.269,1.276,1.517,-0.124,0.573,-1.36,3.1,1.24,2.281,-1.35,0.58,0.61,-0.314,1.74,0.634,-0.814,-0.746,0.261,0.405,-0.272,0.898,0.552,-0.731,0.364,0.374,-0.375,-0.565,-0.137,1.013,0.752,-2.05,-0.264,1.094,0.819,-0.253,-0.972,-0.539,-0.117,1.194,-1.858,-1.136,0.233,Breaststroke,1154,238,0.664
1.336,0.561,0.206,0.408,1.481,0.13,0.039,-0.329,-0.615,0.722,-1.874,-0.182,-0.786,-1.436,2.191,-1.396,-0.171,-1.758,0.992,-0.52,-1.399,0.212,0.224,-0.176,1.151,-0.863,-1.421,0.535,-0.739,-0.106,0.847,-0.014,-0.311,0.355,0.088,1.227,-0.746,-1.273,-0.213,-1.318,1.419,1.085,0.43,-0.238,-3.254,0.462,0.446,0.938,-0.821,-0.304,-0.845,-1.602,-0.052,-0.952,0.07,-0.289,1.464,0.676,1.111,-0.658,Breaststroke,1788,962,0.566
0.198,-0.151,-1.154,-0.441,0.568,0.718,-1.733,0.184,0.077,0.072,0.005,0.145,1.693,-0.076,1.072,0.41,-0.796,0.863,-0.545,-0.412,1.117,-1.151,0.559,-0.905,0.371,0.979,1.001,-0.153,0.125,-0.551,0.725,0.38,0.138,1.088,2.218,-0.737,1.576,-2.898,-1.413,-0.211,-0.141,2.118,0.652,0.218,-1.015,0.644,0.277,-0.012,1.077,1.333,0.561,0.959,-0.04,-0.554,-1.353,-0.32,-2.82,1.255,0.04,-0.719,Butterfly,289,944,0.759
3.4,1.15,-1.213,0.263,1.463,0.259,-0.052,-1.612,0.054,-1.52,-1.581,1.659,0.519,1.366,-1.813,0.772,0.703,0.667,-1.191,0.131,-0.962,-0.074,-2.163,-1.317,1.869,0.47,-0.24,-0.073,0.506,1.368,-0.315,-1.22,-0.324,0.388,0.667,1.061,0.403,-1.633,-0.267,-0.826,-0.403,-0.048,-1.279,0.899,0.736,-1.022,0.355,0.834,-1.613,-1.432,-2.931,-1.711,-0.463,1.028,-0.78,0.909,1.925,-1.318,0.117,0.209,Front Crawl,723,713,0.21
-0.339,0.241,-0.685,1.559,0.118,-0.036,0.547,-1.187,0.316,-0.57,-0.456,0.126,-1.765,-0.432,0.823,0.201,-0.529,-1.029,0.272,0.263,-0.614,0.708,0.649,-0.925,0.601,-0.947,-1.675,-1.512,-1.317,-1.088,-0.68,1.334,0.36,0.361,2.437,-2.599,1.29,-1.306,0.626,1.264,1.423,-0.002,0.532,0.711,1.549,1.144,1.27,-0.356,-0.392,2.402,0.418,-1.334,1.031,-0.701,-0.459,0.02,1.694,1.73,-0.459,1.087,Freestyle,1123,353,0.85
-0.003,0.282,-0.306,0.122,0.884,-1.717,1.275,0.387,0.062,0.67,0.321,0.029,-1.372,1.019,0.391,0.237,-1.323,-0.116,2.086,1.305,-1.197,0.255,1.008,-0.848,1.214,-0.093,0.051,0.013,0.909,-1.875,0.208,0.301,0.666,-1.217,0.484,1.599,0.467,-0.47,0.104,-1.074,0.025,-0.545,-1.284,-0.953,-1.326,-2.328,-0.907,-1.856,-0.411,0.323,0.537,-1.783,-1.294,-1.257,0.393,-0.713,0.512,-1.638,-0.693,0.798,Backstroke,1246,345,0.368
0.392,-0.685,0.436,-0.09,0.549,-1.654,-0.968,-0.759,0.432,0.304,-1.445,0.176,-1.656,-0.141,0.886,1.772,0.979,-0.394,1.081,1.726,1.213,0.697,-1.175,-1.172,0.081,0.747,-0.386,0.133,-0.659,0.077,1.525,1.093,-0.387,0.379,-0.976,0.158,0.734,-0.645,1.619,1.917,2.039,-0.549,1.181,0.915,1.855,0.683,-0.358,-0.219,0.144,0.15,-1.989,0.567,1.984,-0.244,-0.073,-0.147,0.564,1.634,0.32,-0.51,Backstroke,932,501,0.716
-0.265,-0.717,-0.027,1.936,0.798,-1.459,-1.474,2.073,-0.283,-0.099,0.172,0.931,0.612,-0.216,-0.831,0.093,1.029,-0.551,0.355,-0.607,-0.016,0.253,-0.22,-1.299,0.211,-0.301,0.024,0.58,1.12,-0.933,-0.21,0.882,-2.264,0.955,-0.933,1.569,-1.492,-2.753,0.599,-0.902,-0.174,-0.706,1.424,1.955,0.211,1.893,-1.44,0.855,-1.454,0.189,-0.824,-0.954,-0.001,0.336,1.636,0.256,-0.641,1.839,-2.679,-0.718,Butterfly,541,1064,0.525
0.189,-0.412,1.44,1.097,-1.129,0.55,0.313,0.278,1.557,0.865,0.917,2.303,0.757,-0.104,-0.364,-0.325,-0.421,-1.38,-2.044,0.397,1.419,1.095,-1.246,0.151,0.218,-0.756,-0.596,2.019,0.821,-0.685,-0.316,0.081,0.424,1.602,0.592,0.329,0.07,0.051,1.417,0.242,-0.129,0.912,-0.358,0.356,-0.895,-0.166,1.278,-2.669,-1.902,-0.079,-1.075,-1.584,-0.197,1.543,0.438,1.502,1.125,0.808,0.521,1.268,Freestyle,1804,729,0.635
2.081,-1.548,0.044,-1.447,-0.279,-2.168,0.101,0.861,-0.173,1.315,0.393,-0.202,1.206,0.67,0.542,-0.189,-1.103,-1.449,-1.266,1.683,-0.159,0.644,-1.808,1.217,0.186,0.512,1.256,-0.256,-0.958,-0.678,-0.754,1.976,-1.271,0.753,0.098,-0.562,-0.582,1.311,-1.441,-1.044,0.653,-2.238,1.653,-0.397,0.831,-1.954,0.023,-1.19,-0.935,1.55,0.576,-0.171,0.791,-0.895,0.196,0.514,1.084,0.322,2.436,1.883,Freestyle,538,366,0.73
1.839,-1.908,0.091,-1.437,0.139,-0.133,-0.224,-0.006,0.83,-0.29,-0.035,-1.467,-0.114,1.757,-0.176,-1.115,0.293,0.705,0.855,-0.048,-1.479,0.686,0.589,0.701,-0.059,0.508,-0.465,1.638,-0.089,0.751,-2.062,0.223,-1.985,-1.351,-0.954,-1.611,-0.239,1.024,0.392,0.865,-0.159,-0.186,1.337,1.067,0.586,1.399,0.678,-0.809,0.935,0.273,-0.53,0.203,-0.821,2.217,1.948,1.197,-1.738,0.196,0.335,0.536,Breaststroke,860,659,0.596
1.986,-0.351,1.064,-2.668,0.258,0.261,-1.091,-0.256,0.896,1.565,-0.14,-0.456,-0.022,-0.528,1.698,-0.74,-0.407,0.467,-0.25,-0.501,0.859,0.976,0.129,0.131,1.406,-1.338,-1.869,-2.027,-2.088,0.559,-1.064,0.655,-0.006,0.763,-0.768,-1.356,-0.342,0.798,-0.201,1.0,-1.287,-0.583,-0.138,0.807,-0.191,0.6,0.423,-0.616,0.865,-0.237,0.3,0.343,0.704,-0.032,-0.271,-1.861,-0.165,0.472,0.427,0.67,Freestyle,913,325,0.707
-0.794,-0.747,-0.589,0.8,-0.051,-0.048,1.121,1.012,0.278,-0.786,0.394,-1.829,0.46,-1.383,0.694,-0.908,0.087,-1.05,0.725,0.238,-0.671,-0.023,1.544,-0.377,-0.406,-0.364,-0.173,1.655,0.419,0.783,-0.734,-0.642,-1.261,0.594,0.477,-1.342,-0.27,1.856,1.564,0.736,0.185,-1.434,1.582,-0.008,-1.89,-0.11,-0.019,-0.729,2.134,1.033,-0.629,1.256,0.303,0.455,0.343,0.019,0.998,0.174,0.962,1.159,Butterfly,453,919,0.194
1.527,-0.485,0.584,-1.888,0.778,-1.963,1.141,-0.185,-0.847,-0.535,-0.842,0.277,1.036,-0.328,0.565,-0.234,-1.645,-1.871,0.196,0.599,1.053,-0.476,-0.205,3.037,0.576,-0.07,-0.421,-0.771,-0.624,0.595,-0.155,0.308,-0.527,0.518,-2.067,0.606,-0.16,1.244,-0.747,-1.195,0.734,1.943,1.798,-0.414,0.297,-0.739,-0.526,-0.288,-0.607,1.745,0.205,0.005,0.775,-1.435,0.141,-1.974,-0.762,-1.745,0.479,-0.534,Backstroke,1389,111,0.999
0.203,1.19,-0.069,0.339,0.423,-1.206,-1.0,0.776,0.865,-1.113,1.349,-0.925,-1.208,0.829,0.329,0.55,1.295,-0.764,-1.117,-2.769,1.228,-0.968,0.133,-0.195,0.406,0.021,-0.402,0.525,1.973,0.184,0.389,0.186,-0.159,-0.746,0.576,-1.508,-2.035,0.937,0.643,-1.369,-0.989,-0.278,0.747,0.614,-2.806,0.962,-0.953,-0.537,0.58,-1.238,-0.39,-2.13,-0.365,1.873,-1.036,-1.938,0.564,-1.098,-0.427,-0.736,Freestyle,1354,546,0.492
-1.217,0.866,-0.282,1.712,-0.78,-0.24,-1.323,0.669,-4.011,0.099,0.409,0.044,-1.119,-0.695,0.064,-0.595,-0.974,-0.791,-0.055,-0.025,0.773,2.472,-1.38,0.57,0.869,0.656,0.208,0.28,-1.311,1.602,-0.324,-0.812,0.959,-0.513,-1.038,-0.269,0.635,-0.157,0.178,0.672,1.026,-1.349,1.752,1.133,0.438,-0.217,0.611,0.121,0.324,0.285,1.427,0.419,0.059,0.812,1.88,-0.248,0.081,0.881,-1.222,-0.07,Butterfly,1025,866,0.522
1.752,-0.27,0.486,-0.592,0.537,0.861,0.358,-0.536,1.584,2.198,-0.371,-0.307,1.002,-0.464,0.696,-0.366,0.162,-1.926,0.901,0.589,-0.769,0.25,0.326,-0.5,1.264,0.219,0.157,-1.566,0.787,0.765,0.916,0.035,0.099,0.14,-0.668,0.606,0.414,0.071,1.48,0.989,-0.514,0.237,0.288,-1.357,0.037,0.667,-0.537,-0.358,-0.935,-1.073,0.083,1.995,-1.756,0.536,-1.975,0.46,1.249,1.12,-0.339,-1.13,Butterfly,1310,899,0.238
1.073,1.511,1.018,-0.15,0.672,0.966,-0.782,-0.336,1.867,0.441,-0.163,1.223,0.238,1.006,-0.988,-0.533,2.312,-0.511,0.292,-0.731,0.338,-2.326,-1.735,0.381,-0.22,2.212,0.409,0.188,-0.285,-0.9,-0.283,2.349,-1.374,0.845,-0.075,0.611,0.211,-1.683,-0.892,-0.046,-0.906,0.446,-0.833,-1.281,0.181,1.779,1.079,1.541,-1.033,-1.572,0.539,-0.167,-0.188,-0.912,-0.293,-0.016,0.703,1.327,0.541,-0.082,Freestyle,357,602,0.908
0.344,-0.127,2.086,1.105,0.656,0.759,0.192,0.485,-0.454,-1.11,0.221,-0.554,0.691,-1.041,1.595,0.689,2.947,1.409,1.892,-0.993,-0.839,-0.33,-0.215,1.22,-1.052,0.722,-0.604,0.105,-0.175,-0.654,0.092,0.622,1.222,0.527,0.215,0.775,1.633,-0.071,0.672,1.43,-0.374,0.014,0.849,0.711,0.25,1.734,-1.839,0.588,-0.103,0.944,0.636,0.269,0.64,-1.086,-1.282,-0.51,-0.403,-2.133,-0.36,0.774,Butterfly,1763,759,0.219
-0.176,1.672,0.433,-2.159,1.228,0.32,-0.51,-2.033,-0.312,0.716,2.782,0.089,0.718,-0.507,0.741,0.665,-1.575,-0.939,-1.067,-0.394,-0.859,-0.127,0.357,-0.509,0.724,0.753,-0.539,0.242,-0.142,-0.195,0.559,-0.334,-1.3,-1.177,0.619,-0.142,1.381,-0.522,1.084,0.937,-0.945,-0.416,2.075,0.093,-0.403,-0.719,0.569,-1.094,0.996,-0.962,-0.352,0.156,-0.615,-0.04,1.525,-0.832,0.33,0.399,0.046,-2.348,Butterfly,322,1025,0.409
-0.365,-0.601,-0.077,1.44,-0.835,0.061,0.313,-1.207,-0.413,0.517,0.5,-1.797,0.826,0.218,-0.213,0.871,1.922,0.549,0.435,-1.408,0.488,0.621,-1.046,0.229,0.277,2.036,-2.622,-0.644,0.244,-0.289,-0.734,-0.304,-0.933,-1.521,-0.052,0.479,0.052,1.371,0.031,-1.068,-0.647,1.066,1.335,1.281,-0.761,-0.456,0.607,-0.216,0.208,0.679,1.099,0.587,1.31,1.002,-0.718,0.275,-0.372,0.961,-0.948,1.862,Freestyle,822,109,0.436
-0.89,-0.151,1.824,0.373,0.903,2.236,1.284,0.452,0.988,-1.045,1.535,0.154,0.055,-0.144,1.098,-0.822,-0.671,0.282,-1.274,-0.158,-0.44,1.295,0.141,-1.085,-0.579,2.301,-1.367,-0.544,1.534,0.724,0.618,-0.304,0.156,-1.463,-0.9,1.415,-0.418,-0.264,0.19,-1.059,0.321,-1.032,-0.245,-1.311,0.697,-2.197,1.124,-0.002,0.052,-0.305,-0.603,1.377,-0.428,0.126,-0.181,0.777,0.08,-1.531,-0.773,-0.581,Front Crawl,915,1015,0.52
0.285,1.766,-0.756,-0.783,0.347,-0.539,-0.447,-0.296,-0.527,-0.024,-0.073,-0.58,-0.27,-0.299,-1.249,0.444,0.435,-1.341,-0.62,-1.492,0.357,-1.417,-0.707,-0.321,0.915,0.343,0.298,0.362,0.087,-0.075,1.104,0.752,-0.703,0.051,1.361,0.279,-2.221,0.769,0.167,-1.255,-0.608,-0.508,1.55,-0.778,-0.218,-0.024,-0.724,-1.247,-1.906,2.285,0.288,0.03,1.189,-1.308,-0.455,-0.586,-0.934,1.126,-0.525,1.708,Backstroke,397,389,0.125
-1.457,0.906,0.031,-0.232,0.748,-1.415,-0.197,-0.328,-1.722,1.849,-1.01,1.166,1.619,-0.797,0.023,1.87,-0.144,1.29,0.27,1.045,0.046,-0.255,-1.571,0.35,1.306,-0.295,0.065,0.782,1.134,-0.383,-0.835,-0.812,0.322,0.151,1.218,-2.156,-0.864,-1.651,-0.24,1.311,-1.45,1.067,-0.482,-0.614,1.252,-1.516,-1.292,0.959,0.457,0.083,0.16,-1.076,0.732,0.609,1.431,1.441,-0.764,-1.297,1.066,-0.386,Butterfly,1770,889,0.959
1.165,-0.534,0.352,-0.19,-0.902,1.077,0.492,-0.055,0.436,1.442,-1.915,-1.287,2.785,-0.169,-0.392,0.219,-0.633,1.516,-0.54,-2.892,1.004,1.255,-0.163,0.81,0.087,0.159,-1.106,-0.239,0.264,-0.262,-0.552,-0.932,-0.36,0.408,-0.353,0.006,-0.387,-0.187,1.002,1.287,-0.823,-0.383,-0.935,-0.565,-0.806,0.694,-0.639,1.306,0.473,0.816,0.537,1.679,0.722,-0.216,-1.017,0.242,0.683,1.178,-0.928,0.731,Breaststroke,1020,257,0.307
0.65,1.569,-0.206,-0.516,-0.697,0.166,-0.235,1.637,-0.682,-0.31,-0.438,0.76,0.923,-0.627,-0.085,0.024,0.796,0.165,0.565,-0.64,1.478,0.071,-0.73,0.863,-0.264,0.451,1.497,1.298,-1.2,0.483,-1.625,-0.903,-0.712,1.792,-0.76,1.329,-1.287,0.664,-1.39,0.982,-1.94,-0.801,0.14,-0.757,-0.059,0.95,1.284,-0.999,0.658,-0.031,0.103,0.5,-0.027,-0.616,0.981,0.032,1.499,0.847,-0.941,-0.214,Backstroke,175,867,0.476
-0.93,-0.566,-0.313,0.793,0.508,-0.155,1.268,-0.584,-0.199,2.848,0.566,-1.076,-0.85,1.958,-0.769,-0.962,-2.792,-0.872,-1.376,0.363,0.205,-2.345,-0.744,1.008,-0.133,-0.097,0.215,0.447,0.246,0.545,-0.166,0.214,1.055,1.326,0.662,0.963,0.76,-1.902,0.078,-0.307,-0.042,-0.47,-1.496,-1.327,-1.924,1.201,1.169,1.134,0.304,-0.683,0.219,1.87,-0.481,-0.503,0.332,-1.025,-0.231,-0.152,-1.474,1.21,Breaststroke,860,983,0.505
0.181,-0.063,-0.5,-0.513,0.304,-0.698,-0.898,0.238,1.466,0.45,0.087,-1.153,1.939,-0.058,-0.848,-0.588,-0.608,1.336,0.088,0.488,-0.81,0.57,-0.55,0.681,-0.406,0.039,0.727,-1.19,1.006,-2.156,1.49,-0.991,-0.927,0.908,-0.786,-0.387,-1.284,-0.614,-0.238,-0.062,0.104,-0.717,-0.236,0.889,-0.476,-0.303,1.128,-1.32,0.565,1.81,-0.266,-0.361,-0.612,1.244,-1.036,-1.656,-0.549,0.794,0.236,1.643,Freestyle,842,887,0.9
-0.304,-0.193,1.258,1.682,0.136,2.2,0.303,0.907,-0.257,-0.355,1.651,-0.223,0.038,0.143,1.177,0.26,1.248,-0.095,-1.854,0.895,1.234,1.251,1.194,0.671,1.056,-0.197,-0.848,-0.292,-0.581,-0.997,1.255,0.358,0.635,-0.525,-0.814,-0.018,0.785,1.842,-0.646,1.025,-0.657,-0.176,-1.077,0.857,1.733,1.154,0.025,0.572,1.594,-1.043,-0.097,-0.033,-1.783,0.923,0.465,-0.962,-0.827,-0.336,-0.584,-0.245,Front Crawl,162,208,0.603
0.128,-0.337,-0.171,-1.185,0.565,0.432,-0.099,0.664,-2.035,-1.572,1.304,-1.101,-0.73,0.767,0.673,1.79,-0.796,-0.243,0.136,0.005,-0.705,0.457,0.262,-1.592,-0.17,-0.772,0.535,-1.827,-0.871,-0.509,-0.74,0.218,1.211,0.166,-0.975,-0.652,0.641,0.179,1.2,0.688,-0.437,0.901,-1.409,1.402,-1.872,-0.783,1.261,0.374,-0.005,0.934,-0.578,-0.633,-1.547,-0.571,0.413,0.904,0.679,-0.049,1.742,0.637,Butterfly,460,610,0.503
-0.795,0.806,-0.114,1.624,-1.434,1.38,-0.993,-0.999,-0.161,-0.866,-0.745,0.354,1.072,-0.507,-0.349,1.368,-1.082,-1.452,-1.552,0.533,0.602,0.533,0.336,0.706,0.34,-2.053,-0.592,-1.458,0.609,-0.05,-0.712,-0.704,1.261,0.077,-0.447,-0.976,0.462,-0.303,1.648,0.428,0.056,0.256,1.054,-1.147,0.373,-1.127,0.298,-1.786,-0.75,-0.757,-1.239,0.278,0.413,1.33,0.767,-0.09,-1.615,-0.654,-0.106,-0.312,Front Crawl,669,138,0.511
0.384,-1.271,0.353,-0.801,-0.142,1.459,0.46,-0.96,-0.846,0.368,-1.128,1.636,-1.931,1.157,0.387,-2.586,0.191,-0.04,0.121,-0.06,-2.209,0.664,0.252,-0.279,-0.406,-0.256,-0.078,1.129,-0.006,0.471,0.367,0.525,-1.973,0.627,1.74,-0.061,-1.481,1.548,0.245,0.845,0.416,-1.992,-0.866,-0.507,-0.951,-1.167,0.14,-0.812,-0.109,-0.365,0.213,0.675,0.759,0.22,1.626,-0.198,-1.036,1.439,0.73,-2.314,Backstroke,917,907,0.304
0.423,0.364,-1.347,1.108,-0.301,0.265,-0.358,1.309,-0.341,-0.957,0.039,-0.769,-0.829,-0.213,-0.416,0.373,1.018,-1.064,1.064,2.188,-1.269,-0.173,-0.782,-0.627,-0.284,-0.901,-1.045,-0.358,-0.073,-0.197,0.013,-1.237,-0.135,0.229,-0.216,2.396,-1.967,0.667,0.103,-0.939,0.92,-2.14,1.019,0.627,1.507,0.522,1.254,-0.015,-0.675,-0.664,1.266,-0.207,0.903,0.984,-2.299,0.034,-0.156,0.141,0.83,1.71,Backstroke,585,885,0.636
-1.252,-1.23,0.232,-1.608,-0.166,-0.716,0.802,-0.604,-0.037,-0.834,1.804,-1.403,-1.3,-0.11,-0.764,2.115,0.007,0.17,-0.915,1.542,0.584,1.31,-0.77,2.394,-0.701,-0.752,0.402,-0.412,-2.197,1.497,-0.405,0.213,-0.491,-0.852,-1.334,-1.683,-0.735,0.002,-0.966,-0.985,-0.709,1.23,0.807,-0.967,-0.932,-0.027,-0.355,0.253,0.664,1.048,-1.426,-1.05,-0.601,0.441,-0.912,-0.238,2.181,-1.343,0.568,0.788,Butterfly,718,918,0.448
-2.208,-1.427,-0.092,-0.324,1.305,-1.509,1.254,0.421,-0.482,0.65,-1.098,-0.74,0.542,-0.056,1.099,1.118,-1.723,1.629,0.347,-0.539,0.288,0.845,-0.85,-1.596,-0.818,-0.46,-0.849,-2.221,-1.218,-0.211,0.252,-1.41,0.354,1.302,0.295,-0.697,-1.208,0.602,2.511,-1.401,1.226,-1.281,1.801,0.854,-1.489,0.504,0.003,0.941,-1.008,0.751,0.552,0.593,2.318,1.311,0.642,-1.855,-0.025,2.757,2.013,-1.023,Backstroke,847,717,0.472
-0.871,-0.892,-0.096,-0.433,-0.23,0.281,0.565,-0.977,0.11,-0.038,-0.019,1.24,-2.53,0.263,0.96,1.922,0.03,0.216,-0.931,0.705,0.17,1.38,-1.452,0.155,2.521,-0.418,-1.058,-0.088,0.089,-0.63,1.301,0.93,-0.136,-1.202,0.719,-1.403,-1.075,-0.912,-0.027,0.37,1.66,-1.366,1.013,0.048,1.241,-0.227,-0.324,0.134,0.92,0.414,-0.897,-0.008,-0.512,-0.82,-0.992,-0.663,0.919,0.583,-0.699,1.085,Breaststroke,866,966,0.814
-1.303,0.702,-0.914,-2.229,0.876,0.78,0.426,-0.57,-0.111,-0.539,0.803,-0.841,0.535,0.941,1.636,-0.149,-0.295,-0.051,-0.107,-0.231,-0.6,0.759,-0.757,0.411,0.168,-1.077,-0.458,-0.22,-1.127,0.297,-0.245,-0.095,0.502,0.398,1.692,0.931,0.753,-0.234,-0.848,1.552,0.637,0.014,0.725,0.552,-0.07,-0.121,1.423,-1.397,-1.117,0.415,0.606,0.445,-0.648,2.209,0.083,-0.11,-0.162,-1.322,-0.283,-0.113,Front Crawl,1645,941,0.672
-0.021,1.098,1.133,0.267,-0.565,-0.242,1.273,1.738,1.371,-1.016,1.036,-1.754,-1.309,1.826,-0.916,-0.49,1.302,0.641,-1.653,1.24,2.407,-0.347,-1.38,-2.61,0.594,-0.694,1.344,3.12,-0.41,-0.659,-0.229,-0.071,-0.293,-0.987,0.642,0.392,0.837,-1.144,0.817,-0.965,1.877,-1.292,-0.219,-1.987,-0.131,3.266,-0.087,-1.301,0.731,0.376,0.148,-1.295,-0.77,0.527,-0.787,0.594,0.355,1.17,-0.137,1.12,Butterfly,1178,313,0.658
-0.651,-0.889,0.604,-1.651,-1.707,2.104,-1.111,-0.989,-0.938,-2.573,1.276,0.957,0.318,0.064,-0.124,-0.649,-1.898,-0.342,-1.672,-3.167,-0.299,0.491,0.624,0.372,-1.441,1.502,-0.844,1.565,-1.505,-1.45,-0.091,0.905,-0.717,0.486,-0.877,0.27,-0.923,-0.53,-1.168,0.359,-0.668,-0.531,-0.433,0.858,1.211,-0.341,0.062,-0.442,1.486,-0.186,-0.509,-1.122,-0.418,-0.248,-0.275,-1.51,0.003,0.008,-0.435,2.131,Breaststroke,1178,694,1.0
-0.129,0.911,-0.981,0.647,0.775,0.079,1.249,0.218,1.018,-0.389,-0.534,0.073,-0.092,1.445,0.585,0.627,-0.032,-0.834,-2.022,-0.124,0.768,-0.327,1.175,0.01,-0.607,2.088,0.063,-1.364,0.02,-0.389,0.735,-0.556,-0.463,0.743,-0.031,0.593,-1.968,-1.344,0.682,0.469,0.892,-2.552,-0.899,-0.683,0.465,-0.934,-1.107,0.183,0.338,-0.069,0.693,0.685,0.168,-1.53,1.553,-1.161,-0.784,0.555,-1.25,0.139,Breaststroke,832,716,0.464
-1.902,-1.959,-1.075,0.12,-0.99,0.965,0.1,-0.364,-0.387,-0.832,1.614,0.388,-0.217,0.965,-1.323,0.236,-0.035,0.894,1.566,-1.369,-0.905,0.509,-0.598,-0.078,0.279,0.151,0.575,0.434,1.123,1.759,0.496,1.357,-0.586,-1.114,0.473,1.689,-0.993,1.419,0.982,-1.408,-0.858,-0.777,-0.739,1.055,-1.127,1.015,-2.736,1.117,2.055,-0.288,0.38,1.384,-1.189,0.126,-0.598,-1.175,-0.86,0.175,-0.048,-2.124,Front Crawl,1113,449,0.637
-0.52,-2.358,0.183,-0.699,-0.307,-1.401,-0.396,0.4,0.4,-0.52,0.662,-1.112,1.576,1.481,-0.995,1.585,-0.598,-1.338,0.097,-0.107,-0.883,-1.3,-0.509,-0.152,-0.658,-2.201,0.386,1.206,-1.395,2.142,-0.123,0.545,0.562,-0.125,0.164,-0.797,-0.222,-1.352,-0.696,-0.275,-0.313,-0.64,-1.077,-1.855,1.535,-1.037,-1.807,0.143,1.619,1.565,-0.741,-1.397,-1.431,-1.671,-0.672,0.228,0.161,-0.397,-1.09,1.63,Breaststroke,1798,668,0.625
1.898,0.466,0.025,0.277,1.092,-0.159,0.457,1.965,0.384,0.825,-0.541,-0.105,1.721,-1.166,-1.128,-0.692,-1.581,-1.532,0.787,0.472,0.649,-0.032,1.241,0.866,-1.19,-0.781,-1.692,1.805,-0.416,0.51,0.082,-1.45,1.11,-0.732,-1.158,-1.27,1.842,-0.051,-2.633,0.373,-1.912,0.216,-0.163,0.164,-1.417,-0.15,0.645,1.45,-1.594,-0.429,-0.165,-3.721,1.204,-1.122,0.924,1.135,-0.253,-0.101,1.475,-1.661,Front Crawl,282,355,0.332
-0.737,-1.392,-1.177,0.524,1.441,1.512,-1.094,-1.21,0.582,0.014,0.526,-0.111,0.386,-0.123,1.169,1.383,1.632,0.692,1.291,0.206,-0.536,0.82,-0.806,-0.049,-0.52,-0.373,0.783,-0.738,-2.114,0.835,1.379,-0.482,-0.865,1.534,-1.964,-0.584,-0.867,0.462,-0.005,0.728,-0.652,2.016,0.468,0.614,1.139,0.087,0.448,-0.719,-1.294,-0.513,-0.962,-1.891,-0.317,-1.594,2.277,-0.59,1.489,-0.563,-0.854,0.163,Front Crawl,1350,1041,0.206
-2.687,0.901,0.689,0.942,-0.161,-0.503,3.12,-0.05,1.064,0.585,-0.239,-1.367,0.301,-0.219,-0.413,0.355,-0.175,0.331,1.237,-2.493,2.168,0.559,-0.843,0.755,-0.489,0.35,-0.198,-2.284,-0.547,-0.136,1.16,0.454,1.254,1.248,-0.257,-0.933,1.138,-1.96,-1.101,0.068,0.432,1.805,-0.72,-1.082,0.412,0.07,-0.637,-1.97,0.468,0.67,-0.523,0.173,-1.452,2.205,0.249,-0.671,-1.826,0.606,-0.187,-0.136,Freestyle,866,607,0.375
-0.63,1.488,1.568,0.838,-1.324,0.103,-0.365,1.528,0.082,0.752,-0.175,-0.866,-1.591,0.728,1.498,-1.607,-0.472,1.145,0.37,1.236,0.018,-0.622,0.153,0.612,-0.424,-0.419,0.834,0.824,0.682,-0.88,0.165,-0.983,1.327,1.623,-1.066,-0.02,1.79,0.096,0.804,0.621,-1.167,1.45,-0.393,-0.507,1.081,-1.358,-0.548,0.864,-1.196,-0.177,1.338,0.466,0.255,-0.453,-0.971,0.134,0.678,-0.395,0.49,-0.196,Front Crawl,904,366,0.502
-0.27,1.179,0.502,0.471,-0.785,-0.424,0.073,-0.289,0.172,-1.532,1.483,-1.046,0.178,-0.979,-1.615,-0.36,0.722,-0.813,0.314,0.551,0.492,-1.117,-0.119,1.596,0.083,-0.468,-0.461,0.833,-0.642,0.304,-0.202,0.658,2.424,0.025,1.417,-0.626,1.736,0.32,-0.962,0.211,-0.169,-0.511,1.059,-0.794,-1.262,-0.748,-0.878,-0.854,-1.058,-0.56,-0.594,-0.113,1.026,-1.548,1.383,1.513,1.25,1.864,-1.028,1.172,Freestyle,263,278,0.089
0.011,0.448,0.451,-1.147,-0.627,-1.939,-0.955,1.572,0.037,0.385,1.62,0.557,-1.187,-0.756,-0.172,0.822,0.08,-0.254,0.005,-0.529,-1.734,0.133,1.352,0.226,-2.1,-0.334,0.363,-1.942,-0.836,0.375,-1.553,-0.562,0.067,0.641,-0.258,0.482,0.857,-3.386,1.317,0.703,0.9,-0.004,0.659,0.018,1.681,0.909,1.839,-0.033,-1.64,0.922,-0.822,0.582,-1.153,-0.304,-1.809,1.916,-1.115,-1.459,-0.962,-0.374,Butterfly,1062,635,0.664
-0.017,1.721,1.4,-1.986,0.902,-0.69,-1.452,0.086,1.157,0.535,-0.307,1.085,0.803,-0.459,0.37,-0.621,-0.416,1.268,1.024,-1.453,-1.842,-0.834,0.216,0.73,0.1,1.046,-1.338,0.244,-1.074,-1.251,0.146,-0.202,0.705,0.523,0.405,0.42,1.405,0.729,0.046,0.737,-1.764,-1.26,-1.311,0.244,1.998,-0.018,-0.296,0.614,0.09,-0.209,-1.431,1.115,-0.452,-0.437,-1.003,0.22,0.006,0.351,2.048,-1.527,Butterfly,1787,737,0.743
0.797,0.666,-0.047,0.062,-0.893,-0.353,0.473,-0.011,1.335,-0.072,-1.701,-0.112,-0.866,-1.529,-0.129,-0.504,-0.255,-1.805,-0.487,-1.243,0.223,-0.803,-0.409,0.502,0.051,-0.339,-0.023,1.013,-0.256,0.441,-0.413,-0.632,0.898,-1.298,0.853,-0.123,-0.68,-0.06,0.876,-1.258,0.486,1.586,-1.252,-0.171,0.161,-0.294,-0.037,-0.172,-0.241,2.068,0.539,1.948,0.046,0.509,-1.771,-0.168,0.337,0.176,-0.907,-0.828,Front Crawl,1674,410,0.101
1.694,-0.306,0.152,1.458,-2.171,-1.465,-0.672,0.171,1.271,-0.82,-0.987,1.31,0.29,-1.172,-0.167,1.022,0.463,0.107,-0.478,-0.348,0.703,0.496,-0.347,-1.15,-0.578,-0.045,1.298,0.81,1.312,1.491,2.149,-0.19,2.212,-0.008,0.415,-0.158,-0.127,0.694,-1.081,-1.255,-0.312,-0.237,-0.943,-0.305,0.117,-0.658,-0.71,-1.293,-0.03,-0.378,0.547,-1.022,0.627,-1.071,-1.338,1.563,-0.523,-1.424,1.266,-0.586,Backstroke,895,241,0.29
0.915,0.048,-1.014,0.098,0.338,-0.065,-0.717,0.926,-0.404,-0.268,0.271,0.616,-0.144,1.436,1.018,1.323,-0.451,2.272,-0.056,-0.651,0.272,-1.164,1.234,0.449,-0.645,-0.031,-0.043,-0.9,-0.803,0.448,0.734,-0.605,-0.015,-0.017,0.058,-0.541,0.298,1.23,0.409,0.216,-0.646,0.89,0.974,-1.428,1.195,-0.518,-0.525,-0.163,-1.632,-0.592,0.329,0.435,0.412,0.892,0.448,-0.341,-0.292,0.793,-1.343,0.007,Butterfly,1896,770,0.659
-1.946,-0.007,0.852,1.59,-0.379,0.711,-0.222,0.6,-0.514,1.049,0.371,-2.183,-0.387,-0.514,0.502,0.575,-0.887,-0.375,0.721,0.703,-0.903,0.145,-0.064,0.111,0.86,-0.86,0.014,0.199,2.374,0.897,-0.141,1.714,-1.529,0.15,0.053,-0.813,0.547,0.695,0.648,-1.234,0.016,-0.652,0.654,-0.726,0.101,-0.471,0.541,0.289,-1.342,1.34,-1.354,-0.169,0.027,-0.796,1.127,0.781,-0.191,2.198,-0.407,-0.417,Freestyle,561,705,0.712
1.177,-1.747,0.18,-0.304,1.097,-0.357,-0.915,0.649,0.477,-0.068,0.88,-0.759,-0.63,-1.355,-0.155,-1.039,1.331,-0.176,-2.104,-1.177,0.649,-0.41,0.347,0.879,-0.318,-0.451,1.429,-0.166,-1.818,-1.043,-1.79,-1.454,-1.257,-0.378,0.525,0.239,0.604,-1.721,1.481,-1.388,-0.765,-0.536,0.127,2.635,0.344,0.086,-1.62,-0.615,0.365,0.222,2.674,0.058,-1.106,1.376,-0.884,-0.444,0.706,0.97,-0.08,-0.935,Butterfly,198,616,0.227
0.215,-0.708,-0.044,-0.801,-1.165,-1.619,-0.354,-0.339,-0.394,0.615,1.195,-0.217,-1.523,-0.013,-1.835,1.867,-0.741,-0.831,-1.271,-0.645,1.037,-1.289,2.383,-1.242,-0.342,0.077,-0.551,1.129,0.366,0.794,1.091,1.014,-0.604,0.147,0.833,0.167,1.649,-1.069,-2.321,0.384,0.595,-1.501,-0.009,-0.821,1.668,0.459,-0.333,0.172,0.223,1.352,-2.208,-1.573,-0.015,-0.149,0.086,1.62,0.165,-0.615,-1.144,-1.982,Front Crawl,968,724,0.395
-0.577,0.06,1.22,1.538,0.128,-0.102,0.063,-0.068,0.431,0.124,2.188,0.975,-0.628,0.801,-0.925,0.68,0.071,-2.193,-0.869,-0.465,-0.244,-0.44,-0.027,-0.863,0.89,0.6,0.065,-0.069,0.564,1.524,1.234,-0.841,-1.149,0.779,1.032,1.069,-2.575,-1.521,-0.044,1.025,-0.989,-1.271,0.051,0.444,-0.637,-0.69,-1.661,0.279,-1.15,0.669,-0.377,0.69,-1.517,0.034,-1.576,1.195,0.268,-1.032,-1.373,-0.179,Backstroke,1812,455,0.113
0.664,1.993,-1.183,0.155,0.761,1.889,-1.031,-0.799,0.357,1.131,-0.572,-0.194,-0.26,-1.047,-1.277,0.23,-0.821,0.067,0.066,-2.052,0.241,-1.015,-2.26,2.065,-0.1,0.828,1.13,-0.805,0.312,-0.759,0.388,1.288,-0.253,0.525,0.118,0.729,-0.349,-0.36,0.548,1.223,0.385,0.445,0.177,0.147,-1.324,-1.265,-1.428,0.939,1.601,-0.486,3.717,-1.005,0.436,0.072,-2.057,-0.339,-0.82,0.429,0.193,0.092,Backstroke,1105,242,0.653
0.488,0.589,-2.013,0.164,-0.802,0.428,-0.095,-0.473,-0.531,-0.607,-0.093,0.225,0.198,-0.286,0.406,0.326,0.417,0.043,-0.412,1.065,0.191,1.807,-1.178,-0.521,-0.234,-1.014,-0.284,-0.126,0.125,0.087,1.185,0.408,0.249,-1.042,-1.3,-1.945,-0.182,0.558,-0.297,0.985,-0.98,2.294,1.554,-1.883,0.546,-0.716,-2.303,-1.535,0.065,0.55,-1.164,0.26,-0.149,-1.02,0.544,-2.888,-0.153,-0.301,0.614,0.751,Backstroke,970,973,0.601
0.627,-0.208,2.552,0.38,0.958,-0.842,-0.165,-1.902,-0.634,-0.538,1.105,-2.5,1.261,1.341,0.277,0.216,-2.537,1.159,2.596,0.598,0.154,-1.681,-0.025,0.88,-0.442,0.777,-1.192,2.258,0.52,-1.098,0.358,-0.108,0.231,-0.02,0.818,-0.76,-0.044,-0.023,0.545,-0.227,0.14,1.183,0.645,-0.008,1.26,2.097,-0.004,-1.376,0.917,0.852,-0.231,0.639,1.671,-0.182,0.855,-1.246,-0.795,0.265,1.28,0.868,Butterfly,337,577,0.811
-2.156,-0.693,1.373,-1.279,-0.058,1.994,1.526,-0.503,-0.306,-0.35,1.506,-0.167,1.117,-0.987,0.234,1.443,0.601,-0.576,0.623,-1.316,0.737,0.757,0.544,-0.592,2.197,1.172,-0.168,1.85,0.329,-1.135,-0.752,-0.309,0.948,0.805,-0.045,0.355,-1.503,0.336,2.129,-0.428,0.759,1.174,1.319,-0.192,2.001,-1.985,-0.122,1.242,2.143,0.285,-0.307,0.26,-2.358,-0.873,-1.319,0.828,-2.175,-0.822,0.091,-0.252,Front Crawl,532,265,0.738
0.553,0.364,-1.081,-0.169,1.497,0.0,-1.099,0.827,0.335,0.528,-0.483,0.591,1.022,-0.614,-0.391,0.395,0.32,0.599,-0.669,0.895,0.169,0.028,-0.668,0.414,1.365,-0.236,-1.485,1.457,-3.102,0.643,0.425,-0.753,0.648,-1.557,1.321,-1.638,-0.127,1.052,0.881,-0.83,-0.993,-0.288,-1.52,-0.094,-1.368,0.375,0.588,-0.485,0.641,2.837,1.266,1.703,-1.271,-0.915,-3.308,1.832,-1.68,0.319,0.238,0.063,Butterfly,1687,484,0.834
-0.689,1.14,-0.623,-1.085,-1.507,0.649,-0.405,0.297,-0.357,-0.496,1.695,-0.009,2.118,0.344,-0.119,-1.442,1.987,0.106,-0.949,-0.988,0.244,-0.236,-0.38,-0.386,-1.7,1.954,1.265,0.502,0.409,-1.423,0.624,-0.942,1.684,-0.202,1.221,-3.496,-0.13,0.247,-1.532,-1.125,-0.028,-0.178,-0.145,0.181,-0.668,-0.946,-0.552,0.46,0.474,-0.644,-0.771,0.347,0.592,-0.558,-0.874,-0.314,-0.735,0.744,-1.206,-0.343,Front Crawl,451,215,0.414
-0.625,-0.264,1.528,1.063,0.2,-1.153,-0.518,-2.221,-1.421,-1.077,-0.051,-0.512,-1.454,0.921,0.381,-0.55,0.826,-0.971,2.038,0.84,-0.964,0.391,0.798,-0.522,-0.677,0.63,0.864,1.351,-1.037,0.877,-0.416,-0.515,-0.364,-2.64,-1.306,0.403,-0.714,-0.104,0.264,0.735,0.225,-1.662,-0.229,-0.721,-0.409,-0.355,-0.946,0.507,0.226,1.364,-1.394,-1.375,-2.084,-0.383,-1.25,-1.488,0.875,-1.037,-0.282,-0.538,Breaststroke,268,940,0.591
-0.224,0.196,0.518,0.375,0.076,-0.157,0.227,0.209,0.635,1.045,-0.335,-1.019,-0.851,-1.226,0.573,-0.503,-0.921,-0.146,-1.632,-0.404,1.845,0.693,-0.842,0.945,0.653,0.184,-0.59,1.725,-0.492,-1.357,-0.553,0.242,-1.735,2.228,0.305,-1.034,0.788,1.14,-0.92,0.55,0.972,-1.462,-1.797,-0.998,-0.04,0.724,0.012,0.109,0.879,0.792,0.198,-1.335,0.576,-0.307,-1.34,-0.567,-0.435,0.533,-0.224,-0.491,Breaststroke,1882,322,0.575
-0.813,-0.409,0.531,-0.09,-0.427,0.651,-0.524,-0.969,-1.406,-0.509,-1.481,1.066,-0.349,0.126,0.431,0.438,-1.245,0.141,-0.649,2.407,-1.649,-0.328,2.347,2.321,0.594,0.433,-0.145,0.695,-1.562,-0.073,-0.372,0.067,2.23,-0.532,1.297,-1.545,0.737,0.659,0.781,0.239,0.756,0.273,0.017,-0.907,0.603,-0.553,1.765,1.485,1.426,-0.808,-0.272,-0.165,1.437,-1.293,0.749,0.118,1.666,-0.1,0.336,-0.099,Backstroke,887,564,0.686
0.098,1.117,-1.396,-0.097,-1.4,-0.4,0.269,0.117,-1.446,-1.028,0.516,-0.736,0.747,0.607,0.247,-0.078,-0.565,-1.725,-0.173,1.078,0.048,0.776,1.617,1.439,-0.457,0.394,-1.356,0.981,0.832,-0.046,0.632,0.859,-1.354,0.904,-0.078,-1.237,0.368,0.431,-0.128,0.749,0.452,1.902,0.086,2.573,1.033,1.842,-0.029,0.807,-0.245,-0.952,1.298,1.576,-0.439,0.512,0.16,0.964,-1.261,0.901,1.05,-0.63,Breaststroke,825,872,0.087
-1.885,0.132,-0.307,1.545,-1.305,0.242,-2.821,-0.137,0.965,1.377,-0.948,-0.925,-1.078,1.545,0.234,-0.517,-0.312,-1.024,-1.724,0.836,-0.706,1.034,0.403,0.029,0.584,1.584,-0.17,0.876,0.864,1.339,2.634,0.936,-1.34,-1.458,0.276,-2.164,0.744,0.286,-0.114,2.019,-1.131,-0.327,-0.288,0.989,1.078,0.426,0.379,0.146,-0.348,0.389,0.424,-0.165,0.086,-1.145,1.877,-1.429,0.117,1.413,0.598,1.277,Butterfly,574,694,0.13
-0.367,0.094,1.885,0.521,1.881,-0.539,1.245,-1.424,-0.836,-0.039,-1.494,0.616,0.115,-1.058,1.368,-1.255,-0.822,0.283,-0.939,-0.23,-0.841,0.812,-0.264,-1.566,-0.939,0.393,1.336,-0.138,-0.519,1.71,0.04,-2.082,1.828,1.124,-0.958,1.023,1.083,0.293,-0.579,0.45,-0.682,0.47,-0.58,1.859,-0.933,-0.343,0.317,-1.299,-0.189,0.927,-0.786,0.11,-0.063,0.345,-0.201,-0.608,0.317,-0.301,-0.73,-0.602,Freestyle,742,761,0.684
-1.479,0.078,0.278,0.647,0.999,1.072,1.231,-0.31,1.02,0.505,-1.161,0.768,-2.024,1.764,-0.891,-0.588,0.155,0.951,-1.411,-0.168,0.898,-0.644,-0.319,1.525,-0.84,1.38,0.439,0.708,0.533,-0.319,1.005,1.382,1.699,0.454,-0.502,-0.663,0.159,0.564,1.02,0.09,-0.936,1.507,-1.106,-1.213,1.607,-1.99,-1.367,0.887,-0.57,-0.652,-1.364,-1.283,-0.038,-1.334,0.342,1.017,0.435,-0.805,0.237,-0.906,Backstroke,176,229,0.628
-1.135,-0.853,-0.061,-0.045,0.688,1.254,-2.225,-0.032,-0.402,-0.284,-1.261,0.025,-0.099,-1.225,0.911,0.563,-0.694,-0.296,-0.626,0.029,-2.275,-1.222,-1.528,1.683,0.341,0.164,-0.331,0.824,1.448,-0.112,0.138,-1.074,0.663,1.627,-0.06,-0.145,-0.498,-1.225,0.042,-1.287,0.112,-0.556,0.586,2.346,1.002,0.147,-0.946,0.0,-2.076,-1.155,-0.81,0.083,0.661,-0.294,0.19,0.855,2.274,-0.304,-0.001,-0.648,Breaststroke,1100,574,0.953
0.374,0.818,1.576,0.036,1.253,1.917,-1.803,-0.508,-0.258,1.296,1.283,-0.351,-0.368,-0.254,-0.935,0.779,-1.332,-1.956,0.361,-0.418,-1.892,1.451,-0.581,0.459,-0.14,0.553,1.603,-0.543,-0.424,-0.076,0.401,-1.099,-2.019,-0.249,0.574,1.147,0.699,0.425,0.014,0.516,0.959,1.377,0.164,1.155,0.257,-0.48,0.321,0.673,0.021,-0.326,-1.059,0.275,1.947,-1.975,0.884,0.167,-1.626,0.25,-0.376,2.221,Front Crawl,399,451,0.37
1.746,-0.57,0.091,-0.564,0.281,-1.105,-1.092,1.309,-1.062,-2.162,0.324,1.596,-0.843,-0.151,-1.264,1.693,-0.139,-1.261,1.131,-0.796,-1.253,-0.169,-0.867,-1.405,-0.258,-0.786,-1.632,0.765,-0.493,-1.179,0.158,0.104,0.999,1.332,0.757,-1.513,0.363,0.299,-0.595,0.798,0.639,0.963,0.511,0.862,-2.278,1.716,0.53,1.335,0.723,0.428,0.823,1.421,0.198,1.084,0.227,1.558,-1.718,1.956,-0.0,-1.391,Backstroke,1322,336,0.496
1.18,0.634,0.113,1.452,-0.35,-0.405,0.766,-1.362,0.404,-0.885,-1.689,-0.936,1.679,0.964,-0.017,1.379,-0.251,0.57,-0.692,-0.468,-0.085,2.479,1.003,-0.861,-0.054,-0.715,0.065,-0.227,0.094,0.874,-0.213,0.95,0.627,-0.266,-0.737,-0.71,1.119,-0.306,-0.488,1.677,0.085,-0.073,-1.5,-0.011,1.315,-0.412,-0.542,1.636,-1.822,0.424,0.485,-0.155,0.275,-0.524,0.407,-0.528,0.438,-1.44,0.194,-1.118,Freestyle,274,940,0.29
0.646,1.456,-0.241,1.31,-0.343,0.529,0.89,0.903,0.457,-0.224,1.326,-0.049,0.033,0.099,1.754,1.19,0.24,0.511,1.039,1.038,-0.234,-2.645,-1.526,-1.713,0.353,0.437,-1.205,0.105,0.276,1.089,1.489,0.468,0.816,-2.046,-1.394,-1.366,1.176,-0.877,-1.591,-1.238,1.583,-0.049,0.868,1.81,0.127,-2.542,0.924,0.774,-0.141,-1.504,-1.252,-0.248,-1.465,0.357,-0.388,-0.881,-0.894,0.631,1.03,0.242,Backstroke,733,192,0.576
-1.071,-0.045,0.52,0.247,1.113,0.212,-0.087,-0.598,0.994,-1.341,0.176,-0.034,-0.073,-0.406,-0.367,-0.976,1.409,1.503,1.131,-0.549,-0.41,1.522,-0.531,-1.686,0.853,-1.344,1.84,-0.243,-0.089,0.443,1.238,0.24,-0.207,0.232,0.145,0.962,0.908,0.71,-0.053,0.477,-0.252,0.53,0.76,1.772,-0.76,1.049,-0.162,0.97,-0.443,0.043,0.71,0.589,-0.973,0.814,-0.58,0.869,0.242,1.206,2.053,-1.609,Butterfly,602,684,0.324
-0.626,-1.33,0.41,-0.766,-0.215,0.398,2.247,-1.09,0.015,1.221,0.605,-0.047,1.201,-0.529,1.134,0.56,0.689,0.873,-0.819,-1.28,-0.559,-0.718,1.209,-1.378,-0.608,0.144,-0.605,0.282,-0.541,-0.769,-0.917,-0.614,-1.478,-0.496,0.453,0.032,0.679,-0.315,-0.723,-0.16,0.717,-0.292,-0.279,-0.58,0.155,0.96,0.459,0.373,0.487,-1.51,2.025,-0.924,1.287,-1.695,2.213,0.004,1.846,2.69,0.514,-0.473,Breaststroke,1466,168,0.21
-0.266,0.991,0.313,-1.775,-0.743,2.73,0.94,-1.504,-0.659,0.235,-0.005,-1.896,-0.789,-1.155,0.108,-1.82,-1.114,-2.583,-0.017,-0.053,-0.913,-1.84,0.926,-0.305,-1.38,-1.373,-1.667,1.251,0.569,-0.847,-0.566,-0.19,-0.764,2.529,-1.427,0.62,-1.11,-0.511,0.177,-1.863,-0.683,-0.36,0.428,0.643,0.222,0.117,-0.048,0.614,-0.415,0.5,0.363,-0.368,-0.374,0.586,0.803,1.859,-1.089,0.111,-0.052,1.555,Butterfly,1160,641,0.655
-0.107,-0.659,-0.398,-0.269,-1.703,-1.069,-0.88,-0.034,-0.935,1.8,-0.922,0.991,-0.423,-1.022,-1.852,-0.477,0.854,0.262,1.121,-0.571,1.659,-1.686,0.803,0.43,-0.248,-0.462,-0.669,0.295,1.719,0.941,-0.421,-2.343,-0.683,-0.919,-1.076,1.324,1.094,-0.416,-1.44,-1.253,0.608,0.271,-0.247,0.008,1.282,-0.546,0.526,-0.081,0.637,-0.158,-0.171,-0.508,2.26,1.351,0.832,1.427,0.135,1.437,0.011,-0.838,Front Crawl,693,233,0.25
0.165,0.287,1.23,-0.47,-1.183,0.903,-0.792,1.325,-0.818,-0.009,0.387,-0.648,-0.151,0.353,-1.073,-1.844,0.577,-1.523,0.694,0.774,0.446,-0.275,0.12,2.25,-1.458,0.286,-2.219,1.332,0.653,0.044,0.434,-0.864,0.102,0.744,0.344,-1.224,0.972,-0.458,-0.719,1.306,1.339,0.925,1.522,0.418,1.051,0.419,-0.565,-0.254,0.918,0.446,-1.147,0.208,-0.031,0.086,-0.347,-0.425,-1.068,0.074,1.304,0.084,Butterfly,232,836,0.224
-1.227,-0.783,2.386,-1.097,1.557,-0.62,-1.05,0.379,1.011,-0.402,0.545,0.788,0.758,-0.858,0.015,-0.824,-0.873,-0.339,1.445,0.995,-0.375,-0.582,-0.747,2.839,-0.561,0.118,0.175,0.126,-0.208,-0.761,-0.27,-0.788,1.31,-0.258,-0.319,-0.454,1.251,-0.32,0.231,-0.833,0.928,-0.093,1.241,0.082,-0.259,-0.898,1.006,0.801,0.134,-0.896,-0.128,0.559,1.509,-0.985,-0.801,0.456,-0.263,-0.049,0.296,1.626,Butterfly,1336,1024,0.242
0.303,-0.006,-0.037,-1.41,1.226,-1.69,0.515,0.378,-0.093,0.433,1.334,-1.384,1.487,-0.312,0.177,1.201,-1.277,-0.957,-0.733,-0.112,-0.108,0.027,-0.99,-0.506,-1.14,-0.905,-1.347,0.273,-1.161,-0.064,0.871,1.05,-0.016,0.53,-0.532,0.093,-0.141,0.024,0.782,-0.709,-0.19,1.111,-0.708,-1.406,0.946,-0.092,0.455,0.861,0.442,-0.615,0.038,0.544,-0.153,-0.74,-0.604,0.471,-2.035,0.973,0.811,-1.182,Butterfly,1514,627,0.354
-1.631,0.255,0.392,-0.731,0.102,-1.501,1.05,0.375,-1.721,-0.058,0.564,0.471,0.334,-1.02,0.217,-1.538,0.637,1.299,-2.938,0.787,1.087,-0.656,1.254,0.046,-0.17,-1.461,0.722,0.494,-0.559,-0.08,0.249,1.167,0.759,-0.15,-0.285,-2.087,-0.307,-1.113,0.601,1.518,-0.304,1.658,0.542,-0.231,-0.957,0.202,0.255,-1.229,0.338,-0.839,-0.651,0.252,2.329,0.807,0.613,-1.587,-0.228,-1.522,-0.698,0.166,Breaststroke,1484,766,0.496
0.35,-1.575,1.941,0.093,0.468,1.389,-0.441,0.158,-0.346,2.193,0.712,0.992,0.098,-1.014,-0.245,-0.211,-1.571,-0.037,0.997,0.439,0.57,0.339,-0.896,-1.011,0.242,0.468,-0.788,-0.272,0.205,-0.756,-0.353,-0.289,-0.445,-0.883,-0.392,0.269,0.743,1.17,-1.089,-2.095,0.183,-0.433,-1.248,-0.194,0.236,0.748,-0.569,-1.356,1.354,-0.034,-0.363,0.576,-0.225,-0.587,0.305,-1.602,-0.428,-1.445,-0.135,0.925,Freestyle,1420,662,0.256
-0.219,0.558,1.257,0.089,1.62,-0.796,-0.94,0.473,-1.052,0.67,1.22,-0.467,0.883,-1.189,-1.124,-0.557,1.197,-0.898,0.875,0.719,0.389,-2.216,-0.138,-0.181,0.534,-0.671,0.304,-1.237,1.257,0.349,-1.167,-1.534,0.592,-1.021,-1.277,-1.005,0.354,-1.164,-0.687,-1.188,-0.396,0.326,-0.206,0.198,0.849,-0.923,0.472,-0.565,1.716,-1.159,-0.307,0.144,-1.891,-0.428,0.725,-1.362,0.064,1.077,0.542,0.921,Backstroke,365,312,0.534
0.347,0.699,1.423,1.845,-0.481,0.395,-0.092,-1.097,0.92,0.329,-1.774,1.272,1.055,0.561,-1.637,-0.417,0.69,-1.396,-0.175,0.892,0.599,-0.392,-0.432,-0.546,0.367,-1.28,0.838,1.044,1.483,-1.024,-1.351,0.688,0.891,0.629,-0.766,1.164,-0.521,1.678,-0.031,0.604,0.005,1.216,1.695,-0.052,1.121,-0.71,-0.991,-0.023,-0.259,0.489,-0.901,-1.142,0.254,0.113,-1.625,-0.284,-0.109,0.232,0.822,-0.781,Butterfly,1732,875,0.366
-0.602,-0.06,0.08,0.774,-0.41,-1.926,-2.406,-0.57,0.884,1.135,-1.306,0.995,0.008,-0.948,-0.318,2.31,0.246,1.465,0.188,1.062,-1.515,0.857,0.747,-0.436,1.244,-0.048,0.874,0.106,-0.352,-0.426,1.101,-0.933,0.785,-0.964,-0.268,0.787,2.036,1.218,-0.247,0.8,-1.168,-0.039,-0.1,-1.031,-0.482,-0.266,-2.915,0.267,0.152,-0.516,0.035,0.617,-1.822,0.993,-1.032,-0.482,-0.24,0.064,0.763,1.019,Freestyle,1483,743,0.116
-1.321,0.739,-0.048,0.024,0.332,0.542,0.557,2.022,1.117,-1.528,1.659,1.387,-1.174,2.906,-0.946,-0.288,-0.134,-1.022,0.308,-0.582,-1.158,-2.117,-0.259,0.349,-0.332,-0.906,0.12,-0.413,0.277,-1.093,-1.571,-0.031,-2.149,-0.094,-0.748,0.563,0.467,0.344,-0.946,0.978,0.463,-1.51,-1.025,0.472,0.606,1.653,0.724,-0.75,0.229,-0.107,-0.503,1.148,0.634,-0.149,1.343,0.724,0.594,0.027,0.492,1.153,Freestyle,1006,836,0.732
0.142,0.474,-1.164,0.585,-1.651,-0.871,-1.863,0.144,0.939,1.338,0.131,-0.243,1.999,-0.774,-1.299,1.078,1.798,-1.14,-0.343,0.569,-0.207,-0.467,0.15,1.575,-2.025,0.006,2.193,1.315,-0.436,-0.642,1.078,0.364,-1.377,-0.021,0.488,0.282,0.84,-0.671,-0.872,-0.645,-0.484,0.416,-1.301,0.855,-0.891,-0.259,-2.174,-0.445,1.499,1.758,-0.767,1.579,1.11,-0.043,0.499,-1.771,-0.096,-0.748,0.54,-0.032,Breaststroke,223,337,0.494
-1.907,0.714,-0.989,0.72,-1.554,-0.157,0.803,-1.938,0.137,-0.335,0.471,-1.006,-0.727,-0.293,-0.407,-0.815,-1.548,-1.457,-0.055,-0.319,1.48,-0.115,-0.872,-1.105,1.203,-1.391,-1.238,1.337,-0.023,1.421,-1.873,0.08,0.5,0.744,1.296,-0.789,-0.449,0.049,-0.842,0.577,1.436,0.433,-0.635,0.89,-1.486,-1.511,1.56,0.213,-1.212,0.282,-0.789,0.719,-0.451,1.355,0.523,0.687,-0.495,-0.789,-0.078,0.658,Backstroke,1078,1066,0.168
0.585,0.294,-1.536,-0.847,-0.378,0.03,0.71,-0.512,1.004,-0.191,0.219,-0.88,-0.431,1.459,0.242,-0.477,-2.221,0.524,-0.413,-1.686,-0.5,0.758,0.802,-0.562,0.673,0.528,-0.088,-0.583,2.095,0.019,0.211,1.445,0.128,-1.231,0.056,0.579,-0.409,-0.442,-0.634,-0.425,0.694,0.396,-0.889,1.129,-0.795,-0.987,0.822,-0.642,1.547,0.336,0.754,2.163,1.123,0.162,0.075,1.12,-0.739,-0.773,-0.628,0.385,Butterfly,1144,872,0.446
-0.211,-0.37,1.325,-0.27,0.445,0.052,-1.322,-0.391,0.56,-1.025,1.755,-0.313,1.35,-0.274,0.467,0.683,-0.903,-0.746,0.719,-0.46,2.765,-0.065,-0.61,-0.728,0.982,-0.346,0.088,0.16,0.296,-0.396,0.884,-0.803,-0.76,0.127,1.24,-0.321,0.252,1.23,-1.646,0.914,1.03,0.585,-1.459,0.907,-0.265,1.222,-0.701,0.624,-0.887,0.834,0.184,-2.212,-0.349,-1.161,-0.073,0.104,-0.849,-0.119,1.845,0.65,Front Crawl,694,245,0.382
-1.496,0.167,0.584,-2.398,-1.144,-0.458,-0.57,0.005,0.978,-0.565,-0.609,1.467,-0.071,0.329,0.591,1.889,-0.637,1.485,-0.275,-0.639,0.132,-1.554,0.399,-1.15,0.706,2.138,-0.285,-0.409,1.321,-0.971,0.882,2.441,-1.079,-0.435,-0.511,-0.531,-0.042,0.446,-0.376,-0.943,-0.658,1.271,-0.22,0.916,-0.746,-3.617,-0.663,0.659,-0.064,0.832,-0.679,-0.785,1.441,0.339,-1.369,0.148,-0.651,1.104,0.666,-0.045,Breaststroke,743,509,0.721
-1.411,-1.05,0.169,0.309,-0.096,0.477,-0.069,-1.277,-1.135,-1.488,-0.616,-0.881,0.041,0.681,-0.481,1.94,0.863,0.963,-0.671,0.339,-0.611,1.418,1.603,0.076,-1.416,0.485,-0.528,0.38,0.963,0.131,-0.197,0.74,-0.871,0.786,0.39,-0.794,1.152,-0.357,0.349,0.978,1.12,-1.689,-0.275,1.248,-1.16,-0.351,0.241,-0.441,0.443,-1.228,0.27,1.495,-1.076,0.759,-1.062,0.102,-0.383,1.417,-0.141,-0.827,Breaststroke,1889,519,0.683
0.161,-0.427,-1.104,0.441,0.906,1.012,0.029,-1.103,0.495,-0.374,0.846,0.806,-0.233,0.268,1.1,0.178,1.734,-1.243,-0.612,1.455,1.047,-0.581,0.582,0.136,-1.631,-2.273,0.732,0.309,-0.7,-1.193,-0.495,-0.711,-0.467,0.156,1.051,0.287,0.706,0.411,1.551,0.579,1.126,0.137,0.632,-1.145,-1.797,-0.399,-0.703,-0.971,-0.495,0.97,0.397,1.568,0.483,1.002,0.091,0.993,1.204,-0.537,0.139,-0.116,Front Crawl,633,850,0.427
-1.253,0.188,0.377,-0.576,0.393,1.122,0.282,0.043,1.345,0.278,-0.713,-0.127,1.364,0.801,0.577,1.461,-1.067,-0.228,-0.177,0.53,-0.26,-0.273,0.512,-0.172,1.25,-0.477,0.587,-0.342,-0.747,1.857,0.484,-0.69,0.344,0.708,0.201,-0.347,0.3,-1.223,0.58,0.505,-0.811,-0.587,-0.083,-0.247,-1.018,0.208,-0.4,2.26,0.49,-1.355,-0.664,-0.468,-2.325,-1.048,0.717,-0.75,-0.857,0.041,0.835,-1.46,Front Crawl,1692,675,0.551
1.379,-0.744,-1.415,-0.801,2.023,0.537,0.462,0.255,-0.024,-0.592,-0.441,-0.008,-0.263,-0.252,-2.155,-0.294,-0.219,1.614,-0.169,0.284,-1.701,0.742,-0.482,-2.193,-0.822,-0.756,-0.923,0.558,0.713,0.279,-0.893,0.157,-1.318,0.78,1.91,-0.924,-1.143,0.274,-0.539,0.361,-0.211,0.258,-0.153,0.867,-1.202,-0.038,0.556,0.823,0.56,-0.541,0.848,0.927,1.635,0.426,-0.226,1.246,-0.967,0.723,1.123,-0.116,Breaststroke,768,161,0.304
-0.249,-1.292,0.772,0.778,-0.926,-0.372,0.09,1.193,-0.891,-1.138,0.987,-0.42,-0.045,-0.112,0.989,-0.9,-0.572,0.656,-0.546,-0.991,-0.503,-1.028,-2.041,-0.343,-1.423,1.094,-0.548,0.523,-0.079,-0.167,-1.261,-0.304,-1.473,0.756,-0.219,0.986,0.97,-1.369,0.209,0.399,-0.622,0.707,-0.304,-0.554,1.357,-0.026,-0.488,-1.33,-0.98,0.051,0.426,-0.986,0.619,1.884,-1.002,0.715,-0.303,-0.067,0.67,-1.065,Butterfly,513,456,0.263
0.091,0.496,1.063,-0.955,0.024,1.027,0.901,-0.436,-0.963,0.347,0.13,0.428,-1.113,0.211,-1.269,0.123,-0.121,0.355,2.956,-0.139,-0.23,-1.91,1.199,-0.621,0.616,0.413,0.202,0.377,0.121,-0.348,-0.069,1.469,-0.421,-0.516,-0.203,-0.968,-0.218,-0.095,-1.525,0.358,1.121,-0.851,-0.432,-0.785,-0.577,0.685,0.812,-0.165,-0.789,0.173,-1.429,-0.942,-0.524,-0.023,0.485,1.387,1.055,1.545,1.477,-1.412,Front Crawl,1519,1037,0.469
1.168,-1.185,-1.534,-1.877,-0.472,1.096,0.926,-0.027,-0.992,-1.83,-0.71,0.89,-0.708,0.587,-1.95,0.628,-1.157,0.396,-1.549,-1.212,-0.825,-0.261,0.75,-0.973,1.107,-0.221,1.081,-0.619,-0.449,0.532,1.348,-0.337,-0.106,-1.807,0.057,0.179,0.334,-0.25,0.096,-0.06,1.028,-0.478,-0.089,-0.197,-0.131,0.497,1.809,-0.497,-0.731,-0.595,0.172,-0.416,0.507,-1.11,-0.974,0.425,-0.346,0.27,-1.188,-0.009,Backstroke,1685,388,0.253
1.73,-1.438,0.072,-0.725,-1.568,0.921,-0.47,0.804,1.482,-1.899,0.423,0.48,0.215,-0.454,-0.356,0.036,-0.533,-0.51,0.78,0.992,-0.763,-1.444,-1.487,-1.561,1.801,1.134,1.366,1.336,0.984,-0.288,-1.46,1.064,-0.085,-1.053,0.55,-0.128,0.998,-0.627,-0.739,-0.412,1.163,-0.188,-0.697,-0.294,-0.053,2.16,-0.672,0.45,-0.635,-0.077,2.291,-0.335,-0.176,-0.511,-1.689,-0.342,0.402,0.04,-1.246,0.348,Backstroke,865,465,0.624
-0.891,0.216,-0.724,0.242,0.931,1.736,-0.102,0.277,-0.194,-0.302,-0.357,-3.628,1.472,2.016,-0.767,0.789,-0.463,-0.633,-1.775,-0.194,-0.859,-0.75,1.819,0.543,1.696,1.368,0.359,-1.021,-0.84,0.068,-0.624,0.425,0.091,-0.446,-0.283,-0.482,1.326,-0.193,-0.227,1.05,-1.52,1.058,1.783,-0.213,0.683,-0.181,0.116,-1.546,-2.05,1.441,0.706,0.846,1.152,-1.309,-0.223,-0.767,1.958,0.671,0.803,0.229,Butterfly,776,162,0.305
1.376,-1.242,0.439,-0.824,-0.497,1.243,0.8,0.388,-0.805,-0.492,-0.958,-0.041,-2.99,0.095,-0.078,-2.343,-0.981,2.458,-1.85,0.879,-0.28,-0.414,1.539,-0.489,-0.858,-1.053,-0.574,-0.837,-0.206,-0.064,-1.724,0.041,-0.533,0.187,-0.793,-0.813,-0.525,-0.787,0.29,0.312,-1.009,-0.662,-1.212,-0.365,-1.181,0.825,0.743,0.446,-0.758,0.931,-0.186,0.184,0.716,-0.398,-0.391,0.983,-0.061,-0.1,0.544,0.15,Backstroke,204,747,0.342
-1.279,-1.07,-0.741,0.799,-0.493,0.055,-1.67,-0.131,-0.133,0.297,-0.25,0.426,1.011,-0.251,-0.482,-0.011,-1.77,-1.278,0.527,2.284,0.093,0.971,1.34,-0.733,-1.415,0.006,0.263,-0.205,1.293,-0.501,-0.191,-0.053,-0.348,0.833,-0.548,-0.397,0.094,-0.272,-2.455,0.095,-0.697,0.743,-0.176,-1.068,-0.227,0.117,-0.501,1.872,1.735,1.648,-0.086,0.275,-0.68,0.435,0.839,1.687,1.661,0.527,-0.692,-0.85,Backstroke,1727,470,0.328
-0.397,0.457,1.529,0.183,-0.183,-1.281,-1.684,-0.879,-1.175,0.103,-0.446,-0.376,1.805,-0.226,-0.602,0.43,-0.223,-0.473,0.912,-1.824,1.699,2.186,0.219,1.739,-1.017,-0.253,-0.502,-0.393,-0.608,-0.605,0.318,0.729,-0.679,-1.079,-0.246,0.517,-0.211,0.546,1.115,-1.568,0.073,-0.393,-1.131,-0.674,1.2,-0.222,-0.504,0.393,-1.542,0.712,1.041,-1.533,1.621,-0.785,0.509,0.289,0.146,-0.361,-1.146,0.899,Breaststroke,1443,108,0.221
0.597,-0.513,1.035,-0.557,0.157,-0.954,-0.934,0.185,0.253,0.797,2.01,-0.247,-0.259,-0.626,-0.245,-0.691,-0.708,1.13,-0.597,-3.094,-0.059,-1.274,-0.209,2.178,0.426,-0.539,0.21,-0.756,1.728,0.286,1.598,0.446,-0.537,-0.181,-1.207,0.595,1.308,-0.869,0.41,-1.173,-2.013,1.062,-0.649,1.092,0.777,-1.008,2.147,1.018,-0.231,0.903,-1.507,-1.061,-0.559,-1.047,0.401,-1.461,-0.523,0.803,-0.451,-1.141,Freestyle,1753,234,0.253
0.205,0.135,-0.62,-0.319,0.894,-1.257,-0.813,0.11,-1.096,2.027,0.141,1.579,-0.037,0.707,-0.076,-0.515,0.568,-0.625,1.067,-0.89,0.163,0.503,-1.584,1.126,-0.967,0.155,0.109,1.124,0.577,0.527,-0.412,-0.732,0.499,-0.145,0.099,-0.251,0.781,-0.334,1.343,-0.474,-0.037,1.861,0.607,-0.67,-1.332,-1.138,0.205,-0.103,-1.012,0.701,0.589,-0.94,0.391,-0.06,0.137,-0.3,-0.552,2.001,1.295,0.884,Front Crawl,1794,103,0.612
1.026,0.546,-1.096,2.26,0.128,-0.007,-0.811,-0.125,1.292,0.184,-0.674,-1.186,1.361,0.718,1.133,-1.658,-0.448,2.642,-1.73,-0.02,-0.165,0.659,0.857,-2.378,0.847,0.179,-0.111,0.685,-0.129,0.053,-0.148,0.186,0.483,0.207,-0.148,1.971,0.958,-1.031,-0.306,-1.707,1.244,0.724,0.277,-0.002,-0.094,0.61,-0.265,-1.164,-0.182,0.836,-1.142,0.188,-0.279,-1.836,-0.548,1.085,0.638,0.979,1.241,0.518,Breaststroke,1387,625,0.719
-0.236,-1.298,-0.539,-0.623,-0.84,-0.611,0.301,-0.524,0.844,0.917,-0.645,0.638,-0.337,-0.414,-0.333,0.623,1.028,1.078,1.082,0.337,0.232,-1.584,1.132,-0.494,-1.567,-1.694,0.441,-2.481,-0.612,0.095,-1.878,0.673,0.272,0.633,-0.519,1.043,-0.617,1.322,-0.331,-0.103,-0.038,1.675,1.258,1.643,-0.558,0.788,1.216,0.882,-0.462,0.518,0.05,1.216,-0.316,0.869,0.057,0.036,-0.522,1.424,0.693,-0.634,Backstroke,1757,542,0.525
1.164,-0.791,0.228,-1.192,-0.599,0.858,-1.72,-1.204,0.684,-0.625,0.067,-0.666,-1.753,0.773,0.626,0.306,1.476,-2.401,-1.965,1.27,0.303,-1.285,-0.179,-1.215,1.633,1.005,-0.531,-0.059,-1.505,-0.104,-0.217,2.382,1.194,0.851,-0.817,0.593,-0.472,1.061,-0.186,0.775,1.395,-0.126,0.572,0.435,-1.827,-0.534,-1.165,1.208,-0.324,1.919,-0.893,-0.328,-0.653,-0.153,-1.132,-0.172,0.467,0.577,0.682,0.086,Freestyle,1085,938,0.306
0.563,0.607,-0.529,-0.075,0.011,-1.238,-0.278,-0.453,-0.108,-1.026,-1.385,0.034,-0.984,-1.003,0.217,0.703,-0.673,-0.973,-0.78,1.561,1.735,1.107,-1.794,-2.114,0.743,1.872,0.136,1.829,-0.754,-1.629,-1.331,0.962,0.15,1.438,0.506,-1.19,1.49,-2.552,-0.416,-0.433,0.79,1.707,1.609,-1.011,-0.381,-0.475,0.509,0.605,-1.008,-1.632,-0.057,-0.117,-0.644,-0.224,0.55,-0.304,-0.571,1.705,-1.233,-0.28,Front Crawl,894,845,0.753
-0.313,-0.004,-0.971,0.581,0.882,1.662,-0.398,-1.274,-0.421,-0.534,0.404,-0.476,1.118,1.656,-1.506,-2.621,-0.638,-0.22,-0.586,-0.902,0.385,1.592,0.967,-0.174,0.675,1.753,-0.322,0.565,-0.197,0.447,1.671,-0.468,-1.271,-1.115,1.256,0.343,-0.789,-0.006,-0.718,-0.546,1.375,0.538,0.234,1.061,-1.421,1.046,0.843,1.478,0.248,1.062,0.156,2.169,-0.016,0.091,-1.647,0.769,0.13,0.637,-0.06,0.252,Front Crawl,544,444,0.227
-0.171,-0.136,-1.344,-1.091,1.84,-1.596,1.494,-0.62,2.032,1.887,-1.052,0.969,0.664,-1.171,-0.759,0.989,-0.446,1.554,0.749,0.026,0.336,0.311,0.352,-0.934,1.765,0.388,-0.983,0.961,1.171,1.377,0.734,-0.12,1.107,-0.775,0.102,-0.432,0.537,-1.226,0.455,-1.195,1.273,-1.541,-0.84,-1.144,1.025,0.183,-1.245,-0.521,0.197,0.206,-1.257,-0.984,0.203,1.211,-0.066,-0.209,1.328,1.509,-0.427,-1.507,Front Crawl,1260,669,0.277
0.117,-0.4,-0.793,-0.119,1.881,-1.152,-0.166,-0.208,-1.662,0.277,0.868,-0.706,-0.131,-0.081,1.481,-0.442,-1.032,1.194,0.898,-0.758,-0.119,0.504,-0.098,-0.611,-0.796,-0.059,1.281,1.162,0.47,1.19,-1.08,-0.678,-0.348,0.879,0.933,-1.227,1.99,1.329,1.112,0.389,0.614,-0.445,-1.059,-0.23,-0.568,0.603,-0.564,1.371,0.298,-0.004,1.631,-1.061,2.347,0.421,-2.069,-0.081,-0.026,0.067,1.622,-0.59,Butterfly,1022,903,0.377
-3.592,0.371,-0.47,-1.933,0.682,1.188,1.823,0.547,0.998,-0.458,1.222,0.163,-0.841,-0.027,-0.978,-0.472,0.042,0.963,-0.638,0.881,-0.208,0.61,-1.845,0.913,1.566,-0.389,-0.963,-0.895,-0.999,0.396,-0.337,-0.361,-1.184,-1.218,-2.887,0.648,0.096,0.265,1.458,-0.161,0.683,0.369,-0.289,0.648,0.475,0.628,0.505,0.046,-1.351,0.33,-1.906,-0.065,-0.27,0.18,-1.441,0.179,0.803,-0.422,1.168,0.873,Butterfly,1633,198,0.317
0.538,-0.165,0.453,0.276,-0.604,0.585,-0.428,-0.838,-1.525,-0.362,-0.651,-0.807,-1.634,0.167,0.171,-0.723,-0.869,-0.882,-0.237,0.235,1.677,-1.089,-1.195,-1.37,0.563,-0.062,1.089,-0.479,-2.256,0.869,2.778,-0.312,-0.546,-0.7,-0.297,-0.228,1.949,-2.028,-0.52,0.054,-1.254,-0.314,1.933,2.487,2.008,0.426,-0.384,0.749,0.675,-0.56,-1.068,-0.441,0.251,-0.484,0.615,-0.854,-1.062,1.259,0.47,0.33,Front Crawl,1573,207,0.651
1.436,-0.665,-2.08,-1.97,0.871,0.552,-1.406,0.227,1.531,1.426,0.592,-0.237,0.927,-1.011,-0.313,-0.543,-1.341,1.76,-0.19,1.054,0.446,0.627,1.229,1.172,-1.132,-0.708,-0.186,1.642,-1.365,1.235,1.161,0.808,-0.871,-0.757,-2.186,1.9,-0.079,0.18,0.049,0.719,0.821,-0.691,-0.305,-0.356,1.122,-1.612,0.921,-1.035,-0.382,-0.602,0.02,0.172,-0.78,-0.109,1.857,0.092,0.269,0.506,-0.642,-2.348,Freestyle,963,414,0.577
-0.04,-0.663,0.425,-0.7,-1.17,0.402,-1.233,0.136,-0.637,-0.323,0.82,0.287,1.639,-2.087,0.186,0.729,0.571,-1.293,0.475,-0.32,0.933,-0.279,-0.176,-0.244,-0.429,1.131,-0.771,-0.203,2.337,-0.147,0.381,0.504,-0.303,-0.47,1.834,-1.131,1.399,-0.397,-0.786,1.373,0.315,0.443,0.488,0.997,0.201,-0.457,-0.946,-0.119,0.119,-0.31,0.413,-0.179,-0.763,0.535,0.182,1.641,0.417,0.375,1.433,0.881,Butterfly,602,1066,0.376
0.284,0.512,-0.86,0.835,-0.726,-0.505,-0.232,-0.35,0.37,-0.396,-0.602,0.906,-0.452,1.548,0.108,-1.133,1.183,-0.036,0.624,1.53,1.066,0.503,0.443,0.115,1.301,-0.258,0.707,1.262,1.293,2.023,0.941,-0.283,0.68,-0.426,-0.191,-0.041,-0.067,-0.415,0.041,1.477,1.298,1.5,0.761,-0.32,-0.495,0.194,0.731,1.765,1.186,0.283,-2.405,-1.054,0.87,-1.554,0.721,-0.347,0.961,1.338,-0.053,-0.255,Breaststroke,1429,451,0.477
1.442,-0.692,0.555,-0.499,-0.368,-0.054,1.057,0.247,-0.862,-0.217,-0.704,2.301,0.623,0.5,-1.449,1.187,0.184,1.313,-0.863,-1.4,-0.006,0.059,1.237,0.775,-2.051,0.269,0.256,0.583,-0.69,0.804,1.253,0.408,2.61,-0.693,1.439,1.526,-0.053,-0.545,0.049,1.441,0.193,0.981,-0.382,-0.483,-1.239,2.151,-2.155,0.959,0.194,0.707,0.542,-1.268,0.145,2.083,0.495,1.656,2.118,-0.144,-0.618,0.485,Butterfly,114,883,0.486
-0.091,-0.173,0.498,0.835,1.425,-0.748,-0.592,0.172,0.194,-1.538,-1.283,1.238,-1.356,0.608,1.739,1.035,0.968,-0.003,-1.769,0.377,-1.157,-1.849,0.183,0.417,-0.089,-0.232,-0.646,1.315,0.107,1.893,-2.598,-0.66,-0.523,-0.156,1.05,-0.095,0.465,-1.061,-1.03,0.898,-0.964,0.234,0.459,-1.066,-0.91,-0.045,-1.58,-0.132,-0.741,-2.169,1.296,-1.513,0.505,-0.574,0.197,0.44,1.388,0.44,0.529,0.54,Butterfly,1633,142,0.08
1.392,-0.54,0.819,0.56,-0.332,1.418,-0.727,0.875,-0.748,-0.956,-1.423,0.346,0.71,-0.413,0.564,-0.302,1.094,0.552,1.226,0.595,1.142,-0.188,1.252,1.863,0.095,-1.655,0.667,0.682,-0.714,-0.267,0.758,-1.051,-0.603,0.935,-0.274,-0.692,1.721,1.117,-0.798,0.062,0.258,0.717,1.183,0.371,0.982,-2.268,-0.22,-0.478,0.291,0.171,0.718,-0.791,0.69,-1.556,-1.483,1.627,-0.725,0.722,2.524,1.92,Freestyle,1801,453,0.523
0.016,-0.513,0.077,-0.031,0.87,-0.753,0.598,0.35,0.197,-0.574,-1.268,-1.187,-0.558,0.146,1.342,0.586,-1.002,0.861,0.434,-0.562,-2.128,0.425,-0.116,0.894,-1.174,1.048,0.49,-2.347,0.64,-0.424,-0.041,-1.447,0.334,-0.524,-0.368,0.79,-0.65,0.141,-0.085,-0.276,0.312,-0.062,-0.701,0.976,0.018,0.977,-0.334,0.648,0.376,-0.269,1.228,-0.143,1.713,-0.34,0.337,-0.186,-0.658,0.612,0.126,0.303,Breaststroke,887,279,0.47
-0.363,-2.392,-1.237,-0.934,-2.001,0.613,0.537,-1.195,-0.053,-0.042,-0.558,0.967,-0.092,-1.182,-0.82,-0.594,0.184,-0.754,-2.321,-0.723,0.294,-1.567,0.954,-0.077,-0.369,-0.043,2.076,0.132,-0.246,0.553,-0.589,0.223,-0.211,0.583,-1.805,0.689,-0.197,-0.396,-1.329,-0.339,-0.873,0.89,-0.539,0.424,0.454,0.17,0.416,0.837,0.719,0.77,0.487,1.153,-0.671,-0.306,-1.527,-1.397,-1.751,1.105,1.088,1.736,Backstroke,484,871,0.421
-0.494,-1.156,0.082,0.131,-0.093,-1.741,0.213,0.308,2.708,-0.479,0.704,-2.213,-0.099,-0.141,0.747,0.958,1.086,0.342,0.639,3.339,-0.397,-0.2,0.941,-0.266,1.255,0.237,-1.541,1.108,-0.357,0.55,0.932,0.911,-0.85,-0.816,0.756,0.611,-1.317,-1.976,1.502,-0.9,0.017,0.803,-1.455,-1.027,0.997,-0.589,1.913,-0.27,0.422,0.728,0.77,-0.98,-1.101,-0.381,-0.582,1.753,1.052,1.374,0.898,0.022,Freestyle,1582,995,0.119
0.158,0.497,-1.445,1.417,1.374,-0.703,1.078,0.211,-0.336,-1.425,-0.469,-0.07,0.125,-0.418,1.106,0.695,-0.474,-1.04,0.156,-0.579,-0.036,1.357,1.344,1.192,1.128,-0.086,-0.138,-0.655,-0.264,0.85,-1.688,-0.818,-1.917,0.357,0.768,0.324,-0.406,-1.663,0.371,-0.192,-0.776,-2.233,0.741,0.952,0.636,-1.037,0.912,-0.75,0.453,-1.014,-0.357,-0.309,-1.161,0.445,1.213,-1.388,-0.944,0.961,1.018,0.704,Butterfly,407,176,0.704
-1.337,0.994,-0.423,0.172,0.772,-0.312,-1.838,0.567,-0.959,-2.136,-0.765,-0.311,0.241,0.435,-0.756,-1.049,-0.506,-0.372,1.215,-0.543,-0.995,-1.218,0.193,-0.471,0.831,0.425,0.639,0.091,0.331,-0.519,0.234,0.791,-0.397,0.18,0.234,0.119,-0.028,-0.661,-0.097,-0.037,0.308,1.19,0.067,0.892,-0.189,-1.161,-0.931,-0.1,1.845,-0.563,-0.429,1.941,1.584,0.041,-0.415,-0.588,-0.36,-0.31,-0.864,0.016,Front Crawl,469,779,0.826
1.347,1.123,-0.38,0.165,-0.307,-1.176,1.061,0.037,1.379,-0.711,-0.395,1.213,-0.22,0.046,-0.404,-0.203,-0.937,-1.19,0.634,-2.411,-1.339,1.57,-0.441,-2.844,2.244,1.175,1.736,0.963,-0.021,0.546,-0.871,0.066,-0.466,-1.53,-0.138,-0.154,0.778,1.894,2.822,-0.466,-1.064,0.933,0.543,-0.444,-0.335,-0.283,0.42,-0.825,0.185,-0.482,0.976,-0.507,0.762,-1.313,-0.575,-0.912,-0.241,-0.955,-0.656,-1.326,Backstroke,1859,971,0.751
0.495,-1.184,-0.254,-1.318,-0.421,-0.524,-0.914,-0.553,0.659,0.047,0.046,-0.198,0.468,-0.341,-0.369,-1.771,1.454,0.616,-0.589,2.795,0.727,-0.166,0.087,1.407,-1.288,2.195,-1.269,-0.26,-0.094,-0.014,-0.81,0.717,0.718,-0.71,-0.171,-1.042,-1.484,-0.456,0.744,0.354,-0.636,0.285,0.517,1.452,-1.798,0.312,-1.715,0.029,1.057,-0.447,-1.442,-0.262,0.989,-0.963,-0.399,-1.165,0.878,1.343,0.183,-0.275,Butterfly,1540,356,0.889
0.355,0.314,-1.534,-0.284,-0.368,0.207,-0.563,0.047,0.359,0.498,0.983,-0.725,0.149,-1.214,-0.072,0.851,-0.516,-0.947,0.205,0.734,0.197,0.813,0.119,-0.607,1.491,0.766,2.111,-0.535,-0.474,0.059,-0.401,-0.395,-2.312,-0.367,-0.072,-0.328,-0.287,-0.393,1.757,-0.178,1.478,1.335,-1.636,0.3,-1.455,-0.153,-0.74,1.892,-0.85,0.201,-0.307,0.032,-0.351,-1.036,1.603,-0.49,-0.928,-0.082,0.454,0.42,Breaststroke,746,281,0.484
0.828,0.198,-1.98,0.584,1.752,-0.19,-0.477,0.263,-1.082,-0.456,0.941,-0.114,1.802,-1.073,0.69,1.883,0.704,0.146,-0.879,0.037,-0.763,-1.085,-0.888,0.839,-1.542,-0.42,0.931,-1.1,-1.756,-0.885,-0.858,1.719,0.523,-0.621,-0.092,0.531,0.437,0.096,-0.627,-0.972,0.407,0.689,-0.306,-0.291,1.071,-1.104,1.688,-0.709,0.895,-0.691,-0.358,0.282,-0.132,-0.475,0.925,0.386,-0.006,0.453,-0.368,-1.714,Butterfly,220,383,0.088
1.501,-1.29,0.777,0.353,-0.389,-0.933,-1.271,-1.878,0.749,0.126,0.08,0.096,0.563,-1.905,-0.443,0.378,-1.308,0.939,0.052,-0.273,-0.23,-2.238,1.023,0.049,0.237,-0.749,1.417,-1.023,1.377,1.531,1.119,-1.045,-1.455,0.706,-1.549,-0.289,1.023,-0.283,0.811,-1.068,-0.358,-0.137,-0.517,-2.791,0.324,-1.194,-0.874,1.405,-1.508,-0.413,-1.224,-1.078,0.707,2.108,-0.41,-0.502,1.49,1.428,-0.081,0.069,Breaststroke,288,760,0.431
-0.056,0.661,1.142,1.029,-0.129,-1.233,0.679,-0.608,-0.508,-0.319,-0.912,0.153,0.257,0.442,-0.373,0.007,-0.202,1.102,0.518,0.403,-0.306,-0.843,0.808,2.37,-1.385,1.441,-2.151,0.512,-1.049,-0.85,-0.931,-0.033,1.171,0.218,-0.657,0.972,-0.694,-0.061,0.496,-0.425,0.43,-0.797,-0.769,1.11,-0.878,0.397,0.127,0.799,2.417,1.661,0.553,0.456,-0.041,1.987,1.997,2.036,-1.112,-0.906,1.969,-1.035,Freestyle,1315,762,0.645
-0.222,-1.23,1.617,0.509,-0.837,-1.07,1.439,-0.214,0.518,-1.397,-0.119,0.08,0.742,-0.95,-1.525,-0.327,0.803,1.303,0.885,-1.17,-0.372,1.211,0.819,-0.458,2.463,-1.445,-0.965,1.092,0.779,-1.135,-0.179,-1.161,-0.506,-0.091,-0.908,-1.52,1.119,-1.787,-0.204,-0.895,-0.829,-0.648,-1.714,1.259,-1.625,-0.736,0.27,1.048,0.154,-0.006,1.214,0.723,-0.402,1.314,-1.175,0.934,-1.277,-0.331,0.382,0.79,Front Crawl,1732,437,0.525
-0.692,0.202,1.926,-0.442,0.955,1.096,1.615,-0.091,1.613,-1.81,0.411,1.205,-0.988,-0.58,0.425,-0.826,0.759,-0.3,-0.584,-0.689,1.672,2.042,1.344,0.546,0.245,-0.494,-0.107,-1.99,-0.297,-0.584,-1.636,0.25,1.367,0.456,0.304,1.397,-0.273,0.385,0.103,-1.394,-0.113,-0.922,0.482,-0.078,-1.723,0.827,-1.181,1.107,-0.418,0.526,1.161,-0.723,-0.183,-0.718,1.147,-1.033,-1.382,-0.825,-0.687,-0.152,Breaststroke,1383,865,0.222
-0.252,-1.212,1.249,1.181,-1.024,0.285,-0.214,-0.17,1.013,0.713,-0.66,0.811,-0.633,-0.576,0.415,0.709,-0.476,-0.745,-2.14,-1.513,0.842,-0.544,-1.223,0.436,0.642,-0.423,0.835,-1.461,1.19,0.495,-0.774,-1.173,1.364,0.858,-0.123,1.426,-0.599,0.689,1.363,-0.081,-1.36,-0.378,-0.333,1.226,-0.581,0.009,-1.434,-2.244,0.438,0.631,-0.965,0.558,0.275,0.567,0.224,1.429,-0.461,-1.252,-1.174,-0.782,Freestyle,1742,124,0.504
0.625,-0.596,0.986,0.454,-0.665,3.095,1.305,-0.736,-0.006,2.125,1.43,2.016,2.658,1.459,-0.356,0.559,0.204,-0.303,0.726,0.811,1.182,0.596,0.546,0.448,0.531,0.404,0.77,1.028,-2.122,-1.18,0.71,0.628,-1.427,0.949,0.075,0.454,-0.71,0.772,-0.984,0.923,0.616,-0.543,-1.324,0.199,3.141,-1.856,-0.867,0.515,0.248,-0.204,0.168,1.15,-2.795,1.024,-0.874,0.043,-1.959,-0.532,-0.964,0.429,Backstroke,128,511,0.384
0.258,-0.291,0.009,0.912,0.728,0.585,-0.761,0.187,0.221,1.678,1.168,-0.508,-0.093,-0.052,-1.414,-1.26,-0.692,0.3,-0.356,0.042,0.396,-1.429,-0.634,-1.776,-0.934,-1.381,0.578,-0.935,0.774,-0.608,0.123,0.858,0.718,0.697,-1.043,2.354,0.559,-1.061,-0.908,-0.582,1.285,0.752,2.394,1.272,-0.076,-2.205,1.865,-0.958,-2.022,-1.917,1.177,2.098,-1.745,-0.893,-0.642,1.335,0.69,-0.255,2.335,0.046,Breaststroke,168,831,0.56
-1.43,-0.336,2.171,-0.437,-0.64,-0.91,-0.166,-2.131,0.203,-0.731,1.53,0.68,1.748,-0.237,-0.258,2.217,-1.675,0.239,-0.88,0.235,-2.126,-0.594,-0.584,0.027,-0.555,0.203,-0.777,0.794,-0.232,0.451,-0.474,0.661,0.811,-2.305,0.265,-1.334,1.825,-0.227,1.22,-1.215,-0.351,1.651,0.118,-1.199,0.139,0.265,0.094,-0.918,0.341,1.413,0.834,0.957,0.006,-0.539,-0.379,0.337,-1.311,1.236,-0.514,0.175,Backstroke,1489,926,0.58
0.932,0.006,0.282,-0.873,-1.334,1.659,1.665,0.509,-0.977,-0.928,-0.09,0.184,0.721,0.273,0.323,-0.638,0.801,0.194,0.381,-0.138,0.786,1.361,0.061,1.034,-0.928,-0.85,-0.228,0.399,-0.719,1.336,0.424,0.453,0.085,0.006,-0.882,-0.2,-1.643,-0.807,-0.497,0.965,0.37,0.259,0.503,-0.686,0.89,-2.06,-0.086,-1.447,-0.969,0.879,-0.774,-0.08,0.481,0.726,0.376,-0.251,0.465,0.053,1.047,-0.515,Freestyle,1617,478,0.534
-0.075,0.19,-0.528,-0.025,-1.188,0.178,-0.35,0.561,-2.254,1.717,-0.212,0.208,0.8,0.991,0.507,1.476,0.512,-0.964,-2.839,-0.695,-0.4,0.064,0.489,0.063,0.951,1.6,1.107,0.181,-1.593,-0.265,1.277,1.207,0.213,1.024,1.844,-0.165,-0.776,-0.071,-0.999,1.211,0.812,-1.998,0.086,0.818,-1.09,-0.645,0.344,0.492,1.555,0.08,-1.359,0.281,0.066,-1.152,-0.134,-0.67,1.582,0.271,-0.078,-0.306,Backstroke,824,182,0.445
0.742,-0.65,1.755,-2.154,-0.647,-0.118,-0.943,0.464,-3.01,0.61,-0.174,0.077,-0.341,1.792,-0.322,-0.65,0.099,0.647,-0.462,-0.143,0.76,-1.556,-0.292,0.648,0.255,1.415,0.018,0.985,1.35,0.582,-0.526,-1.662,0.174,0.934,-0.28,-0.823,-0.607,1.956,1.094,-0.632,2.084,1.128,1.068,-0.057,-0.615,0.426,-0.478,-1.225,0.464,0.685,0.261,-0.205,-0.607,0.225,-0.671,-1.231,-0.77,-0.093,1.431,-0.234,Front Crawl,1229,265,0.257
0.262,-1.586,-1.717,-0.408,0.127,0.37,0.029,-0.168,-0.97,0.48,0.141,0.862,0.54,0.196,0.466,-0.253,-0.667,-1.426,2.665,0.693,0.194,-0.766,-0.278,1.094,-0.987,0.034,-0.176,0.588,-0.352,-0.547,-1.319,-0.552,0.464,-0.154,0.607,0.126,-0.406,-0.049,-0.904,2.135,0.307,0.568,2.074,1.169,1.224,0.951,0.424,-1.157,1.146,-1.165,-0.039,-1.157,0.118,-0.426,1.109,0.875,-0.128,0.956,-0.421,-0.913,Butterfly,1171,420,0.654
0.999,-0.385,-0.987,1.714,-0.839,1.062,-1.08,0.566,-0.293,0.516,-0.611,0.157,0.654,0.693,0.411,1.081,-0.447,1.042,-0.536,2.394,0.925,-1.541,1.304,-0.869,0.024,-1.425,-0.759,0.15,0.973,-1.016,1.36,0.472,-0.251,-2.073,-2.452,2.134,0.74,-0.413,-0.314,-0.829,0.719,-0.12,0.439,1.061,-0.758,1.536,0.205,-0.833,1.628,0.476,-0.789,1.181,1.406,-1.305,-0.281,-0.266,-0.964,1.796,0.052,-1.717,Freestyle,1119,640,0.448
2.169,-1.989,-0.488,-0.245,-0.359,-1.18,2.079,0.659,1.126,0.371,1.307,-0.386,-2.028,2.313,-0.927,-1.401,0.503,1.575,0.246,-1.269,-0.943,-0.247,-0.402,-0.613,-0.063,-0.115,1.917,0.949,0.474,0.194,0.946,-1.011,0.697,0.759,1.259,-0.191,-1.142,-0.179,1.351,-1.103,0.301,-1.588,-0.676,2.133,0.327,-0.557,1.668,-1.476,-0.033,-1.493,-1.105,-0.51,1.053,-1.226,-0.21,-0.512,-0.588,0.341,-0.91,-0.522,Backstroke,225,268,0.549
-0.137,-1.423,-1.102,-0.581,-0.176,0.144,-1.168,0.288,-1.224,-1.555,0.369,-0.026,0.174,0.955,1.176,-0.856,-0.945,-1.13,-0.735,0.313,-1.136,0.971,0.058,1.823,-0.589,-0.177,-0.955,1.181,-1.007,-0.382,-0.651,-0.101,0.17,-0.61,-1.728,-1.137,1.429,-0.869,2.049,1.743,-0.204,-0.394,0.362,0.683,-0.845,-1.298,2.181,0.441,-1.4,0.369,0.021,-0.629,1.506,0.995,0.573,-0.429,0.341,0.027,-0.855,-0.461,Freestyle,1650,137,0.318
0.873,1.905,1.159,-0.236,-0.824,-0.407,-0.57,0.249,-1.813,0.64,-0.338,1.675,-1.316,-1.281,-0.37,1.698,-1.075,0.502,1.458,1.504,0.89,-0.936,0.086,0.3,-0.024,2.0,0.966,-0.715,0.071,-0.106,2.036,1.041,-1.074,-0.545,1.048,0.498,-1.189,0.433,0.066,1.51,0.784,0.634,0.629,0.694,1.194,1.044,0.228,0.969,-1.153,-0.023,-0.762,-0.106,2.033,0.105,1.033,-0.305,-0.907,1.73,-2.221,-0.447,Breaststroke,1424,651,0.597
-0.369,1.519,-0.785,-0.799,-0.276,-0.841,-0.945,-0.091,-1.499,-1.379,-1.377,0.729,1.335,1.109,-0.614,-0.38,-0.734,1.908,0.553,0.181,-0.408,1.709,-0.689,0.526,1.697,0.43,-0.315,0.336,0.017,0.84,-1.118,-0.178,-0.155,-0.118,1.757,-0.805,-0.262,0.04,0.097,-2.276,-0.686,-0.79,-0.536,1.201,-0.797,-0.353,0.312,-0.282,2.787,-1.713,-0.247,0.274,-0.758,0.696,0.625,-1.212,0.852,0.762,-0.564,1.056,Front Crawl,1201,782,0.279
-0.548,0.609,0.09,-0.091,0.955,0.499,1.66,-1.013,-0.046,-0.589,-0.792,0.389,-0.475,-0.815,1.866,-0.033,0.041,-0.787,-0.261,-2.315,-0.786,0.364,0.79,-0.46,-0.431,0.992,0.073,-0.178,0.682,0.726,1.015,2.146,0.809,2.042,0.337,2.58,1.112,0.634,0.817,0.839,-0.117,-0.592,1.607,-1.303,0.275,-1.478,-0.592,-0.445,0.667,0.281,-0.955,-0.263,-0.373,0.293,0.191,2.308,-0.756,-0.511,-0.102,-0.393,Freestyle,1162,706,0.4
-0.492,0.484,-0.195,-0.843,1.709,-1.368,-1.01,0.467,-0.209,1.544,0.006,-1.171,1.077,-0.837,0.673,0.151,-2.224,0.263,1.036,1.418,-1.199,-0.803,1.573,-0.279,-0.875,0.467,0.253,0.116,0.115,0.793,-0.054,1.951,-1.359,1.843,-1.059,-0.962,-1.586,-0.147,0.449,-0.765,0.527,0.614,-1.135,0.18,0.753,0.205,2.018,-0.663,-2.322,0.172,0.042,-0.199,1.637,-1.309,-0.2,-0.054,-0.999,0.085,1.348,-1.289,Backstroke,356,674,0.547
-1.084,-0.788,1.044,0.172,0.965,0.135,-0.254,-0.717,-0.304,0.541,-0.986,0.671,0.292,1.461,0.317,-0.615,-0.194,1.416,0.446,-1.847,-0.302,-0.243,-0.477,1.212,1.898,-0.732,1.406,0.113,0.547,1.454,0.272,0.545,-0.065,0.804,-2.302,-0.866,0.87,0.345,-1.109,-1.267,1.44,-0.286,0.126,-0.31,1.136,0.496,-0.653,-1.664,0.157,-1.297,0.311,0.754,0.444,0.987,0.908,-0.372,-0.507,-2.097,0.421,-0.537,Butterfly,524,527,0.611
-0.242,0.181,-1.481,1.125,-0.159,0.502,0.613,0.237,-2.059,-2.212,-0.523,0.479,0.367,-1.11,-0.504,0.609,-0.057,-1.053,1.001,0.082,-0.688,-1.613,0.053,-0.287,1.295,0.759,1.773,0.773,-0.504,-0.304,-1.042,-0.262,1.447,0.897,-1.079,-0.155,-2.255,0.417,-0.982,-1.327,-0.572,0.75,-0.687,1.016,-0.929,0.361,-0.225,0.172,0.036,-1.665,-0.35,-0.202,-0.651,0.557,1.39,-0.444,-1.101,0.309,0.246,0.322,Front Crawl,1001,674,0.273
-0.387,-0.05,-2.798,0.486,-0.217,-1.318,0.467,-1.493,-2.046,0.259,0.919,0.96,-0.427,-0.627,0.691,0.924,-0.688,-2.376,-1.859,-1.62,1.724,0.904,1.25,-0.479,-1.361,-0.76,0.725,0.345,1.153,-1.639,-1.142,0.476,-0.656,-0.018,-0.485,-0.385,0.558,0.432,-1.467,0.252,0.428,0.003,0.464,-1.979,-0.86,-0.078,-0.607,-1.076,-0.281,0.947,-2.311,-0.058,-0.529,0.22,0.907,1.696,-1.146,0.254,-0.43,1.676,Backstroke,443,564,0.637
-0.68,0.024,1.635,-0.225,1.768,1.08,-0.819,-0.932,-0.806,0.766,-1.641,0.174,-0.845,0.442,-0.257,2.53,0.792,0.237,-0.729,0.893,-1.211,-0.253,0.205,0.691,0.155,0.914,-0.546,1.149,1.96,-0.604,1.766,0.63,1.06,-0.855,0.328,-0.536,0.955,-0.159,-1.181,-0.546,-2.45,0.335,0.501,-1.922,-0.503,-0.182,-1.304,-0.025,-0.316,0.584,0.258,0.946,2.147,0.989,1.02,0.904,1.545,0.58,-1.299,-0.498,Backstroke,775,153,0.507
0.927,0.434,-0.249,0.849,-0.4,0.085,-1.287,0.151,1.117,0.541,0.94,1.499,1.309,-2.068,-0.154,-0.647,0.074,0.449,0.247,0.169,1.05,-1.403,-2.094,-0.927,0.685,-0.593,0.255,0.309,0.715,-0.223,-1.643,0.215,-0.117,2.04,-0.144,-0.883,-0.694,-1.627,-0.186,0.069,-0.397,0.424,0.427,-0.221,-1.797,-0.339,-0.583,1.205,-0.912,0.267,0.877,1.476,0.92,-1.93,-0.982,-0.581,0.356,0.675,0.577,-0.928,Breaststroke,615,398,0.59
1.821,1.234,0.22,-1.218,0.469,0.29,2.062,0.688,-0.194,-0.571,-0.601,-0.471,-0.825,0.255,0.706,-0.344,0.88,-0.153,0.049,-0.724,0.276,1.279,-0.952,1.45,-1.034,0.588,-1.625,0.828,0.236,-1.103,0.812,-0.329,0.796,-1.617,0.541,-0.027,-1.965,-0.104,1.225,0.196,-1.685,0.467,0.448,1.284,-1.148,-1.19,-0.718,0.406,-0.818,-1.163,-1.498,-0.656,-0.048,1.617,0.479,1.095,-0.026,-1.035,0.531,0.735,Freestyle,1332,113,0.23
0.252,-1.562,0.859,1.498,-0.485,-0.457,-0.614,0.186,0.157,0.19,1.446,-0.796,-0.612,1.322,0.157,0.115,-0.161,1.043,-0.844,-0.883,0.843,0.647,1.418,-0.326,-0.051,1.436,0.295,-0.6,0.277,0.877,-0.676,0.581,-1.483,1.617,-0.783,0.224,-0.964,1.543,0.394,1.194,0.274,0.576,0.004,1.136,-1.996,0.705,1.656,-0.229,0.414,0.485,1.408,2.056,0.182,1.875,-0.801,0.795,1.958,1.515,-0.556,1.041,Front Crawl,1137,727,0.444
0.874,-1.011,0.75,1.245,-0.167,-0.043,-0.706,1.208,-0.498,-0.534,0.797,0.807,0.601,0.923,-1.637,-0.425,-0.604,0.573,-0.433,-0.216,0.411,0.006,-0.389,-2.246,-0.487,0.173,-0.401,0.98,-0.06,-1.187,-0.564,-0.843,0.282,-0.503,0.203,0.077,0.729,-0.688,1.049,1.242,0.213,-0.993,-0.631,1.416,-0.807,-1.156,-1.547,2.131,1.57,1.484,0.974,0.076,1.643,-0.169,1.378,-0.572,-1.12,-0.02,-0.005,-0.908,Butterfly,1295,257,0.144
-0.76,0.984,0.928,-0.516,-0.409,-0.103,-0.501,0.328,-0.809,1.075,-0.578,-0.284,-1.865,0.879,2.326,-1.471,-0.143,-0.633,-1.13,0.3,0.354,-0.667,0.441,0.05,1.339,0.028,0.456,0.835,-1.687,-1.401,0.446,0.304,0.935,-0.928,-0.74,1.079,0.61,0.45,-2.077,-1.435,-2.535,0.399,1.195,-0.64,-0.853,-0.33,-0.551,1.724,0.691,-0.238,1.523,1.197,1.409,-0.526,-0.18,0.621,-0.965,-0.113,0.469,0.23,Freestyle,650,693,0.442
-1.088,-1.065,0.41,-0.728,0.152,0.939,-1.658,0.775,0.424,-1.186,0.533,-0.406,1.732,-0.429,-0.919,-1.13,-0.963,-1.679,0.722,0.172,-1.669,0.711,-0.107,-0.616,0.237,0.994,-1.058,-0.42,0.538,0.783,1.021,-0.47,0.307,-0.926,1.109,0.597,-1.021,0.467,-0.362,2.186,1.082,1.247,-0.538,-0.864,-1.113,1.028,-0.191,-0.898,-0.548,0.837,0.107,0.484,1.381,0.031,0.481,1.243,0.63,1.882,-0.309,0.899,Butterfly,372,815,0.49
0.015,-1.022,-0.986,-0.946,-0.256,0.938,-0.208,-0.124,-1.821,0.135,-2.412,1.262,0.955,-1.174,-0.571,0.249,-0.411,-0.376,-0.143,0.729,-0.419,-0.775,-0.384,-0.911,0.772,0.482,0.313,-0.665,0.512,2.827,1.015,0.066,0.104,-0.209,-0.507,0.998,-0.958,-0.849,0.624,0.018,-0.542,0.655,0.729,-1.399,0.724,-1.257,-0.111,1.51,-0.891,-0.159,0.527,-0.457,-0.99,-3.016,-1.12,-2.102,0.568,0.634,-1.045,-1.225,Freestyle,786,931,0.444
-1.218,1.551,0.198,0.787,-0.081,-1.588,-2.168,-0.3,0.504,1.04,0.663,0.633,1.14,-0.497,0.659,0.29,-0.065,-1.434,-0.567,-0.822,0.746,-1.946,-0.806,0.583,-2.02,-0.539,-0.072,-1.287,-0.391,2.035,-0.596,-0.633,-0.533,-0.524,0.281,0.203,0.287,1.092,1.571,1.721,-0.627,-0.124,-1.416,0.895,-1.262,-0.85,-1.173,-0.5,0.66,0.692,-0.129,-0.851,-1.388,1.6,0.549,-1.788,-1.184,-1.206,-1.493,-0.952,Breaststroke,1191,203,0.394
0.041,-2.008,1.113,1.625,0.88,1.742,-2.087,-1.411,-0.583,-0.692,0.533,-3.579,-1.594,1.11,-0.055,1.595,-1.457,-0.081,1.306,-1.055,-0.426,-0.041,-0.746,-0.152,2.598,-0.477,0.272,-0.601,0.598,1.257,-0.489,0.063,-0.758,0.546,0.863,-0.204,0.654,0.606,0.488,0.477,0.182,-0.621,-0.855,-0.082,0.375,-0.012,-0.792,0.602,-0.651,-0.462,-0.76,-0.411,0.231,1.389,1.057,1.393,-0.821,-2.408,-0.285,-0.391,Front Crawl,253,749,0.723
-0.954,0.537,0.033,2.226,0.473,0.104,1.549,0.597,2.865,-0.344,0.486,-1.342,-0.401,1.893,0.982,-1.34,0.416,0.899,-0.239,0.173,0.722,-1.476,-0.464,-0.161,-0.117,-0.348,-0.425,0.518,0.514,-0.422,-0.654,0.178,-0.211,0.226,0.857,0.055,0.611,-0.872,-0.593,0.206,0.583,-1.051,-1.455,-0.44,2.058,-0.139,-0.143,1.166,-0.908,-0.035,0.537,-0.629,0.364,-1.501,0.363,0.805,0.38,1.735,-0.429,0.546,Freestyle,499,442,0.23
-0.884,1.189,0.13,0.907,0.349,0.021,0.193,0.671,-0.045,0.758,-0.484,0.239,2.278,-0.168,-1.702,-1.194,-0.365,1.605,1.398,0.306,1.422,0.689,-0.122,0.11,-1.047,-0.38,0.033,-1.028,-0.14,-1.437,-1.484,-1.14,0.079,0.52,-1.629,-0.358,0.965,1.183,0.621,-0.918,1.306,0.013,-0.789,0.546,-0.512,0.859,-1.726,-0.694,-2.193,-0.05,0.135,0.285,0.612,-0.321,0.809,-0.479,0.068,-0.472,1.262,-0.263,Breaststroke,526,221,0.344
1.188,-0.097,-0.133,1.263,-1.642,2.347,1.034,1.808,0.191,1.086,1.263,-0.547,1.577,1.762,1.117,-1.075,-0.358,-0.522,0.871,-0.895,-1.176,-1.565,-0.205,-0.042,1.511,-0.676,-1.211,0.406,0.14,-0.44,0.997,-0.507,0.22,-0.218,0.311,-0.86,-1.153,1.013,0.792,0.202,1.461,-0.11,-0.324,-0.057,1.154,-0.252,0.857,-0.762,-0.73,0.834,-0.882,0.197,-0.488,-0.002,-0.002,1.214,-1.555,0.782,0.706,1.108,Butterfly,1700,634,0.298
0.953,0.619,1.086,-0.525,0.175,0.275,1.209,0.868,0.484,0.968,2.087,0.3,-0.431,-1.564,-1.025,-1.215,0.246,-0.843,0.373,0.803,0.644,-0.213,-0.36,-0.307,-0.94,0.106,0.883,-2.238,-1.944,-2.285,-0.39,0.733,0.26,-0.676,1.098,1.125,0.245,0.6,0.695,-1.474,-1.316,0.453,-0.689,-0.902,-0.544,-0.525,0.352,1.038,0.547,2.721,-0.262,0.789,0.791,-1.097,-0.544,2.15,2.015,0.295,0.72,1.471,Front Crawl,325,316,0.095
-0.729,0.87,0.173,1.819,1.135,-0.04,-1.119,0.621,-0.817,1.721,-0.364,-0.194,-0.655,0.902,-0.348,-0.32,-0.767,-1.443,-0.141,-0.917,-0.575,-0.98,0.23,1.11,0.74,-0.308,0.438,0.443,-0.026,1.362,1.066,-1.559,0.35,0.418,1.459,-0.938,-2.365,-0.758,0.463,0.805,-1.112,-0.026,2.741,-1.134,-0.411,-1.505,0.426,1.136,0.987,0.244,0.92,-0.371,-0.223,0.117,0.065,-1.454,-1.352,-0.2,-0.107,-0.941,Backstroke,1322,575,0.555
0.514,-0.101,-0.206,-0.94,1.555,-0.166,-0.486,0.795,-0.438,-0.963,0.753,1.018,-0.644,-0.691,0.563,1.058,0.812,1.245,1.128,0.608,-0.317,-2.265,0.855,0.503,0.095,1.557,2.766,1.61,0.494,0.356,-0.198,1.498,2.494,0.53,0.02,1.263,0.965,-1.141,1.27,-1.135,1.444,0.569,-0.377,-0.135,1.371,1.099,-0.497,-0.189,1.047,-0.316,-0.831,1.161,0.629,0.232,-0.814,-0.061,0.28,0.549,1.198,-0.233,Backstroke,369,536,0.21
1.619,2.608,1.533,-0.879,-0.043,-0.224,0.681,-1.418,-0.445,-1.138,0.921,0.601,-1.591,-0.367,-1.194,-0.173,-1.229,-0.305,1.831,0.156,0.668,-0.943,0.358,-1.618,-0.981,-0.403,-0.033,0.238,1.204,1.79,-1.504,0.8,0.989,1.126,0.618,-0.344,0.364,-0.609,1.47,0.714,0.891,-0.216,-0.753,-1.303,-0.508,1.044,1.042,-1.186,0.21,-0.82,-0.274,0.569,1.523,1.452,0.066,1.642,-0.069,-1.228,-1.192,0.334,Freestyle,1009,745,0.669
0.284,-0.286,1.966,-0.131,0.788,2.353,-0.58,0.828,1.462,-0.62,-0.029,-0.937,-0.82,-0.768,0.566,0.619,-1.065,1.159,-0.965,-0.009,0.139,-0.311,-1.1,-2.255,0.032,1.275,0.26,-1.097,-0.18,0.852,0.838,-0.068,1.045,0.944,-0.207,-1.488,0.298,0.95,1.862,-0.52,-0.052,0.353,0.033,-0.85,1.143,0.061,0.363,-0.339,0.811,0.046,0.649,0.639,-1.236,-0.502,0.373,1.415,-0.074,-0.252,-1.779,1.61,Freestyle,270,247,0.653
0.598,-0.855,-0.11,-0.534,-0.347,1.392,-1.153,-1.006,0.616,-0.434,1.367,2.346,0.068,-0.02,-0.397,0.824,0.574,-1.222,-1.154,-1.639,-0.836,-0.484,0.064,0.259,-0.458,-0.487,0.556,-0.327,-0.187,-0.83,-1.492,-0.448,-0.054,0.323,-0.079,-0.607,0.335,1.297,-0.713,-0.078,0.724,0.386,0.603,1.395,1.29,1.14,-0.313,0.752,-0.457,-0.012,0.433,-1.174,1.041,-0.439,-1.087,-0.891,-1.747,-0.58,-0.704,0.349,Butterfly,1217,851,0.746
0.919,0.437,0.793,-0.498,-0.295,-0.227,1.577,-1.726,-0.541,-1.957,-1.589,-0.756,-0.91,-1.63,-0.416,0.097,2.458,-1.862,2.032,-0.127,0.637,1.699,0.112,0.167,0.856,-0.436,2.268,0.494,0.595,0.903,0.531,0.835,0.391,1.283,-1.433,0.574,-1.115,1.296,-1.682,-0.265,-0.36,-0.185,0.745,1.011,2.371,-0.626,-0.471,-0.046,-1.029,-0.023,-0.751,1.124,0.541,1.156,-1.53,1.241,-1.019,1.05,-0.523,-1.638,Breaststroke,705,1017,0.443
0.681,1.459,-0.071,0.823,0.222,0.599,-0.861,-0.036,0.281,-0.871,-0.814,0.998,0.177,-0.397,-1.78,-0.217,0.077,0.815,-0.485,0.302,-0.089,-0.393,0.064,0.028,-0.534,1.219,0.331,-0.218,2.081,1.349,0.782,0.351,0.069,-0.039,-0.316,1.916,-0.483,1.809,1.116,0.015,0.741,1.069,-0.045,0.215,-1.439,-0.158,-1.005,0.189,0.985,-0.984,1.028,0.996,0.917,1.438,-1.965,-1.393,-0.202,-0.048,-0.11,-0.664,Freestyle,1473,251,0.867
-0.988,1.728,0.038,-1.872,-1.254,0.289,-1.693,0.554,1.463,1.028,0.264,0.921,0.421,-0.699,-0.159,0.789,-0.442,-0.388,-0.01,-1.188,0.408,0.478,-0.635,0.785,-0.686,-1.33,-0.718,-0.303,0.672,0.528,0.56,1.151,-1.113,1.645,0.366,0.906,0.834,2.118,-0.937,0.988,-3.044,0.851,-0.522,-1.236,-0.926,-1.056,-0.758,2.084,0.402,1.697,-1.11,-1.391,-0.154,1.787,-1.433,-1.053,-0.327,-0.394,2.124,-0.901,Backstroke,836,907,0.537
-1.171,0.766,1.741,0.014,-0.342,-0.406,-0.476,-0.474,-0.094,-1.256,0.079,-2.093,0.176,0.307,-0.538,-0.348,0.259,0.392,1.189,0.029,-0.405,-0.633,0.693,0.883,0.022,1.195,-0.454,0.086,1.627,0.039,-0.141,-1.6,0.425,0.16,-0.867,0.525,-0.096,-0.677,0.822,1.537,-0.155,0.025,-0.104,-1.865,-0.787,-1.455,-0.511,0.49,0.623,-1.217,0.627,-0.4,1.234,1.183,0.071,0.635,-0.781,-0.036,0.747,-0.66,Freestyle,586,184,0.853
-0.535,-2.737,0.298,-0.598,0.766,-0.416,-0.264,0.435,-0.194,-0.087,0.848,2.152,0.257,0.398,-2.174,1.24,-0.888,-1.105,0.297,1.454,-0.718,-0.443,2.929,-0.45,0.141,2.282,-0.639,-1.576,-0.372,-0.398,0.294,0.039,-0.527,0.351,0.507,-1.119,0.892,-1.021,-0.794,-0.291,-2.198,1.124,0.46,0.54,0.024,0.419,-0.186,1.119,1.803,-1.083,-0.281,0.624,-0.982,-0.985,-0.789,0.478,-1.745,0.849,0.123,0.639,Butterfly,1551,451,0.514
-0.068,-0.597,0.331,-1.112,-0.595,-0.214,0.857,0.652,1.003,0.123,0.029,-1.083,0.395,-1.257,-0.655,-2.341,-1.118,1.312,-0.233,-0.725,1.278,-0.943,0.082,-0.115,-0.657,0.223,0.525,0.261,-1.642,-0.062,-0.324,1.378,0.26,-1.793,-0.543,-0.656,-0.959,-0.326,1.999,-0.4,-0.229,0.354,1.481,1.317,-0.379,-0.794,-1.058,2.356,-0.807,0.926,-0.759,-0.752,0.133,1.809,0.427,-0.395,0.172,-0.343,1.334,-0.461,Butterfly,138,282,1.0
-2.058,0.718,1.411,-1.116,1.337,-0.689,0.681,-0.165,-2.226,0.165,-0.489,-0.843,-0.25,-0.968,-1.389,-0.084,-0.745,-1.26,0.286,1.258,0.212,-0.596,0.409,-0.773,-0.184,1.089,-1.106,-0.966,1.604,0.517,0.55,-1.268,0.268,-0.143,-0.02,-1.624,0.044,0.151,0.725,0.162,-1.157,0.255,0.093,-0.016,0.307,0.23,0.365,0.102,0.147,0.066,-0.013,-0.567,0.7,1.451,1.588,0.104,0.202,0.921,0.79,-0.492,Front Crawl,961,1025,0.261
-2.664,-0.234,-1.952,-1.354,-1.461,-0.623,0.357,1.057,-0.3,-0.641,-0.0,0.12,-1.288,1.017,0.394,-0.386,2.555,0.13,0.026,0.349,2.15,0.636,0.868,0.159,-1.914,-0.098,0.229,-0.143,-1.419,-2.113,-1.928,-0.035,-0.179,0.43,0.311,-1.712,-1.124,0.325,-0.124,-0.788,0.056,1.365,-0.047,0.353,0.393,-0.388,-0.074,-0.706,2.109,-0.55,1.689,0.693,0.027,0.455,-0.597,-1.184,1.321,-1.099,0.231,-0.329,Backstroke,970,291,0.279
0.855,-0.922,1.118,0.769,0.079,-0.432,-0.888,-1.788,-1.117,-0.971,-1.166,0.17,-1.374,0.001,-0.261,0.698,1.003,0.729,0.167,-0.779,0.008,-0.033,-0.345,1.206,-0.896,0.037,0.968,2.092,0.083,0.12,-1.341,0.1,0.673,1.013,-0.07,-1.391,1.317,-0.214,1.169,1.023,-2.101,0.018,-1.292,0.38,-0.959,0.184,-0.748,-1.043,-0.012,-0.295,0.734,-1.148,-0.068,0.243,2.179,-0.554,-0.419,-0.473,-0.136,1.736,Front Crawl,658,474,0.42
1.362,1.119,0.631,-1.823,0.25,-1.847,-0.45,0.179,-0.376,-0.271,-0.833,-1.431,0.403,-0.884,1.282,-0.954,0.502,-1.673,0.931,-0.137,0.472,-1.401,-0.494,-0.727,0.328,0.076,0.2,-0.24,0.717,0.653,1.027,-0.509,-1.243,0.445,0.472,-0.994,-0.163,0.708,0.082,1.175,0.068,0.482,0.197,1.458,-0.773,0.144,0.024,-1.029,0.063,0.102,-0.334,0.848,0.115,-2.21,-0.012,1.279,0.224,-0.132,0.953,1.798,Butterfly,799,671,0.391
0.027,-0.13,1.393,-0.173,-0.57,-1.721,0.436,-0.609,-0.98,0.179,1.098,2.2,-0.814,-0.774,0.48,-0.143,-1.552,0.601,-0.662,-1.647,-0.012,-1.329,-0.912,-0.328,-0.621,1.037,-0.267,-0.177,1.195,-0.712,-0.221,0.364,0.335,0.175,-0.487,0.007,0.596,-0.961,2.607,-0.18,-0.039,-1.123,1.277,0.269,-1.378,-0.7,-1.273,-0.887,-0.277,-2.287,-0.452,-1.309,-0.471,1.413,-0.428,1.627,0.597,-0.376,-0.988,0.62,Front Crawl,1878,758,0.481
1.488,0.0,-1.392,-0.453,-0.441,-1.612,-0.86,-0.266,0.019,0.002,-0.13,-0.397,0.398,0.11,1.291,0.008,1.357,-0.608,-1.126,2.048,2.047,1.529,0.8,0.11,-2.595,-0.85,-0.592,1.578,0.739,-1.291,-0.159,0.644,-0.289,-0.288,2.528,0.328,0.862,-0.214,1.763,-1.283,-0.281,-1.175,-0.047,-0.669,-0.363,1.299,1.202,-0.451,0.068,0.047,-1.209,0.498,0.639,0.674,-0.725,-0.324,-0.951,0.027,1.413,0.885,Freestyle,1301,468,0.919
-0.444,1.544,1.317,-1.535,-0.693,-0.535,-0.771,-1.294,-0.3,1.678,1.403,0.835,0.24,1.717,0.752,1.492,0.949,1.317,-0.507,0.51,-1.359,0.198,0.885,0.851,0.176,-0.234,2.506,-0.586,-0.546,-1.04,0.423,0.224,-0.188,-0.833,-0.897,-0.723,-0.525,0.409,1.663,0.041,1.6,0.296,0.551,-2.07,1.077,1.339,-0.922,0.406,-0.938,0.691,0.201,0.702,-0.091,1.013,-0.327,0.944,0.884,0.86,0.748,-1.516,Backstroke,626,829,1.0
-1.354,0.302,-1.216,0.085,-0.051,0.229,0.566,0.338,-1.914,-0.488,-0.609,1.243,2.092,-0.673,0.154,-0.226,0.514,-0.457,-1.501,-0.882,-0.395,-0.099,-1.235,0.118,1.122,0.985,-0.099,0.83,1.994,-0.158,-0.316,-0.693,0.189,1.534,0.099,0.133,-1.102,0.276,1.02,-0.483,1.55,-0.644,1.053,0.647,0.067,-0.316,0.632,-0.652,-1.804,0.62,1.246,1.025,1.455,-0.712,0.163,0.423,0.505,-1.19,1.442,0.096,Butterfly,366,615,0.621
-0.435,-0.738,-0.242,-0.273,-0.136,-0.802,0.047,0.37,0.156,0.138,-0.462,-0.023,2.57,1.758,0.305,1.043,-1.656,0.306,0.27,-0.315,0.969,0.306,0.95,-0.931,0.565,0.948,-0.029,-0.166,0.164,1.242,1.362,0.488,0.498,1.044,0.383,-0.969,-1.402,1.174,0.142,-0.094,0.072,1.407,-0.215,0.695,-0.125,0.744,-0.374,-0.13,0.159,-0.484,-1.029,-0.499,1.465,-1.109,1.735,-0.912,0.104,-1.728,0.358,1.742,Butterfly,332,398,0.647
-0.614,-1.646,-0.553,0.774,-0.24,1.902,0.552,1.276,-0.741,-1.34,-0.227,2.11,1.498,-1.525,1.303,0.638,-2.415,-1.283,0.726,-0.167,-0.04,-0.14,-0.663,0.528,1.106,0.24,0.811,1.63,-0.081,-0.632,0.573,-1.775,-0.662,-0.618,-1.671,0.197,0.458,2.249,0.074,-0.101,-0.021,0.977,-1.215,-0.247,0.03,0.097,-1.214,-0.479,-0.956,-0.784,0.729,-1.068,-1.377,-1.146,-0.725,-1.218,-0.471,0.454,-0.139,0.534,Backstroke,1042,860,0.283
0.735,2.891,-0.05,-0.91,-0.549,0.858,0.399,0.773,-0.164,-1.533,1.28,-1.634,2.504,-0.36,0.709,-0.502,-0.745,-0.276,1.28,0.57,-0.458,-0.723,-0.519,0.465,-1.334,0.1,0.166,-1.172,-1.556,0.298,0.665,-0.339,-0.359,0.37,-0.247,0.779,0.255,-0.641,0.776,0.445,1.26,0.451,-1.082,0.787,-0.105,1.31,1.076,0.476,-0.344,-0.416,0.237,-0.895,-1.074,1.478,0.867,1.102,-0.25,0.392,-0.383,0.277,Backstroke,852,529,0.719
0.017,-0.326,0.709,0.054,0.111,1.162,-0.712,-0.954,1.38,-0.734,-0.067,0.285,0.687,-0.936,1.264,-1.275,-0.626,-0.652,-1.529,-0.771,0.402,0.097,1.109,0.581,0.46,0.754,-1.165,0.576,-0.471,-0.86,-0.758,-0.287,0.875,0.022,-0.168,0.216,-1.72,-0.608,0.193,-1.369,0.28,0.439,-0.825,0.343,-0.631,1.895,0.865,0.43,-0.599,-1.163,0.259,-0.734,0.469,0.041,-0.106,1.585,-1.094,1.041,-0.29,-0.506,Butterfly,337,149,0.506
-0.643,0.583,-1.117,-0.068,0.145,-1.271,0.605,-2.08,0.399,0.002,-0.128,0.282,-0.618,-1.06,0.885,0.212,1.168,0.934,-0.472,-0.047,0.099,1.429,0.517,0.111,0.541,1.192,0.428,0.258,1.435,-0.029,0.682,-2.491,-1.47,-0.338,1.7,-0.956,2.857,-1.257,-1.686,-2.868,0.113,-0.758,0.61,0.451,-0.037,-0.314,-0.356,0.485,-0.292,-1.048,-0.732,1.014,-1.083,0.299,0.637,0.531,0.618,0.459,-2.442,3.132,Backstroke,134,456,0.513
-0.756,0.987,-0.922,-0.221,-0.361,0.202,0.221,-1.239,-1.816,-0.215,1.511,-0.28,0.021,-0.097,-1.159,-0.745,0.228,-0.746,1.819,-0.294,0.382,1.032,0.716,1.927,0.827,0.599,-0.703,1.345,1.012,-1.237,0.7,0.749,-1.044,0.404,-1.162,1.213,0.816,1.829,1.325,-0.498,0.538,-0.346,0.419,-0.531,-0.526,-0.283,-0.784,-0.365,0.253,0.086,-0.389,-0.853,-1.36,0.476,-0.43,0.397,0.766,-0.462,0.369,1.042,Freestyle,981,378,0.013
-1.969,-0.663,0.349,-0.034,-1.318,-0.629,0.106,-1.045,-0.535,-1.327,1.08,-1.009,0.242,-0.837,1.424,0.452,0.098,0.456,-0.505,0.916,0.592,-0.335,-1.631,0.07,-1.407,-0.682,0.418,0.293,0.045,-0.654,0.957,-0.084,1.446,-0.353,-0.518,-0.856,1.96,-0.497,-1.208,1.085,0.103,0.836,2.521,0.4,0.187,-0.128,1.019,-0.529,-1.601,-0.476,1.076,-0.762,1.122,1.566,-0.082,-0.978,0.008,-1.42,-0.762,-0.475,Front Crawl,899,794,0.0
-0.322,-0.502,-0.727,0.967,-0.856,-0.36,-0.128,-0.97,0.505,-1.735,0.564,-0.253,-2.135,-0.354,0.129,-2.075,-0.207,-0.615,-0.161,0.079,0.724,0.062,-1.052,-0.19,-0.261,-0.101,1.474,0.22,-1.055,0.552,1.113,1.2,-0.095,0.188,1.93,0.585,2.509,-2.532,-0.347,1.2,0.074,0.682,-0.88,1.468,2.386,-1.793,-1.685,0.796,0.589,1.597,1.283,1.007,0.296,-0.762,-0.332,1.788,-0.201,-1.636,1.199,0.621,Front Crawl,1427,751,0.433
1.177,0.636,1.438,-0.063,-0.401,-0.058,-0.152,0.786,-0.116,1.414,-2.022,-1.361,-0.545,-1.312,1.621,1.436,0.605,0.704,0.275,-1.269,0.494,1.757,-0.238,0.321,0.735,0.268,-0.347,-1.675,0.114,0.641,0.088,-0.101,1.406,0.023,-1.039,-0.471,0.344,-0.113,-2.243,-0.042,0.467,-2.505,-1.192,0.998,0.628,0.143,0.182,1.103,-1.149,0.317,0.958,1.069,0.618,1.472,0.519,0.422,-0.325,1.64,0.201,-0.271,Butterfly,1154,154,0.522
0.988,-0.864,-0.771,-0.215,0.817,-0.445,0.509,0.848,-0.858,0.822,0.356,-1.221,0.828,-0.277,-1.293,0.694,-0.226,-0.236,-0.629,1.475,-1.874,0.14,0.314,1.666,0.658,-0.018,0.669,1.631,-0.38,0.208,0.193,0.366,0.746,0.291,-0.547,0.229,0.623,1.67,0.777,-2.38,1.559,-0.561,2.699,-0.702,0.449,0.394,-1.277,-1.075,1.198,-0.533,-0.508,-0.121,0.468,-1.01,0.653,0.438,-0.589,0.376,-0.351,1.676,Butterfly,744,797,0.633
-0.162,0.131,0.233,-0.882,-1.226,0.965,0.659,0.204,-0.486,0.841,-0.122,0.582,-0.526,-0.913,-0.502,-0.338,2.042,0.434,0.174,-1.139,-2.125,-2.469,-2.893,0.289,0.855,-0.459,-0.496,0.241,-0.269,1.139,0.248,-1.181,0.135,-1.496,-0.266,-0.312,0.418,2.12,0.671,0.221,1.209,-0.494,-0.129,-1.207,-0.896,-1.321,-0.274,-2.163,1.674,-0.517,0.204,0.725,-0.686,0.499,-0.22,0.566,0.369,0.043,-1.09,0.823,Freestyle,1123,615,0.63
0.686,-0.591,-0.698,-0.407,-0.254,-0.147,0.847,-1.549,-1.759,-1.201,-0.311,-1.641,0.298,1.085,-1.484,0.164,1.296,-0.031,0.921,-0.797,-0.334,-1.442,1.037,1.043,-0.309,-0.069,0.544,-0.417,-0.251,0.665,-1.513,-0.225,-0.015,1.18,-1.144,-0.358,-0.315,1.091,-0.269,-0.702,1.916,0.483,-1.377,-0.834,-0.303,0.965,1.229,0.635,-0.324,-1.935,0.743,0.326,1.404,0.325,0.641,0.261,0.816,0.908,-1.097,-1.005,Front Crawl,610,252,0.499
0.137,0.659,-1.029,0.417,-0.598,-0.577,0.691,-1.03,0.924,2.573,0.35,-1.476,-0.457,-0.641,-0.915,0.877,1.58,-0.813,0.134,-1.183,-1.0,1.711,0.454,-0.671,0.174,-1.03,0.269,1.201,0.891,0.76,0.262,0.236,-0.998,0.565,-0.496,-1.452,-0.441,-1.139,-0.634,0.348,0.151,-0.755,0.741,-0.064,-0.275,1.335,-0.377,1.932,-0.009,0.396,0.039,0.655,-1.475,-0.989,1.652,1.211,-0.317,0.743,-0.105,-0.023,Freestyle,385,975,0.722
-0.438,0.321,0.145,0.284,0.563,-0.606,-0.179,-0.034,-0.677,0.284,0.022,-0.842,-1.508,1.425,0.515,-2.67,-0.599,1.495,-0.937,-0.268,-0.109,1.11,-0.305,-0.206,1.071,-1.026,0.514,0.504,0.493,0.11,-0.082,0.744,-0.986,-0.058,0.64,0.047,1.698,-0.466,0.616,2.096,-0.655,-0.598,0.963,0.905,-1.817,-0.609,-0.657,0.893,-0.051,-0.142,1.45,-1.418,-1.287,-0.479,0.426,0.406,-0.599,1.26,-0.306,0.667,Backstroke,109,307,0.431
0.725,1.605,-0.163,-0.585,-1.464,1.233,0.434,1.543,0.045,0.5,-0.255,1.0,-0.408,-0.216,-0.598,-0.037,-0.831,0.987,-1.33,-0.413,0.787,1.297,-0.581,-0.38,0.48,0.783,-1.376,1.251,0.653,0.151,1.195,0.333,1.21,0.381,0.01,-1.807,-0.126,0.216,0.723,-1.103,1.581,-1.265,0.05,-1.017,0.177,0.519,0.287,1.313,0.702,0.38,-0.542,-1.196,-0.294,1.022,-0.228,0.304,0.712,-0.111,2.815,-0.918,Front Crawl,1283,724,0.576
1.311,-0.324,1.1,0.033,0.739,-0.942,-0.116,-1.89,-0.126,1.354,0.547,0.938,0.532,-0.03,0.65,-2.422,-0.162,1.192,-0.565,1.057,-0.273,-0.155,-0.454,0.463,-1.07,0.985,-0.05,-0.48,0.474,-0.036,-0.237,0.34,0.452,0.203,-0.057,1.519,0.776,-0.283,-1.092,0.451,2.025,-0.707,-0.026,0.351,0.63,-0.486,1.141,0.314,-0.818,0.083,-0.488,0.116,1.798,-0.02,0.39,-0.128,0.026,-2.238,-0.739,1.019,Freestyle,1475,690,0.398
-0.05,0.184,0.087,0.248,1.399,-0.237,-0.56,0.158,0.036,2.031,-1.071,0.897,1.507,0.36,-0.141,0.708,-0.417,0.909,1.678,0.113,-1.003,-1.213,1.249,-0.129,1.151,-0.756,0.014,0.992,-0.41,-0.963,2.344,0.416,-0.328,-1.554,-0.926,-0.401,-0.861,1.624,-0.144,0.213,-0.358,-1.175,-2.159,0.768,0.276,0.476,-0.514,0.246,-1.991,-1.554,-1.222,0.68,-2.951,0.524,-0.6,-0.586,1.714,0.285,0.453,-0.457,Front Crawl,527,695,0.456
0.115,-0.228,0.191,-0.44,0.737,0.135,-0.265,-0.507,0.233,-0.288,-0.073,0.498,0.014,-1.166,1.792,-0.931,0.01,-0.7,-0.021,1.613,-1.012,-0.18,0.141,0.252,-0.036,-0.191,-0.413,-0.792,0.064,0.501,-1.296,0.361,0.218,0.158,0.246,0.246,-1.071,0.697,-0.031,-1.707,0.003,-0.513,-0.969,-0.652,-0.356,-0.138,0.569,-0.492,-0.667,1.747,0.068,-0.248,0.163,-0.042,1.218,0.438,0.482,1.613,0.366,0.624,Backstroke,586,1005,0.246
-0.487,1.426,-0.935,0.542,1.409,0.846,0.008,-1.074,1.123,0.976,0.496,-1.135,0.982,-1.756,0.665,1.72,-1.13,-1.346,0.776,1.133,0.21,1.942,0.323,-0.775,0.771,-1.261,-0.113,0.033,0.608,-0.153,-0.771,1.527,-1.36,0.993,0.917,0.791,0.526,-0.386,0.367,-0.556,-1.161,1.19,0.538,-1.351,-0.024,-0.01,0.429,-0.139,1.852,1.093,0.842,0.938,-0.911,-0.113,1.552,-0.771,1.391,1.008,-0.218,-1.082,Front Crawl,746,692,0.708
0.918,-0.171,-0.443,0.981,1.479,0.468,1.224,0.673,0.125,-0.424,-0.628,0.264,-0.207,2.671,0.183,0.862,-1.331,-0.472,-1.873,0.455,-0.387,0.697,-1.028,-1.174,0.021,-0.329,1.576,0.601,-1.061,0.305,0.258,-1.071,0.911,0.627,0.52,-0.444,-0.77,0.798,-2.536,-0.784,-0.544,0.178,-0.361,1.593,0.014,-0.941,-0.503,0.517,0.391,-0.573,1.823,-1.787,-0.085,-0.286,-0.435,2.248,0.237,0.491,0.391,-0.747,Butterfly,1861,785,0.655
-1.488,-0.073,0.75,-1.857,-0.189,0.21,-0.749,-0.115,-0.95,1.658,1.082,1.218,-0.297,1.487,-1.333,1.136,1.716,-0.567,-1.249,0.957,0.007,1.485,1.809,-0.309,0.454,-0.946,0.295,0.125,-0.153,-0.358,-1.059,1.322,-0.016,-0.169,-0.679,-0.514,0.166,-0.679,-0.485,0.707,-2.335,-0.389,-1.393,0.129,-0.32,-1.98,-1.391,-0.157,1.904,-3.049,1.068,-0.362,-1.571,1.841,0.063,1.74,1.316,0.92,0.668,0.863,Butterfly,319,967,0.72
-0.306,0.626,0.134,-0.571,0.594,-1.184,-0.329,0.122,-0.469,0.698,-0.979,0.008,0.307,-1.2,-1.143,0.563,1.524,1.479,-2.164,-1.989,-1.074,0.97,0.605,-2.526,0.299,-0.639,0.264,0.938,1.031,-0.487,-0.047,1.463,0.782,0.229,-1.683,2.101,2.108,-2.018,-1.667,0.251,0.257,1.021,2.166,-1.819,-0.843,0.045,-0.577,0.728,-1.028,0.032,0.56,2.122,-0.778,-1.885,0.023,-0.664,0.574,-0.261,-0.709,-0.964,Freestyle,873,266,0.436
-0.976,-0.181,1.099,-0.818,0.362,0.411,0.38,-0.013,0.967,-1.333,1.118,0.06,-0.275,-0.734,-0.495,-0.707,-0.416,-0.601,-1.571,1.658,-0.018,-0.291,-0.939,-1.046,0.216,0.708,1.675,0.413,0.768,0.9,-1.867,-0.612,0.52,0.525,1.623,0.32,-0.474,-0.283,-0.912,0.988,-0.12,-0.012,-0.451,2.047,-0.086,-0.244,-1.21,0.072,0.71,-0.366,-1.101,1.518,0.907,-1.001,-1.063,0.326,0.771,-0.669,-0.543,0.44,Butterfly,974,360,0.53
-0.401,-0.293,-0.999,0.675,0.31,0.962,-1.475,-0.222,-1.543,-0.73,-2.256,0.187,-2.858,-0.003,-0.268,0.472,0.759,1.133,-0.581,0.617,-0.148,-0.875,-0.041,0.616,0.055,0.32,-0.456,-0.261,1.223,1.753,0.477,-1.541,-0.004,-0.255,-0.496,-0.118,0.581,0.106,-0.165,1.689,0.634,0.954,-0.128,3.315,0.513,0.091,0.613,1.01,0.534,-1.06,1.812,0.238,-1.048,1.211,-0.919,0.072,-1.221,0.331,0.503,-1.078,Front Crawl,1674,982,0.863
-0.554,0.168,-1.305,-0.162,0.504,0.643,-0.423,-0.081,0.593,-0.179,0.674,0.291,0.444,0.346,0.621,-0.967,-1.423,-0.251,-0.316,0.005,-0.914,-1.377,-0.596,-0.103,-0.464,2.766,0.909,-0.201,0.018,0.838,-0.644,1.94,-0.174,0.534,0.291,-0.275,0.101,0.449,0.451,1.575,-1.681,-0.909,0.352,1.943,-0.034,-0.448,-0.122,0.277,-0.957,0.091,-0.889,-1.353,0.909,-1.556,-0.16,-0.935,-0.287,-0.064,1.131,-0.935,Backstroke,565,955,0.282
1.108,0.145,0.331,0.27,-0.442,1.02,1.387,0.227,2.035,0.232,0.855,0.844,-1.403,1.047,1.291,-1.126,0.962,-0.835,0.762,-1.605,0.236,1.149,0.341,0.29,-0.465,0.644,2.076,-0.528,-0.078,-1.021,0.237,1.737,0.921,0.804,1.333,1.054,0.127,-0.406,-0.169,-0.73,-1.132,-1.488,2.206,0.348,-1.722,0.078,0.866,-0.737,0.117,0.647,-0.415,0.337,0.47,0.121,1.09,-1.357,-1.451,1.087,1.477,-1.829,Front Crawl,1633,204,0.26
-0.094,-0.19,0.558,-0.979,0.533,0.935,0.013,0.386,-0.285,-0.726,-0.876,-1.242,-0.502,2.287,-0.415,1.312,1.323,-1.05,0.977,1.167,0.546,-0.553,-2.33,-1.12,0.779,1.108,0.509,2.708,-0.273,-1.55,0.138,0.661,1.711,-0.454,2.551,0.605,-0.484,3.036,0.662,-0.276,-0.483,0.779,0.082,1.798,-0.371,0.741,-1.754,0.137,0.82,-0.173,-1.106,-1.332,-0.504,-0.515,-1.164,0.192,-0.444,-0.011,-1.47,-0.997,Backstroke,1630,405,0.932
0.481,-0.231,0.462,-1.006,-0.509,-0.09,-1.586,-0.25,0.092,0.515,-0.955,1.323,-0.867,-0.866,0.84,-1.119,0.812,1.511,0.491,-0.328,-0.096,0.007,-0.216,0.489,1.579,-0.351,-1.057,0.808,0.538,-0.624,0.767,-0.705,0.522,-0.672,-0.762,-1.635,0.921,-1.121,2.506,-1.072,-1.057,0.064,0.105,1.579,0.431,-0.093,-0.498,-0.34,-1.393,0.75,-0.839,0.943,2.087,0.377,-0.216,-0.227,0.444,-0.484,-1.199,0.042,Butterfly,390,522,0.777
-0.997,-0.346,-0.854,-0.007,0.3,0.439,1.102,0.937,0.295,0.242,-1.773,1.018,1.014,-0.805,0.099,0.613,0.324,-0.673,0.954,-0.068,-0.381,2.761,-0.076,-0.135,-0.525,-0.42,1.05,0.361,-0.105,1.627,-1.431,-2.799,-0.759,0.442,-0.088,-1.335,-0.409,1.207,0.618,-0.958,-0.618,-1.088,-1.815,-0.354,0.232,0.113,-1.688,-2.755,-0.259,0.123,0.235,-1.389,-1.948,-0.048,-0.327,2.07,-0.593,0.244,0.704,0.185,Butterfly,601,974,0.004
-1.125,0.341,0.581,-0.514,0.925,1.129,2.118,-0.713,-0.053,-1.113,0.663,2.177,2.531,0.681,-1.433,0.366,1.459,0.966,1.241,0.475,0.97,-0.235,0.452,-0.369,0.385,-1.608,0.336,0.056,-1.781,-0.104,0.159,0.578,1.554,0.696,0.035,-0.483,1.311,0.431,0.94,0.022,-0.586,-0.107,0.668,-0.135,-0.772,-0.686,-0.616,0.549,1.016,1.205,0.732,-0.282,1.538,1.044,-0.633,0.676,0.019,0.299,1.881,-1.474,Butterfly,1361,667,0.471
1.298,-0.392,-1.798,-1.567,1.314,-0.983,0.546,1.46,-0.146,-1.561,-0.508,-0.069,1.522,0.725,-0.504,1.355,1.105,-0.104,-0.283,0.003,1.715,0.36,-0.602,2.094,0.44,0.589,-0.684,1.069,-1.893,-1.718,1.958,-0.773,0.692,0.191,-0.457,-0.38,-0.571,1.523,0.096,-0.845,-0.462,-0.386,2.142,1.184,-1.07,-2.101,0.776,0.71,0.08,-0.197,0.734,-0.328,1.284,-0.73,-0.894,0.578,1.194,0.261,0.485,-1.151,Freestyle,1376,1037,0.629
1.429,-0.838,-0.424,1.085,-0.854,-0.283,-1.522,-0.38,-0.926,-0.11,0.451,0.765,0.084,2.168,2.229,-0.609,-0.297,-1.816,0.248,0.215,0.646,-0.126,-0.211,0.061,-1.569,0.188,1.484,1.804,-0.325,-0.138,2.393,0.491,-0.223,-0.265,-0.258,2.041,0.212,0.998,-0.438,-1.586,-0.009,0.104,1.505,1.439,-0.638,0.217,-1.549,0.941,-0.679,0.202,0.199,0.107,-1.751,-0.665,1.019,0.175,-1.137,-0.01,0.506,1.124,Freestyle,251,636,0.295
-0.028,0.659,0.175,-1.234,0.163,-0.305,0.592,-0.221,-0.8,0.728,-0.847,-0.087,-0.802,-0.116,-0.075,-0.319,-0.6,-0.212,-0.14,-0.332,0.845,-0.147,-0.179,0.517,-0.249,0.303,-0.387,1.711,0.054,-0.942,0.781,0.662,0.219,-1.539,-1.332,-0.547,-1.574,0.347,0.351,-1.261,-2.017,-2.246,1.378,-0.709,0.052,-2.029,0.527,0.702,-0.53,-0.615,-0.802,-1.432,-0.16,-1.974,-0.979,1.745,-0.515,0.434,0.154,-0.717,Backstroke,1852,270,0.358
-1.282,-2.166,0.244,-0.161,-0.225,0.338,-1.24,1.01,-1.109,0.837,0.395,1.184,-1.04,0.676,1.45,1.097,0.455,0.4,-0.59,0.239,0.632,0.959,-0.827,0.042,-1.795,0.405,-0.395,-0.494,-0.317,1.931,-1.363,-0.792,0.419,1.663,-0.736,-2.101,0.57,-1.99,-0.711,1.041,0.397,-0.088,-0.288,-0.241,1.651,-0.675,0.316,2.562,-2.137,0.987,-0.758,-0.55,0.1,-0.31,0.296,1.297,-0.028,0.097,-1.715,-1.84,Freestyle,976,400,0.805
-1.497,0.625,1.586,-1.094,-2.213,-2.071,-0.076,0.106,1.851,0.127,0.334,0.029,0.729,-0.472,-0.887,0.601,0.912,-1.181,-0.186,0.276,1.036,-1.075,2.104,1.636,-0.155,-0.958,1.555,1.437,-1.161,2.317,0.202,0.874,-1.522,-0.438,-0.357,1.306,-1.34,0.98,0.386,-0.456,-2.462,-0.721,-2.563,-0.934,2.217,-0.452,-0.371,0.907,1.19,0.851,-0.159,0.672,-0.462,-0.517,2.032,-0.84,-0.848,0.002,-1.369,1.923,Butterfly,1203,957,0.62
0.96,-0.319,0.302,-2.055,-1.053,-1.454,-2.077,1.134,0.925,0.274,-1.086,0.096,1.02,-0.114,0.271,-0.093,-0.617,0.211,-0.979,-0.398,0.81,1.742,0.866,0.91,-1.222,-1.038,-0.351,-0.907,0.615,0.445,0.029,0.484,1.625,-1.574,-0.482,-0.804,-2.889,0.955,-0.972,1.417,0.77,-1.048,-0.055,-1.01,0.492,1.988,2.528,-0.485,0.176,-1.296,0.355,-0.236,0.099,0.378,0.454,-1.6,0.805,-1.343,0.132,-0.711,Freestyle,1384,1040,0.294
-0.748,0.647,-0.988,0.425,-0.364,-1.329,-0.962,-0.168,0.871,0.297,-0.118,-0.175,0.733,-0.008,-0.414,-0.5,-0.893,0.287,-0.611,-0.825,-0.423,1.059,-0.962,-1.48,0.05,-0.884,-1.212,-0.68,0.742,1.318,0.658,-0.987,0.654,-1.312,-0.348,0.336,-3.1,-1.471,0.007,0.551,0.273,-1.277,-0.541,-0.865,0.373,0.214,0.226,0.492,-0.668,0.631,0.145,-0.544,1.244,1.151,-0.539,2.64,0.406,-0.264,-2.659,0.81,Butterfly,411,579,0.649
1.146,-0.627,-1.576,-0.394,-0.741,1.086,0.37,0.42,1.942,-0.013,0.178,-1.9,0.7,-0.23,0.07,1.814,0.013,0.843,0.309,0.061,0.072,-0.589,0.516,0.398,0.751,-1.205,-0.166,-0.966,-1.025,-0.211,0.382,-0.698,0.054,1.585,0.952,-0.671,-0.056,-0.244,-0.882,-0.849,0.837,0.692,-1.718,1.213,0.434,-0.227,-0.812,0.685,0.189,1.299,1.225,1.331,-1.689,-0.093,-0.677,-0.043,0.087,-1.155,0.691,1.185,Freestyle,939,1007,0.167
0.047,-0.415,2.079,1.523,1.398,-1.863,1.461,-1.785,1.393,-0.104,0.43,-0.067,1.013,0.541,-1.651,0.072,-0.508,-0.618,2.986,-0.581,0.586,0.349,-1.33,-0.699,-2.972,-0.833,-0.245,1.427,0.285,-0.571,0.285,1.255,-0.629,0.669,-0.855,0.109,1.474,-0.958,0.723,1.192,0.342,0.551,-0.496,-0.021,-1.047,0.166,0.657,-1.456,-0.268,-1.246,0.668,1.441,1.392,-0.751,0.139,-0.443,0.527,-0.255,1.497,-1.755,Front Crawl,235,663,0.426
0.587,-0.448,0.082,1.387,-0.332,0.215,0.846,-0.583,-1.115,-0.032,-1.795,-0.012,-1.3,-0.883,-0.456,-0.852,-0.679,0.814,0.23,0.891,1.073,-2.231,0.409,0.114,-0.158,-2.023,0.046,-0.393,0.077,0.25,1.587,-0.628,-1.246,-1.153,1.584,0.137,2.958,-0.235,0.784,0.882,-0.229,1.221,0.431,1.124,1.365,-1.858,2.821,0.946,-0.984,1.292,1.421,-0.873,-0.089,0.474,0.415,-1.211,-0.211,-1.982,-1.115,0.27,Butterfly,1098,681,0.663
0.226,0.777,0.786,0.652,0.312,-1.447,-0.345,-0.403,-0.268,0.646,0.123,-0.732,0.894,0.502,0.121,0.645,1.254,-0.057,0.769,-0.035,1.088,1.015,-0.331,-1.037,-0.463,0.151,0.255,0.108,-0.403,-0.863,0.609,-0.706,0.153,1.06,0.908,0.77,0.31,0.819,0.024,-1.901,-0.078,-0.312,-1.424,1.04,-2.203,0.287,-0.039,-0.533,-0.574,0.654,0.16,-0.814,0.277,1.181,0.665,0.169,0.367,-1.515,0.626,0.165,Freestyle,1369,584,0.623
0.363,0.064,-1.003,-1.182,-0.927,1.512,1.47,-1.471,0.129,1.19,0.616,0.273,0.567,2.001,-0.799,-0.615,0.286,1.274,0.397,-0.69,0.225,-0.781,-0.837,-0.567,1.185,1.595,0.595,-0.033,-2.11,-0.743,-0.834,0.72,0.281,0.689,0.055,0.58,-3.338,0.34,-0.72,0.039,1.691,0.034,-0.608,-0.987,-0.633,0.69,0.44,-0.346,0.154,0.015,-0.836,0.486,-1.043,-1.288,0.17,0.367,-0.421,-0.208,-2.232,0.397,Butterfly,347,943,0.815
-0.572,1.188,0.366,0.801,-0.399,-2.888,1.165,0.557,0.85,0.334,1.034,-0.436,-0.021,0.735,2.406,-0.382,-1.006,0.615,0.929,-1.497,-0.533,0.307,-2.999,1.05,0.734,-0.262,0.464,0.464,-0.854,0.493,0.003,-1.514,0.271,0.555,-1.878,-0.766,-0.968,-0.388,1.627,-0.949,0.249,0.99,0.426,1.264,-0.295,-0.322,0.734,0.259,-0.254,-0.319,0.039,1.086,-1.427,-1.028,0.27,-0.9,-0.153,0.395,-1.305,1.775,Freestyle,1194,603,0.501
-1.286,-0.323,0.846,0.128,0.05,0.139,1.034,2.076,0.09,1.225,1.066,-1.656,0.078,0.165,-0.374,0.906,-1.591,-0.255,0.725,0.229,-0.012,0.129,1.012,1.32,-0.74,-0.675,-0.463,-0.295,-0.536,0.33,0.488,-3.145,0.766,0.438,-0.206,-0.418,1.117,1.029,0.54,-0.224,-1.628,0.411,-1.454,-1.583,0.229,-0.003,0.884,-0.385,0.222,-0.054,1.677,2.645,-0.398,0.608,-0.005,-0.173,-1.456,-0.437,0.022,-0.28,Breaststroke,991,1067,0.488
-1.151,0.097,-1.623,0.922,0.021,-0.388,-0.751,0.927,-1.576,-1.266,-0.001,-0.735,-1.757,1.045,-1.468,-1.132,0.591,-1.395,0.152,1.154,-0.314,0.572,-1.164,0.395,0.602,0.116,-0.947,0.593,-0.369,-1.422,0.684,0.959,-0.632,-0.346,-0.11,0.488,-0.449,-1.101,0.49,0.092,-0.189,0.002,-1.054,1.346,0.323,1.444,-1.405,0.065,0.124,0.434,0.704,-1.002,-0.436,-0.82,-0.407,-4.05,-0.596,1.495,1.695,0.324,Breaststroke,1413,161,0.644
0.673,0.683,-1.589,0.105,1.116,-0.472,0.672,0.247,-0.099,0.124,0.15,0.456,0.212,-0.166,1.356,-0.349,2.64,1.234,-0.278,-0.047,-0.414,-1.204,0.465,1.084,0.019,-0.066,-0.42,-1.253,0.779,-0.794,0.938,0.644,-0.352,-1.998,-1.299,1.113,-1.307,-1.029,1.431,1.208,1.055,-1.475,0.254,-0.043,1.476,-0.586,0.318,0.361,1.135,0.06,0.303,1.163,-0.186,0.651,0.281,-0.673,-1.659,-0.732,0.345,0.724,Freestyle,942,1001,0.75
0.713,0.829,-0.852,-0.933,-1.052,1.462,-0.982,0.225,-0.629,0.085,0.965,-0.783,-0.165,-1.137,0.727,0.698,1.453,-1.583,-0.398,-0.208,-1.255,0.911,-0.255,0.871,1.192,0.998,-0.613,-0.142,-0.631,-0.372,-0.125,1.724,0.005,-0.766,-0.925,0.433,0.182,-1.275,-0.484,-0.538,-0.902,0.463,0.211,0.207,0.842,-0.607,-0.248,0.018,-0.989,-1.248,0.167,1.619,1.807,-1.022,-1.296,0.497,-0.161,-0.382,2.089,-0.101,Backstroke,354,486,0.658
-0.74,0.301,-0.137,-0.336,0.089,1.205,-1.261,-0.504,0.148,0.113,1.134,0.597,1.286,-0.764,-1.845,0.186,0.56,0.777,-0.335,-0.747,-0.784,1.625,1.392,-0.254,0.412,-1.38,-1.139,-0.145,-0.861,0.05,-0.446,1.971,-1.067,1.137,-0.93,-0.544,-1.512,-0.747,-0.822,0.818,0.081,0.989,1.944,-1.272,1.951,-1.956,-0.163,-0.443,-1.756,0.512,0.664,-0.242,-0.954,-0.27,1.987,-1.867,-0.451,-0.531,-0.81,0.37,Front Crawl,1583,208,0.478
-0.971,-0.567,1.202,0.632,1.985,-0.601,1.109,-0.997,0.498,-0.471,-2.194,0.149,-1.503,0.729,0.093,-0.37,0.055,-0.699,0.433,0.93,-1.147,-0.479,0.142,-1.088,0.77,-0.193,1.408,0.851,0.261,0.593,2.0,0.144,-0.582,1.422,1.957,-0.288,1.153,-0.483,-0.646,-0.678,1.763,2.377,0.61,0.738,0.542,-0.122,-0.758,0.917,1.139,-0.44,1.499,-1.127,1.546,0.983,0.264,-1.452,0.577,-0.004,0.755,-1.002,Butterfly,965,417,0.157
-0.81,2.559,-3.336,1.315,1.019,0.277,0.374,-0.613,-0.831,-0.777,-0.756,-0.715,-1.378,0.095,0.583,-0.229,0.655,0.314,1.438,1.407,1.609,-0.049,1.49,0.656,1.786,0.561,-0.92,0.008,-0.059,-0.685,-0.802,-0.163,-0.47,0.808,2.46,-0.789,-0.411,-0.16,-0.067,-0.349,-0.077,-0.399,0.336,0.151,0.637,0.102,0.572,0.239,0.712,0.347,-0.547,1.524,-0.809,0.033,0.462,0.594,-1.169,0.974,0.156,0.133,Breaststroke,1284,265,0.817
-0.468,-0.107,-3.209,0.658,-0.019,1.415,-0.836,0.348,0.587,0.005,-0.108,0.135,1.394,0.514,-0.869,0.895,-1.02,-1.347,-1.988,0.087,-0.46,1.282,0.313,-0.581,0.682,-0.099,-1.034,1.373,0.295,0.158,-0.774,0.567,1.921,-0.401,-1.842,-0.22,0.696,0.18,0.338,-1.257,-1.489,-1.956,-0.496,1.402,-1.999,-0.157,1.863,0.259,-0.7,1.186,0.351,-0.792,0.211,-0.731,0.36,1.377,0.617,-0.341,1.736,-0.782,Freestyle,240,880,0.756
-0.857,-0.798,-1.166,-1.464,0.152,-0.306,-0.429,-0.208,-1.01,-1.324,1.262,-2.129,-0.749,0.048,0.548,-0.676,0.267,-1.367,-0.59,-0.914,-1.245,0.438,-0.426,-0.249,-0.798,-1.819,0.39,-0.459,-1.438,-0.714,0.553,-0.364,1.914,0.798,-0.461,0.115,0.034,-0.105,0.901,0.842,1.416,0.171,0.119,0.677,0.132,-1.181,-1.509,0.978,-0.759,2.17,-0.37,0.813,-0.512,-2.102,0.049,1.461,0.89,-0.153,0.599,0.783,Freestyle,215,653,0.255
1.443,-1.822,-1.448,1.0,-0.618,-0.405,1.077,0.34,0.596,2.091,-0.852,1.357,-0.899,0.253,-0.436,-0.1,0.465,-0.367,-0.749,-1.52,0.804,2.142,0.301,-1.191,1.01,0.485,-0.0,2.495,1.956,1.068,1.749,0.837,-1.177,0.704,0.365,-1.475,0.103,-0.729,-0.107,-2.438,-1.459,0.488,-0.585,-1.629,-0.965,-1.49,-0.777,1.557,-0.461,-0.049,0.086,-0.907,-0.676,-0.764,0.115,-0.929,0.48,-0.149,-1.481,-0.121,Breaststroke,977,532,0.412
1.511,0.856,-2.575,0.141,-1.739,-1.852,0.177,-1.41,1.027,0.229,0.576,1.573,-0.802,-0.336,1.016,-2.35,-0.662,-1.12,-1.322,1.763,2.22,0.251,0.726,-0.003,-1.333,-0.666,-2.165,1.373,0.055,0.537,0.26,-0.462,1.034,-0.965,1.427,0.493,1.326,-0.559,-0.048,-1.168,-1.59,1.451,-0.266,0.509,0.57,-1.206,-0.207,-0.143,-1.596,0.039,1.065,-1.306,-0.596,0.812,0.573,-0.325,1.233,-0.103,0.276,-0.23,Butterfly,480,460,0.387
0.754,0.042,-0.559,-0.352,-0.031,2.452,-0.068,1.133,1.854,0.475,-0.437,-0.531,0.858,0.04,1.339,0.817,1.646,0.477,-1.54,0.944,-1.492,0.237,-0.012,-0.616,-0.449,0.871,-1.258,1.614,-1.545,1.606,-1.285,0.498,-0.426,-0.547,-0.512,0.482,-0.251,-1.557,0.734,-0.247,1.086,0.094,-0.244,1.115,0.49,1.355,-0.146,-0.499,0.745,-0.475,-0.676,0.413,-0.505,-1.094,-0.27,-1.013,-1.521,0.87,-0.108,-0.596,Freestyle,1100,376,0.572
-0.534,1.11,1.193,1.098,-0.159,0.593,-1.371,-0.845,-0.504,0.434,1.45,-0.632,1.501,-0.75,1.629,0.724,0.162,0.527,-0.438,-1.054,1.746,0.347,1.101,-0.93,-0.826,1.975,-1.127,1.514,0.691,-0.329,0.445,-0.034,0.268,0.473,-0.16,-0.846,0.06,-1.011,-0.52,-1.973,-0.707,1.671,-1.88,-0.128,0.294,1.26,-1.202,-0.596,-1.018,0.119,-0.595,2.012,-1.837,-0.383,1.223,-0.144,0.246,-2.084,0.65,-0.262,Freestyle,1225,197,0.554
-0.363,-1.452,0.566,-0.135,0.036,0.327,1.003,0.671,-1.458,0.392,0.253,-0.209,-0.028,1.193,-0.642,-0.237,0.835,-1.412,-0.154,1.997,0.191,-0.51,-0.434,-0.686,0.335,-0.188,0.323,0.485,0.223,-1.213,0.236,-1.627,-0.568,-0.507,0.273,0.829,0.452,-0.163,-1.003,0.421,1.013,0.231,2.297,1.383,-1.756,-1.305,-0.978,-0.714,2.869,-0.167,-1.995,-0.239,1.788,-1.021,0.359,-1.332,1.127,-0.897,-1.771,-0.186,Breaststroke,463,137,0.62
1.83,-0.04,-1.134,0.138,-1.65,0.436,-1.092,0.437,-1.866,-0.794,0.45,0.762,-0.937,0.325,0.43,-0.297,0.692,-0.569,1.128,0.072,0.173,3.278,1.76,1.462,0.399,-0.709,0.634,-0.59,-0.186,0.381,1.057,0.528,0.138,0.454,0.692,0.416,-1.926,-1.228,1.52,0.743,-0.489,-0.351,-0.967,0.465,0.04,0.707,-0.284,-1.719,0.816,-0.445,1.015,-0.524,-0.541,-1.676,1.393,0.925,0.144,-0.759,1.032,0.291,Breaststroke,1309,223,0.584
0.037,1.732,0.704,-1.312,-0.948,-1.218,0.837,0.958,-1.62,-0.159,-0.047,1.332,-0.059,0.337,-1.094,-0.826,-0.898,0.111,-1.458,1.386,-0.05,-1.904,0.332,0.711,-1.281,0.551,-0.819,1.092,1.424,-0.826,0.689,-0.826,2.085,1.841,-1.579,-1.987,-0.208,-0.424,-1.296,-0.397,-0.837,0.239,0.223,0.379,-0.351,0.805,-0.085,-0.325,2.343,0.31,0.022,-0.145,-0.676,0.22,1.782,-0.757,0.866,1.006,-0.017,-0.718,Backstroke,1194,792,0.514
-0.211,0.349,-1.028,1.085,-0.391,2.442,-0.904,0.784,-0.174,0.147,-0.133,-2.082,0.477,-0.751,-0.588,-1.333,0.255,-1.022,-1.026,1.445,-0.926,-0.209,-1.147,1.919,0.675,2.575,0.938,1.215,1.469,0.485,0.704,-0.672,1.157,1.464,0.405,-0.528,1.08,2.04,0.784,0.019,1.007,-0.296,0.485,-1.181,0.424,-0.47,-1.823,-1.539,1.251,1.32,-1.073,-0.176,-0.949,0.526,0.695,0.417,0.391,0.313,-0.58,-1.242,Freestyle,1215,621,0.258
-0.96,0.496,-1.131,-0.854,1.805,0.174,0.874,0.954,-0.46,-1.853,0.668,0.569,1.461,0.905,-1.484,0.319,1.825,-0.643,2.634,0.812,-0.846,-2.153,1.296,0.303,-1.207,-1.262,-1.056,0.533,-1.812,1.38,-0.322,-0.346,0.55,0.323,-0.072,-0.656,1.28,1.264,1.354,1.067,0.77,-0.528,-0.373,1.005,1.364,1.073,1.065,-0.485,-0.211,1.322,0.316,2.071,0.572,-0.872,-1.482,-1.862,1.161,-1.129,-0.091,0.453,Breaststroke,1662,742,0.566
1.252,1.566,1.463,-0.279,1.007,-0.081,-0.835,0.372,-1.223,-1.55,0.118,-0.4,-0.093,1.914,-1.592,0.627,-0.515,1.631,0.239,1.571,0.3,0.182,0.575,1.582,-0.517,-1.36,-1.113,-0.005,0.364,-0.504,0.878,0.234,1.166,0.109,0.968,-0.385,-0.037,0.182,-0.456,-0.509,1.828,0.347,1.275,1.228,-2.0,0.603,-0.147,1.531,-0.621,1.013,-0.714,-1.245,-0.036,-0.724,-1.122,-1.298,1.426,1.115,-1.05,-1.046,Backstroke,1076,1079,0.396
1.074,0.678,-1.038,-1.002,0.461,-1.31,1.748,-0.241,0.375,1.017,-0.142,-1.873,-0.541,-1.463,1.331,-0.949,0.372,-0.553,-1.284,-0.272,0.851,2.217,-1.355,-1.181,-0.413,-0.817,-0.955,-0.049,0.843,1.216,-0.376,-0.151,1.305,-1.66,2.197,-1.029,-2.643,-0.746,0.154,-1.661,0.036,-0.294,-1.513,1.705,0.937,-0.536,0.191,0.442,0.324,-0.219,-1.322,-0.094,1.243,-0.471,-0.298,0.695,-1.15,0.451,-1.672,-2.323,Front Crawl,1708,176,0.534
-0.961,0.231,-0.778,-0.711,0.688,0.633,-0.147,-0.955,-0.263,-0.793,1.027,-1.271,-0.902,1.233,-1.683,-1.619,0.809,-0.558,-0.883,0.2,-0.04,0.794,-2.272,0.47,0.561,-0.432,1.918,0.38,0.31,-0.629,-1.216,-0.329,0.889,0.149,-0.1,0.168,-0.56,-0.325,1.943,-1.382,0.392,-1.518,-0.475,1.62,-1.389,1.172,-0.32,0.201,-0.536,0.559,0.302,-0.111,-0.27,1.882,-1.227,0.393,-0.71,0.49,-0.642,1.741,Backstroke,345,359,0.332
-1.141,-0.439,1.132,0.685,-1.543,-0.136,2.374,-0.389,0.307,0.66,-0.795,-1.965,0.464,0.537,0.741,-0.434,2.06,-0.436,0.555,0.997,1.709,0.03,-1.1,-1.088,0.407,-0.199,1.86,0.9,-0.646,-1.169,-0.044,-1.444,1.076,-1.711,0.832,0.111,-1.564,0.382,-0.66,0.264,-0.651,0.312,1.038,-0.354,1.459,-1.181,-0.809,0.583,-0.709,-1.625,-1.01,-0.075,1.42,-0.713,1.567,-0.476,2.21,0.424,1.077,0.362,Backstroke,1127,297,0.609
0.045,0.438,-1.908,1.323,1.561,-1.101,1.169,1.088,-1.293,1.732,1.109,0.389,-0.578,0.475,-0.506,-0.386,-0.557,-2.073,0.373,-0.293,1.35,1.57,-0.586,1.545,1.636,1.033,2.368,0.133,0.052,-0.299,-1.811,-0.399,0.106,-0.619,-0.58,-0.795,1.373,-1.738,-0.093,1.235,-0.424,-0.356,-0.468,0.769,-0.514,-0.511,-0.088,-0.662,-0.346,-0.259,-0.894,1.367,-1.175,0.455,0.883,1.625,-1.82,-1.247,0.15,1.855,Backstroke,1302,817,0.47
-0.013,-0.258,-1.056,0.651,0.832,-0.586,0.311,0.935,-0.149,0.422,-1.587,-0.697,-0.82,-0.908,0.116,-0.573,1.661,0.416,0.32,1.37,-0.692,-0.604,-1.002,0.268,1.004,-0.15,1.072,-0.677,2.203,0.033,1.676,0.509,-1.989,0.067,-1.539,-2.047,-1.937,0.715,0.194,0.176,-2.053,-1.594,-1.05,0.125,2.444,-0.07,0.565,-0.617,-0.055,0.845,1.167,-0.156,-0.847,-1.158,1.895,-0.263,-0.159,-0.295,1.367,-0.827,Front Crawl,1030,865,0.588
-1.714,1.223,-1.862,-1.111,0.519,-0.239,-0.425,0.81,-0.128,1.171,-0.6,-2.336,0.843,-1.407,-0.454,-1.758,-0.437,0.9,-0.169,0.552,1.39,0.024,0.449,-0.165,2.374,-0.407,1.296,0.572,-1.169,-1.135,-0.744,-0.278,-1.728,-0.045,-0.604,1.168,0.748,1.253,-0.061,-0.131,-1.292,0.896,-1.314,0.821,-0.529,-0.333,-1.586,-0.183,-1.66,-0.152,-0.827,0.671,-0.024,2.01,0.18,-1.724,0.33,-0.623,-2.677,0.984,Breaststroke,265,319,0.681
-1.024,3.402,1.221,1.078,1.264,-0.945,0.375,1.386,-0.401,0.143,0.959,1.181,0.001,-0.399,0.434,-1.97,-0.405,0.827,-1.361,-0.474,-0.863,-0.47,-0.262,-2.063,0.566,1.109,1.099,-0.79,-0.475,-0.374,1.111,0.55,0.616,0.124,-0.808,3.129,-0.456,-1.379,-0.112,-1.112,-0.55,1.493,0.437,-0.594,-0.815,0.827,0.733,-1.156,1.233,-1.509,1.096,-1.39,-0.233,-1.445,-1.151,-1.834,-0.16,0.904,-0.89,-0.699,Freestyle,821,641,0.724
1.628,-0.556,-0.255,-1.191,-0.794,0.959,1.106,1.007,0.714,0.237,0.258,-0.32,0.934,-1.4,-0.496,0.511,-0.939,-0.615,-0.578,-0.528,0.046,0.326,0.02,-0.637,1.656,-1.295,1.825,0.617,-0.0,-0.739,0.628,-1.573,-0.259,-0.298,-2.993,-0.141,0.634,-0.852,-0.229,-1.087,0.094,-1.253,0.516,1.435,-0.098,-2.055,0.14,-0.456,-0.142,-0.703,-2.479,-1.418,-0.113,-0.009,0.724,-1.096,-0.488,0.917,1.535,1.364,Butterfly,1726,553,0.782
-0.335,-1.336,-1.475,-0.578,0.801,0.475,-1.51,1.645,1.156,-0.059,-0.889,1.188,-0.047,-0.25,0.218,-0.043,-1.838,1.124,0.782,-1.206,1.076,1.405,0.469,0.761,-0.007,-0.235,0.767,0.138,-2.417,1.546,-0.992,-0.771,0.041,-0.753,1.385,-0.73,-0.946,-0.165,-1.095,-1.442,0.484,0.044,-0.673,1.9,-0.196,0.367,-0.306,-0.781,0.077,0.51,1.914,-0.793,0.276,0.584,-0.402,-0.839,0.797,0.415,-0.5,-1.419,Backstroke,1591,343,0.355
0.223,0.16,-0.697,-0.703,1.431,0.087,-0.273,1.595,-0.448,1.74,-2.089,-0.009,0.767,0.758,-1.039,0.681,-0.04,0.916,1.566,-0.059,-0.808,1.133,0.11,0.311,-0.926,1.103,-0.688,0.251,0.893,1.011,-1.313,-1.989,-0.046,-1.077,1.435,-1.675,0.726,0.59,-0.927,-1.89,0.447,-0.501,0.452,-0.079,-0.59,-0.575,-0.813,-1.791,-1.017,-0.252,-0.979,-1.508,-0.424,0.136,0.389,0.243,2.273,-0.028,0.855,0.959,Butterfly,1849,576,0.272
-0.522,0.038,0.935,-0.797,-0.66,-0.463,0.176,-1.02,0.305,-1.885,0.773,0.224,1.996,-0.817,-0.951,1.151,1.12,1.701,-1.094,0.899,-0.171,-0.364,-0.483,-0.826,0.887,-0.539,0.218,0.402,-1.827,-1.308,0.147,0.551,0.787,-1.887,-0.564,-0.127,-1.564,1.432,-1.41,0.322,0.089,0.239,-1.727,-0.959,-1.971,0.274,-0.642,0.422,-1.478,1.023,1.069,-0.091,0.184,-1.098,-0.915,-0.189,0.32,-0.86,-0.417,-0.039,Butterfly,397,852,0.259
0.746,-0.272,0.895,-0.698,0.423,0.57,-1.293,0.348,0.735,0.127,-0.743,-0.476,-0.262,-2.013,-0.238,-1.03,-0.555,-0.311,1.975,1.548,0.812,0.206,0.72,0.249,1.077,-0.275,2.543,-0.064,0.583,1.14,1.097,-0.553,0.384,0.744,1.704,0.756,-0.744,-2.157,-0.895,0.041,-0.136,2.046,-0.361,-1.361,-1.544,-0.575,-0.917,2.284,-0.857,-0.002,-0.799,-0.438,0.467,-0.812,1.778,0.477,-0.8,-1.257,3.238,0.214,Breaststroke,195,808,0.625
-0.839,0.47,0.325,-0.254,-0.19,-0.163,-0.437,-0.661,-0.087,0.533,-0.564,0.089,0.633,0.222,0.357,-1.28,-0.574,-1.074,-0.209,-0.623,0.417,-1.568,1.6,0.409,-0.909,0.755,-0.852,-0.233,-0.395,0.005,-0.796,-1.222,-1.948,-1.068,0.664,-0.309,-0.413,-0.381,-0.573,-0.352,0.623,1.471,0.114,-0.724,-0.106,-0.413,0.309,-0.738,-1.043,1.255,0.156,-1.643,0.591,0.809,-0.873,1.001,0.237,0.188,-1.827,-0.477,Front Crawl,1306,166,0.413
0.524,-1.105,0.854,0.402,0.898,2.133,0.51,-1.034,1.529,1.788,-0.819,-1.536,0.916,-0.111,0.174,-0.938,1.294,0.506,1.022,0.595,-0.314,-0.255,-1.014,-3.219,0.793,-0.624,-0.517,-0.744,0.498,0.259,-0.295,-0.32,0.64,1.174,-0.504,0.498,0.793,1.008,1.138,-0.56,-0.275,-1.544,-0.828,-0.248,1.683,-1.508,0.204,0.924,-1.083,-1.777,1.109,1.674,2.147,-0.929,0.589,0.182,1.414,0.333,-1.082,-1.074,Butterfly,1194,623,0.822
-0.219,-1.968,0.023,1.051,-3.258,0.849,-0.016,-2.134,-0.07,0.398,1.54,-0.391,-0.469,0.817,-0.221,-0.746,-0.031,1.006,-0.352,0.079,-0.823,0.646,-0.067,0.432,-0.943,0.994,-0.182,0.494,-0.106,0.613,0.575,0.795,-1.532,0.114,0.285,1.709,-1.085,0.598,-0.792,-0.77,2.321,1.591,-1.558,1.021,0.214,-0.015,0.158,-0.897,-0.804,-0.494,0.604,-0.962,0.542,0.439,-0.658,-0.683,-1.076,0.913,-0.116,1.308,Backstroke,742,805,0.208
0.945,2.816,-1.296,-0.124,1.005,-0.148,0.885,0.914,0.152,-1.14,0.088,-0.788,0.721,0.403,0.112,-1.259,1.473,-1.024,-1.307,1.429,-0.255,0.072,-0.557,0.205,-0.161,-0.766,0.822,1.29,-0.162,0.586,1.127,0.579,0.482,-1.904,2.008,-0.438,-0.169,-1.896,1.26,-0.206,1.94,1.03,0.9,-0.629,-0.294,-1.282,1.278,1.796,-0.908,-0.251,0.968,0.695,0.761,0.698,-0.609,0.284,0.229,-0.139,0.405,-0.423,Breaststroke,941,442,0.46
0.344,-0.775,0.467,-1.405,-0.602,0.153,0.124,-0.107,-1.802,0.084,-0.102,-0.458,-0.11,0.965,-0.797,0.884,0.993,-0.035,1.803,-0.512,-0.13,0.897,0.945,-1.187,-0.371,-0.135,-1.68,-0.536,-0.986,1.035,0.666,0.115,-0.53,0.477,1.127,0.241,-0.389,0.626,0.115,-0.003,0.897,-1.103,2.564,-2.435,-0.398,-1.003,-0.341,-1.162,-0.622,-0.717,-0.24,-0.792,0.121,1.083,-0.559,1.298,-0.109,-0.188,0.32,0.368,Front Crawl,1093,848,0.489
-0.219,0.417,1.576,0.586,0.311,1.404,0.192,-0.411,-1.235,-0.6,1.575,0.497,1.119,1.473,-1.054,-1.014,-0.119,-2.154,-0.056,-0.495,0.142,-0.498,0.049,0.652,-0.633,1.371,0.424,-3.194,1.057,0.044,0.348,0.659,1.487,0.012,-0.426,0.315,-0.152,-1.619,0.402,0.692,1.815,-0.56,0.317,1.255,-1.703,1.529,-1.651,0.749,-0.709,-1.791,0.895,1.032,0.004,-0.508,-0.158,-0.232,-1.51,0.165,-1.386,-0.221,Backstroke,179,1024,0.27
-0.413,-2.397,0.096,-0.817,1.542,-2.15,0.966,0.933,1.994,0.385,0.037,1.54,-1.009,-0.272,1.256,-2.415,-0.2,-0.953,1.563,0.425,1.386,-0.068,-0.675,-1.082,-1.552,-0.123,-0.216,1.478,1.141,-0.487,1.398,-0.4,0.871,-0.052,0.401,-0.422,1.541,0.045,-0.156,-1.763,1.024,-1.665,-0.919,-0.908,-0.171,1.37,-0.313,-0.976,-0.868,-0.957,1.256,-0.136,3.34,0.349,-1.936,-0.11,0.256,1.02,0.5,1.173,Backstroke,1610,650,0.652
-1.168,-0.529,0.659,0.197,-1.764,0.266,-1.584,-0.904,-0.734,-0.437,-0.848,-1.533,-0.679,-1.774,0.158,-0.069,-0.6,-1.462,-1.035,-0.454,0.964,0.327,0.962,0.35,0.808,-0.962,1.259,-1.203,-1.703,0.719,-0.996,-0.821,0.175,0.021,-0.654,0.606,0.632,1.479,-0.028,1.215,-0.158,-0.619,0.42,1.1,1.644,-0.208,0.492,0.102,0.567,-0.698,0.554,0.13,0.348,0.413,0.44,-0.239,-0.049,-0.66,-0.808,0.677,Butterfly,1590,300,0.309
-2.317,0.179,0.868,0.463,-0.039,-0.777,-1.271,0.457,0.01,-0.453,1.01,0.861,0.163,0.719,-0.067,0.342,0.529,0.26,0.025,-0.645,0.38,1.201,-0.076,0.326,-1.29,2.142,0.248,1.409,0.78,0.434,-0.309,-0.505,-1.17,-0.951,1.576,-0.863,-0.087,1.417,-0.834,-1.721,0.339,-1.858,0.406,1.357,-1.667,-1.316,-1.287,-1.583,1.399,0.582,-1.262,-1.686,-0.619,-0.625,-0.278,2.103,0.241,-1.668,-0.335,-1.281,Breaststroke,772,1061,0.797
-0.352,0.848,-1.281,-0.538,-0.478,0.513,-1.233,-0.795,1.319,-1.295,0.818,-0.567,-0.19,-0.17,0.069,-1.208,-1.15,-1.832,-0.302,0.337,-0.366,0.311,-0.278,1.022,0.131,-0.613,-0.116,1.173,0.419,0.518,0.555,-0.837,0.78,0.433,-1.294,-1.068,0.645,1.514,0.465,-0.976,-0.058,0.141,-0.632,-0.082,-0.684,0.607,-0.815,1.531,-0.231,-1.11,0.709,1.214,1.174,0.452,-1.48,1.013,-0.215,0.745,-1.923,0.164,Butterfly,1171,886,0.476
-1.736,-1.558,1.641,0.438,-0.722,0.653,-0.291,-0.186,-0.832,-1.073,0.968,1.155,-0.289,0.59,-1.192,1.652,1.352,-0.432,1.742,-0.847,-0.86,0.881,0.438,0.374,0.952,-2.491,0.628,-1.068,-0.026,-1.763,-0.224,1.275,-0.699,0.272,-0.048,0.608,0.188,0.82,-0.058,0.388,1.284,-1.886,0.224,0.848,-1.459,0.225,0.015,-1.663,-0.296,3.413,-0.22,0.748,1.391,-1.204,0.131,1.431,0.137,-0.1,-2.051,0.55,Butterfly,1062,552,0.391
1.266,1.292,-1.16,1.211,-0.382,-1.816,0.661,-0.195,1.013,1.795,0.576,0.526,0.011,1.27,0.923,-0.441,0.207,0.567,0.891,-1.109,0.018,-0.752,-0.885,-0.106,-0.027,1.221,0.2,0.73,-0.482,0.048,0.111,-0.644,-0.34,0.503,0.382,1.15,-0.543,0.352,-0.396,-0.84,0.787,0.293,-0.735,0.67,0.961,-0.173,0.657,0.773,-1.958,0.103,-0.05,0.669,0.213,0.398,-0.58,1.4,0.196,-1.286,-0.398,0.288,Butterfly,1643,116,0.954
-0.977,-0.407,0.551,0.564,-1.744,0.21,0.496,-1.042,0.668,-2.425,-1.153,1.071,1.973,-1.693,-0.733,1.522,0.018,-0.171,-0.73,-0.072,0.41,1.187,0.341,-1.162,0.305,-0.412,1.747,0.744,-0.217,0.307,0.033,-1.481,-1.99,0.994,-1.773,-1.203,0.046,-0.028,-0.534,-1.745,1.746,0.448,-0.631,-0.2,2.801,-0.138,0.867,-0.54,2.366,0.106,0.701,0.524,-0.389,-1.023,-0.477,1.536,0.322,-0.864,-0.249,-0.39,Freestyle,1100,263,0.536
-1.363,-0.289,-0.938,0.665,0.038,1.837,-0.594,1.103,0.478,-0.381,1.365,1.339,-1.376,-1.979,-2.172,-0.253,0.619,0.516,0.384,-0.397,-1.005,-0.644,-0.513,-1.237,-0.363,-0.735,-0.032,-1.358,0.728,-0.111,-0.32,1.452,-0.31,0.94,-0.916,-0.704,1.01,-0.734,-0.232,1.127,0.997,0.268,1.67,1.149,2.452,0.217,-0.249,-0.74,-0.965,0.454,-0.4,-0.288,-1.59,-0.326,-0.219,-0.343,0.197,-0.811,-0.187,1.088,Front Crawl,999,258,0.362
-0.0,-0.28,0.433,-1.039,-0.338,-0.746,1.047,-1.664,-0.283,-0.098,1.107,1.844,1.161,-0.575,-1.256,1.469,1.338,0.408,0.741,1.038,0.214,-0.627,-0.508,0.159,-1.533,-0.35,0.482,0.154,-0.144,-0.238,0.056,-0.873,0.711,-0.104,-0.432,0.819,-0.353,-0.229,0.531,-1.1,0.377,0.119,0.926,0.609,0.287,-1.734,-1.106,1.048,0.821,0.369,1.359,0.759,-0.315,-1.299,0.65,0.712,0.196,-0.756,1.227,-0.601,Backstroke,244,132,0.233
2.329,-0.855,0.307,-1.585,-0.301,-1.051,0.453,1.396,0.105,0.005,0.065,-0.864,0.37,-1.584,-0.459,0.722,-0.157,-0.558,-1.46,-0.219,-1.657,0.102,-1.11,0.022,0.622,-0.783,0.488,-1.285,-1.322,-1.011,0.068,0.85,-0.272,-0.685,-0.48,-2.244,0.561,2.471,0.242,-0.114,-0.434,0.629,0.189,-0.816,1.173,1.29,-2.277,-0.702,-0.011,-1.061,-0.046,-1.339,-1.27,0.041,-0.758,-1.948,-0.449,-1.17,0.507,0.332,Butterfly,1719,107,0.139
0.787,0.462,1.351,0.503,-1.022,1.125,-1.199,1.066,-1.647,1.595,-2.646,0.271,-1.727,-0.739,-1.616,-0.189,-2.178,-0.488,0.446,-0.679,-1.017,0.181,1.303,0.327,-0.186,-0.947,0.456,1.471,0.036,-0.618,0.194,0.832,1.587,-0.28,-1.152,-0.541,0.574,1.469,1.671,1.674,-0.35,0.119,0.382,1.861,0.092,-0.28,0.734,-1.095,0.327,-0.026,0.402,-0.459,-1.792,-0.444,-0.396,0.74,-2.177,2.098,0.812,0.165,Butterfly,228,765,0.0
-0.447,-0.54,1.458,0.579,0.977,1.421,-0.596,0.892,0.398,0.958,-0.794,0.835,-0.037,0.8,0.946,0.425,0.179,0.308,0.326,0.462,0.66,0.04,0.028,0.326,-2.431,-0.17,0.135,1.053,1.584,0.13,1.177,0.424,0.618,-0.677,0.204,0.7,-0.102,0.576,-0.013,0.078,-1.158,-0.814,1.937,2.565,0.933,-1.477,-1.993,0.015,0.436,0.406,0.843,0.964,1.093,1.01,-0.978,-0.083,-0.204,-1.864,-1.248,-1.223,Butterfly,1612,801,0.525
-0.745,0.711,-0.454,0.685,0.558,-0.001,-0.041,0.366,2.931,-0.789,0.068,1.049,0.115,-0.378,0.125,-0.309,0.081,-0.633,-0.014,-0.862,1.906,-0.47,-0.497,-0.66,0.669,-0.76,-0.037,0.672,-0.593,1.081,0.605,1.683,-0.297,-0.993,-0.364,0.964,0.102,-1.487,-1.029,0.943,-1.645,1.05,0.671,-1.78,0.891,-0.4,-1.454,0.837,-0.645,-0.343,-1.135,1.341,-0.522,0.544,1.639,0.342,-0.859,1.139,-0.112,0.731,Butterfly,711,259,0.666
1.93,0.145,0.691,-0.309,-0.017,-0.957,0.189,1.402,-1.37,0.145,-0.063,1.314,-0.599,-0.186,-1.412,-0.864,-0.448,-0.087,-0.369,-0.211,0.628,-1.359,-0.074,0.05,-1.579,-0.493,1.037,-0.204,0.239,0.162,0.694,0.047,-0.903,0.574,-1.94,0.797,0.127,1.157,0.115,-0.249,0.976,-0.297,-0.116,-0.149,0.671,-1.086,-0.614,-0.082,0.637,1.255,1.198,0.177,-0.936,0.008,0.499,1.399,-1.252,0.826,0.871,-0.042,Freestyle,1875,476,0.821
0.043,-2.217,0.645,0.079,0.782,1.231,0.402,0.125,-1.0,0.926,0.097,-0.627,-1.213,-0.473,0.009,-0.12,0.021,1.089,0.414,-0.243,0.24,-0.57,0.457,-0.623,-0.78,0.693,-0.47,-0.38,0.302,0.19,2.246,1.004,-1.412,-1.152,-0.051,2.572,-0.605,0.095,-0.431,-0.303,-0.444,-1.419,2.469,-0.862,-1.109,1.3,0.466,-0.365,0.575,2.168,0.581,-0.731,-0.499,-0.109,-0.434,0.332,-0.478,-0.331,0.971,0.677,Breaststroke,783,744,0.283
-0.28,-0.627,-0.049,0.087,1.705,1.075,-0.597,0.343,-1.293,-0.252,-0.464,-0.662,-1.855,-1.925,1.044,0.089,-0.12,-0.635,-1.12,0.022,-0.165,0.2,-1.248,1.068,0.243,-1.031,0.239,-0.757,0.538,0.331,0.187,-1.641,-1.513,-1.675,1.165,-0.149,1.283,-0.174,-0.014,1.616,0.157,0.735,0.088,2.004,0.963,-0.175,0.963,-1.941,0.415,-0.058,0.998,-0.319,1.349,-0.358,1.181,0.757,-0.238,-1.257,-0.094,0.271,Backstroke,1197,460,0.305
-0.804,0.501,0.948,-2.613,-0.141,-2.311,1.171,-1.957,1.243,-1.126,0.229,1.442,0.858,0.081,-1.856,-2.031,-1.398,0.823,-0.098,-1.345,-1.609,-1.423,-0.646,-0.15,0.122,0.873,-0.331,-1.486,-0.214,0.021,-0.831,-1.795,0.779,-1.537,-0.544,2.158,1.276,-0.708,0.733,1.973,0.467,-0.424,-0.673,-0.896,1.771,0.526,0.989,-0.502,-0.288,0.236,-0.771,0.799,0.681,1.021,1.054,-0.479,0.093,1.636,-0.401,0.596,Breaststroke,931,789,0.437
2.109,-0.968,-0.025,1.645,-0.216,1.761,-1.417,-0.377,-0.641,1.133,2.138,-1.299,-0.48,1.189,-1.01,-0.659,-0.298,1.312,-0.945,-0.63,-0.475,2.416,-0.702,-0.498,0.392,1.401,0.768,0.977,1.318,-0.491,1.627,1.847,-2.146,-0.012,1.074,0.074,0.399,-1.281,0.307,-0.927,-0.493,-1.697,1.582,0.199,0.013,-0.624,0.844,-1.268,-0.542,3.092,0.721,3.202,-2.09,-0.67,-1.611,0.887,-0.459,0.767,-1.268,0.229,Front Crawl,1203,604,0.023
-1.73,1.117,1.663,0.034,0.174,-1.296,-0.182,-0.972,-0.228,1.908,-0.904,-0.25,-0.364,-1.466,-1.32,-0.918,0.132,0.448,-0.309,-0.853,0.711,0.105,-0.055,1.821,-2.133,-0.654,0.379,-2.671,0.397,-1.144,-0.156,0.199,-0.2,0.515,1.829,-0.931,-0.088,-0.328,-0.271,0.244,-0.246,-2.46,-0.291,-1.608,0.824,0.078,-0.241,0.345,0.729,0.904,0.664,1.501,-1.406,-0.8,0.936,0.739,-0.3,0.422,0.076,-0.137,Front Crawl,328,1045,0.586
-1.113,0.368,-1.517,0.064,1.444,0.342,0.377,0.289,-0.219,-0.205,0.14,-0.526,-0.505,-1.057,-0.875,2.368,-0.557,-0.491,-0.415,0.009,-0.469,1.207,-0.619,0.761,1.491,-0.139,-0.408,-0.882,1.293,-0.226,1.157,-0.532,0.472,0.993,-0.004,1.419,-0.349,0.903,-0.32,0.675,-0.543,-1.079,-0.063,-1.547,-0.695,-0.758,-0.111,-0.294,-0.015,0.392,0.31,-1.282,-0.456,-1.045,-0.185,0.152,-0.683,-0.979,-0.688,1.136,Freestyle,1878,689,0.609
0.282,-0.506,-1.174,-0.764,-0.148,0.287,0.614,1.409,0.469,-0.522,0.998,0.001,-1.51,-0.338,-0.577,-0.06,0.517,2.159,-1.429,1.997,0.175,0.057,0.927,0.676,0.482,0.964,0.428,-0.96,-1.545,-0.922,-1.547,-0.904,0.283,0.562,0.796,-1.96,0.886,0.384,2.105,-1.213,-2.303,-1.712,0.72,-2.089,1.415,2.095,0.497,-0.199,-0.215,2.223,1.052,-1.088,-0.461,-0.963,-0.724,0.292,-0.096,-1.183,-0.662,-0.052,Freestyle,1619,546,0.374
0.247,-2.023,-1.154,0.945,0.31,0.566,-0.604,0.034,-0.506,1.37,0.365,0.954,-2.051,-0.708,0.875,-1.235,-0.766,-1.358,-0.3,1.312,-0.175,0.744,-1.431,1.449,-0.758,0.771,-0.949,-0.611,-0.315,-0.452,1.074,0.151,-2.894,0.049,0.214,-1.822,-0.454,-0.806,1.102,0.332,2.049,1.121,-0.77,0.516,0.094,2.18,-0.312,-0.549,2.277,-0.238,0.779,0.882,-0.874,2.679,0.228,0.5,0.404,0.793,0.587,0.573,Freestyle,1240,450,0.544
-0.481,1.042,-0.899,-0.533,2.551,2.366,0.866,-2.064,-1.034,0.469,-0.668,0.471,-1.014,-0.069,0.499,-0.897,1.274,-0.686,-0.196,1.604,0.297,1.222,1.222,1.663,1.117,-1.097,0.07,-1.398,-0.123,-1.655,1.595,1.242,0.294,-1.245,-2.137,-1.229,0.618,-0.539,-0.04,-0.468,0.263,0.136,1.33,-1.118,-0.907,0.622,-0.232,1.717,-0.629,-0.703,-1.526,-0.554,0.49,-1.521,0.129,0.702,-0.061,1.393,-0.659,-2.184,Backstroke,1127,487,0.377
-1.518,1.014,0.52,0.57,1.278,-0.987,-0.319,0.013,1.158,0.918,1.611,1.191,-2.022,0.142,0.819,1.218,0.089,0.222,-0.914,-1.229,-1.482,0.695,0.42,-1.13,0.701,0.074,0.098,1.539,0.337,0.201,-0.394,-0.689,-0.946,0.214,0.552,-0.788,-0.868,0.953,-1.805,-1.997,-0.344,-0.141,0.115,-0.773,0.817,-0.757,-1.62,0.462,-0.355,0.113,-0.965,0.757,-0.36,-1.798,0.393,1.658,0.591,-0.704,0.449,1.929,Butterfly,1719,709,0.514
1.854,0.919,1.099,-0.373,1.121,-0.406,0.089,0.802,0.408,-0.382,-0.677,-0.415,0.576,-0.018,0.236,-1.676,-0.909,1.052,-1.748,-1.154,-0.103,-0.013,0.564,-0.182,-1.426,1.577,-0.567,-0.228,-0.597,2.141,-0.022,-1.696,0.038,-0.682,1.321,0.282,0.664,0.6,-2.793,-1.039,0.661,0.302,0.284,0.235,1.596,1.988,-0.907,-0.393,-1.076,0.276,-1.057,-1.85,0.008,-2.267,0.974,0.825,-1.17,0.842,-0.626,-0.621,Breaststroke,305,1000,0.744
-1.148,1.104,0.009,-0.689,-1.022,0.443,0.422,0.163,0.936,1.211,-0.746,-1.345,0.079,-0.179,-0.534,0.18,-1.651,0.691,-0.378,-0.274,0.489,0.251,-0.776,-0.647,-0.07,-0.533,1.034,1.188,-0.564,-0.369,0.647,0.71,-0.3,-0.12,-2.189,-0.654,-0.68,1.21,-1.397,0.051,-0.058,-0.976,-2.067,0.482,0.853,-0.265,0.328,-1.938,1.382,1.687,-0.01,-1.628,0.427,0.039,-1.931,-0.429,-0.244,0.282,0.65,-0.955,Backstroke,548,1027,0.705
1.03,0.222,-1.224,-0.371,0.037,-1.844,1.467,0.897,-0.663,1.993,-0.595,2.814,-0.167,-1.361,-0.219,-0.298,-0.793,0.072,0.986,1.12,-2.147,1.89,1.705,0.326,0.39,-0.595,-1.344,-0.402,0.868,0.591,0.48,1.739,-1.171,-0.88,-0.105,-0.394,1.063,1.293,1.286,-0.613,-1.784,-0.732,-0.25,0.63,-0.108,1.184,-0.942,1.756,-0.344,0.659,0.845,-0.215,1.619,-0.387,-0.357,-0.7,-0.567,0.76,-0.549,-0.004,Front Crawl,1042,689,0.688
0.632,-0.222,-0.047,2.676,0.233,-0.433,-0.99,0.269,0.057,-0.008,-0.487,-1.856,-0.358,1.014,1.792,-0.699,0.594,-0.473,-1.117,-0.115,1.474,1.904,0.017,0.317,0.583,-1.525,1.024,-0.323,1.364,-0.456,-0.738,-0.099,0.221,0.045,-1.394,-0.763,0.369,-0.424,1.935,0.442,0.271,-2.002,-1.429,-1.845,-0.166,0.04,0.56,0.301,0.716,2.683,-1.357,-0.226,1.415,1.471,0.207,-0.347,1.054,-1.798,-1.007,-0.022,Butterfly,407,842,0.74
0.466,-1.45,-0.265,-0.343,0.015,0.84,-0.166,0.268,-0.489,0.243,1.125,1.046,-1.147,1.098,-0.698,0.832,-0.944,-0.378,0.679,1.268,0.324,1.616,2.046,0.485,0.505,-0.677,1.549,-0.288,0.717,1.035,-1.356,1.126,-1.117,0.97,-0.965,0.314,0.708,0.243,-0.811,-0.467,-0.363,-1.613,0.647,0.636,0.053,-1.361,2.802,1.79,-0.058,0.066,-0.285,-0.796,0.897,0.85,0.391,-0.44,0.63,0.252,-0.219,0.518,Breaststroke,1437,186,0.669
0.236,0.361,-0.283,-2.235,-0.092,-0.376,0.908,-1.539,0.796,-0.303,-0.018,-0.168,0.972,-0.288,-1.468,-0.373,0.616,1.308,0.136,-0.197,-1.212,0.743,0.03,0.468,1.207,0.336,0.297,0.257,-1.025,0.184,0.142,1.554,0.51,-0.162,0.504,-0.21,-0.004,-1.065,0.48,0.413,-1.524,0.445,-1.33,0.788,-0.126,1.123,-1.227,-0.802,1.511,0.656,-0.571,0.714,0.125,-1.148,0.734,-0.548,-0.537,0.739,1.329,-0.714,Breaststroke,461,282,0.633
-0.756,1.894,-0.378,0.334,-1.684,0.049,1.632,0.401,-0.085,-2.092,0.166,0.711,-1.059,-0.24,0.401,-0.154,0.07,0.423,0.967,0.751,-0.515,1.075,-0.422,-0.654,0.253,-0.643,-1.214,-1.1,1.381,-0.196,1.009,0.443,1.154,1.111,-1.296,-0.757,0.19,0.389,0.161,-1.26,0.282,-0.185,1.592,-0.781,-0.245,1.902,-0.214,0.398,-0.9,-0.056,-0.494,1.308,-0.511,-1.217,1.237,-0.493,0.044,0.443,-0.882,0.542,Front Crawl,196,676,0.402
1.05,-1.728,0.478,-0.404,0.876,1.555,1.158,0.021,-1.638,-0.402,0.933,0.779,-1.354,0.802,2.178,-0.754,0.709,-1.029,3.817,-1.483,-0.824,-1.244,-1.047,-1.189,-1.696,0.943,-0.239,-0.626,0.596,-1.001,-0.261,0.124,0.186,2.216,-0.19,-1.51,0.212,0.252,1.279,0.415,-0.538,1.238,0.968,-0.37,-1.22,-0.288,-0.628,1.501,0.746,0.885,0.139,0.614,-0.437,0.984,-1.302,-0.518,-0.96,0.376,0.183,0.258,Front Crawl,694,952,0.158
-0.308,1.287,-0.777,-0.506,0.962,1.014,-0.008,1.405,0.843,-0.162,-1.001,-0.309,0.321,-0.226,-0.953,-0.971,0.376,-0.037,-1.195,0.105,-0.36,0.323,0.201,-0.574,-1.841,0.306,-0.491,-1.245,0.689,0.58,-0.7,-0.225,0.133,-1.157,-0.591,-0.921,1.701,1.351,0.125,0.114,-1.762,0.298,0.326,-0.554,0.428,1.476,-2.218,1.533,-0.714,0.376,1.323,1.685,1.386,0.1,-1.007,-3.175,-0.479,-1.1,0.506,-1.126,Backstroke,1766,976,0.508
0.243,-0.245,-0.07,-0.773,1.205,-0.018,0.012,0.067,0.755,0.558,1.818,-0.005,-2.194,-0.472,0.295,-0.164,-0.597,-1.755,-1.373,-0.385,-1.404,0.179,-0.197,-0.192,-0.624,-0.807,-1.057,0.377,2.257,-0.435,0.291,0.506,-0.137,0.59,-2.1,0.308,0.948,-1.526,-0.393,0.209,0.63,0.245,-0.009,1.704,0.139,0.702,1.373,1.537,-0.807,-0.03,-0.374,-0.422,1.033,0.634,0.171,-1.314,1.73,0.603,-0.731,-0.563,Butterfly,1069,111,0.353
0.93,2.177,0.5,0.341,-0.719,0.924,0.031,-1.162,-0.643,-0.321,-0.262,0.311,0.389,2.036,0.552,1.004,1.763,0.539,-0.327,-1.616,1.911,1.395,-0.003,-1.096,-0.042,-0.971,0.505,0.117,1.236,-0.644,-0.416,-0.135,0.115,-0.383,0.005,1.271,-0.677,-1.396,0.086,1.51,-2.387,-1.628,-0.751,-0.269,0.111,-1.128,-1.066,-0.907,-0.925,-0.123,2.36,-1.81,0.889,-0.747,0.185,-0.991,-0.371,-0.039,0.456,-0.78,Breaststroke,1888,721,0.677
-1.827,-1.251,0.037,0.283,-0.405,-1.506,-0.317,-0.452,-0.282,-0.456,-1.958,0.59,-0.404,0.649,0.857,1.048,-1.306,-0.198,-0.283,0.3,1.951,1.522,-0.346,-1.34,-1.467,2.715,-1.94,-0.218,0.846,-0.102,-0.692,0.016,-1.363,1.314,0.939,-0.967,-0.407,0.942,-0.561,-0.4,-0.037,-0.786,0.646,1.712,0.01,0.455,0.138,-0.097,-1.191,0.328,0.0,-0.6,0.964,0.636,0.035,-0.524,-0.132,-1.339,1.134,1.287,Freestyle,967,617,0.627
0.906,-0.975,-0.258,0.541,0.972,-1.942,-0.912,0.075,0.304,-1.682,0.402,-0.586,0.739,0.409,-2.649,-0.786,1.6,0.525,0.495,0.219,-0.73,0.979,0.199,-0.485,1.753,-0.868,1.493,0.038,-1.288,1.743,-0.653,1.574,-0.057,1.085,0.67,-1.525,1.758,0.468,0.185,-0.804,-0.141,1.634,-0.658,0.446,-1.202,0.597,-0.436,0.133,-1.124,2.881,-1.102,-0.846,0.636,-1.497,0.204,-0.596,1.227,0.242,-0.185,-0.294,Backstroke,1661,116,0.477
-2.601,0.069,1.438,-0.957,0.583,-0.316,1.027,0.517,-1.543,-1.374,1.203,-0.024,-1.417,0.182,-0.532,-0.783,-1.927,-0.737,-0.968,-0.916,-1.02,-0.959,0.519,-0.372,-0.735,0.09,1.079,-0.267,0.352,0.379,-0.223,-1.954,0.514,-0.312,0.259,-0.044,-0.179,-0.302,-0.282,-1.01,-0.551,1.264,0.743,0.744,0.599,0.039,-1.749,0.655,-1.978,-2.22,0.529,-1.34,1.53,0.065,0.786,-0.319,-0.959,0.696,1.263,1.703,Front Crawl,1027,390,0.513
-0.379,-0.964,0.974,0.532,-0.895,-1.424,0.052,0.47,0.697,-0.758,0.016,1.646,0.132,1.445,0.033,-0.854,1.323,2.503,1.48,1.262,1.548,2.051,-0.189,-0.458,0.288,0.315,-0.877,0.814,-1.013,-1.363,-0.604,-0.606,-1.551,2.708,-0.599,-0.567,0.482,-1.7,-2.225,-0.136,-0.102,0.249,-1.478,-0.142,-0.777,1.267,1.268,-0.379,1.73,-0.302,0.366,-1.11,2.697,0.879,-0.424,0.452,0.004,-1.258,-0.928,-0.362,Backstroke,1591,271,0.392
0.504,-0.122,0.08,-1.576,-0.11,1.116,1.033,-0.399,0.767,-3.474,0.222,1.504,-2.216,0.611,0.407,2.08,-0.541,-1.591,-0.157,-0.486,1.204,0.053,1.025,-0.046,0.916,-0.217,-0.215,0.39,2.671,0.437,1.138,-0.325,1.79,-0.696,0.884,0.849,-0.162,2.681,0.299,-1.946,-1.528,0.692,-0.419,0.61,-1.258,0.816,0.93,-2.595,-1.555,0.143,0.967,-1.405,1.225,-0.666,-0.576,1.211,0.528,0.017,0.383,-0.844,Backstroke,886,776,0.414
-0.676,-2.358,1.033,-0.879,-0.334,-0.329,-0.168,0.331,0.155,-0.88,1.427,0.411,1.431,0.255,-0.606,0.613,-0.308,-0.141,0.009,0.118,0.415,0.813,0.699,-0.052,0.224,-0.598,1.334,-0.264,1.16,0.774,1.187,-1.379,-1.242,0.646,-0.682,-1.604,-0.173,-0.1,0.406,-0.306,-0.34,-0.058,-0.779,-0.104,-0.233,2.345,-1.53,-0.792,-1.913,-2.19,-1.421,-0.375,-0.57,-0.095,-0.554,0.039,0.331,-1.166,-0.13,-0.298,Front Crawl,1541,473,0.277
0.393,-0.922,-0.357,-0.683,-1.536,-0.568,-0.08,0.198,0.854,0.007,1.048,0.316,0.649,0.56,0.26,0.724,0.071,-0.913,-0.493,0.5,-1.008,0.064,-0.032,0.609,-1.177,0.199,1.314,-0.254,-1.853,0.647,-0.64,2.205,1.133,0.557,-0.389,1.671,0.455,-0.645,-0.738,-2.108,0.176,-1.315,2.577,2.113,-0.317,0.706,0.404,1.212,-0.478,0.256,-0.958,1.686,-1.177,-2.257,0.077,0.24,-0.478,-1.237,0.274,0.486,Breaststroke,1264,238,0.494
0.226,-0.415,1.034,-0.544,-0.077,0.311,-1.394,0.356,-1.456,-1.878,-0.459,-1.454,0.333,0.694,-0.102,1.411,0.443,1.039,-1.062,1.45,-0.219,0.835,-1.529,-1.327,-0.518,-0.419,1.393,-1.166,-1.161,0.511,0.493,0.365,0.477,0.007,-1.019,0.188,-1.367,1.357,2.503,-0.824,-1.758,1.2,-0.039,-1.15,0.62,0.512,1.681,0.236,-1.407,0.434,-0.556,0.234,0.338,-1.91,-0.967,-3.318,0.353,0.874,0.358,0.333,Butterfly,706,589,0.773
1.157,-0.205,1.507,-1.613,0.459,0.186,-1.497,1.046,-0.858,1.292,-1.349,-0.89,1.404,0.963,1.903,-0.558,1.622,-1.364,-0.454,-0.431,0.644,0.107,1.838,-0.524,0.622,-1.172,0.766,-0.278,0.408,1.569,1.858,0.521,0.352,-1.566,-1.316,1.105,-0.441,-0.24,0.064,-0.614,1.869,0.146,-1.314,-1.875,0.548,-0.334,-0.483,0.661,0.418,-1.526,1.002,-0.311,-1.524,-0.203,-0.289,-0.103,-1.65,0.533,-0.558,0.805,Breaststroke,1074,418,0.347
0.479,-0.547,-1.896,0.14,-1.568,0.323,0.141,-1.344,-1.018,0.239,-0.528,-2.351,-1.054,0.167,-0.971,-2.21,0.933,-1.534,-0.033,0.321,0.412,-0.248,0.14,-2.045,0.942,0.183,0.515,0.883,-1.256,-0.02,-1.758,0.572,1.894,2.043,-0.067,-0.228,0.698,-1.338,0.478,-0.175,-0.312,-1.123,-0.951,0.738,-0.119,-0.621,1.286,-0.261,0.99,0.574,-1.878,1.859,-0.265,0.998,0.116,-0.167,1.22,-0.343,-0.311,-0.797,Butterfly,1360,719,0.463
-0.646,1.467,-1.524,0.472,0.275,-0.148,-0.319,-0.583,0.651,-0.196,-0.074,0.167,-0.352,-0.473,0.35,0.484,0.819,-0.052,0.715,-1.257,1.173,1.121,0.917,-0.158,-0.468,-0.818,0.333,1.516,-2.045,-1.522,-0.037,-0.101,0.761,-1.09,-0.405,-0.451,0.099,-0.253,-0.354,-0.48,-0.826,-0.839,0.562,0.077,0.899,1.678,-2.537,0.852,0.077,1.663,-1.084,-0.065,0.457,-0.242,0.39,-0.355,1.152,0.299,-0.758,-0.217,Butterfly,1285,116,0.614
2.569,-0.867,-1.346,-0.574,0.561,1.182,-0.495,-1.801,-1.25,-0.212,-2.994,-0.024,1.044,-0.329,-0.934,0.924,0.64,1.214,0.277,-0.105,-0.12,-0.288,-0.205,-0.483,0.15,-0.82,1.138,1.86,0.476,0.574,0.249,-0.903,-0.726,-0.159,0.266,-0.55,0.406,0.871,-0.441,-0.432,0.581,0.008,0.46,-0.676,-0.574,0.244,-1.091,1.023,-1.966,-0.441,-1.62,-0.811,0.003,0.81,-1.156,0.06,-0.176,1.23,1.949,-0.266,Freestyle,604,427,0.437
0.925,-0.339,-0.892,1.805,-1.166,-0.523,2.037,-0.086,-0.074,-0.374,0.894,-0.719,0.159,1.853,0.717,1.223,-0.429,-0.794,-1.01,1.722,-0.425,0.63,-1.433,-0.421,0.858,-1.68,-0.122,-1.185,-1.258,-0.058,-0.89,1.45,-1.745,0.244,-0.432,0.27,0.133,0.463,0.256,-0.682,1.389,1.356,0.667,0.301,-0.109,0.198,1.317,-0.915,0.833,0.685,1.128,-0.479,-0.314,-0.984,0.873,1.056,-0.141,-1.065,0.316,-0.845,Front Crawl,1559,394,0.653
0.107,0.188,-0.52,-0.096,0.399,0.283,1.304,-1.353,1.244,-0.069,-0.674,0.439,-1.395,0.309,-0.065,-0.76,-1.131,0.043,-0.841,2.217,0.673,0.303,-0.364,0.635,2.552,-0.343,-0.443,1.149,-1.171,-0.621,0.197,0.399,1.232,-0.929,-0.341,-0.275,-0.575,-0.553,-0.252,0.376,0.208,-0.413,-1.588,-0.071,0.515,0.946,-0.209,1.042,2.519,0.496,-2.171,0.165,-1.452,0.635,0.332,0.829,-1.41,-0.131,0.597,-0.116,Backstroke,1470,394,0.505
0.531,0.15,-0.087,-0.148,0.85,1.239,-1.205,-0.704,-3.151,0.463,0.263,0.964,0.145,0.617,0.139,-1.297,-0.972,0.283,1.246,-0.299,-0.071,-0.671,1.918,0.784,-1.27,-0.49,1.16,0.051,-0.321,0.432,-0.991,0.199,-0.583,-1.715,1.747,-0.632,0.955,-0.259,-1.459,-0.281,-0.446,-0.21,-0.448,0.51,-0.655,1.445,1.242,-2.571,-1.312,-0.776,0.412,-1.755,0.254,-0.518,-1.827,-0.999,-1.555,0.126,-0.769,-0.536,Breaststroke,447,397,0.329
-0.782,-0.96,-0.433,-0.956,0.23,-0.194,0.583,0.06,-0.321,0.084,0.429,1.773,-1.85,0.602,-0.945,0.53,-0.321,1.195,0.63,-0.476,1.068,-0.088,1.475,-0.142,0.44,0.138,-0.905,1.917,0.535,-0.366,-1.069,-1.409,-0.658,-0.509,0.665,1.275,1.65,-3.018,-0.245,-0.704,0.274,-2.19,0.4,1.062,-1.723,0.282,1.91,0.561,1.364,1.191,1.123,-0.817,1.031,-0.702,0.077,2.247,-1.374,-0.384,-1.31,-0.154,Freestyle,1780,160,0.798
0.268,0.114,0.321,-0.755,1.251,-0.277,1.149,-0.676,-0.242,0.508,-0.856,-1.311,0.363,0.817,-0.685,1.592,0.53,0.069,0.589,0.641,1.262,1.445,0.162,0.599,0.608,-1.295,-0.608,0.887,-0.735,-0.506,-1.007,-0.551,-0.125,-0.728,0.164,-0.394,-1.593,-0.687,0.717,-1.525,-0.651,3.118,0.754,0.223,0.342,1.252,0.243,0.112,-0.254,-0.972,0.425,-0.055,0.929,-0.631,-0.614,2.217,-1.522,0.626,0.629,1.374,Freestyle,460,1028,0.238
-0.79,-0.837,-1.799,-0.826,0.305,-0.056,-0.406,-0.97,-0.074,-0.781,1.246,-1.786,0.776,-0.581,-2.84,-0.106,-1.13,-0.645,0.287,-0.217,0.706,0.049,-0.993,-1.58,1.078,0.031,-0.806,-1.25,-0.903,-0.165,-1.307,-1.09,1.496,-1.448,-1.948,-1.754,0.572,1.158,-0.008,0.552,-0.039,1.398,-1.947,0.855,2.01,0.72,1.396,0.394,0.469,-0.057,1.535,-0.11,1.558,0.076,-0.708,-0.043,1.001,-0.252,-0.973,1.034,Breaststroke,458,457,0.578
-0.11,1.294,1.059,0.444,0.868,0.72,-0.173,1.938,-0.804,-0.016,1.169,-1.184,-1.096,0.391,0.906,0.71,1.163,-1.282,1.601,0.115,0.33,-0.974,0.686,-0.172,-0.935,0.228,-0.778,1.617,-0.405,-2.428,1.131,2.322,0.787,-1.171,-1.104,-0.03,-0.326,-0.054,-0.464,0.608,-1.469,0.398,-0.248,-0.085,0.5,-0.078,1.462,0.211,0.354,-1.702,-1.919,-0.005,-0.257,-0.036,0.61,-1.084,0.62,0.273,1.777,1.748,Freestyle,1478,1013,0.204
0.717,0.154,-0.719,-0.313,-0.163,0.987,1.194,-0.278,-0.979,1.556,-0.055,-1.551,-0.406,0.49,0.024,-0.782,-0.842,1.252,-0.032,1.044,0.076,-2.055,-0.346,0.068,0.665,-0.304,-0.192,0.744,0.713,0.482,0.481,-0.653,-1.012,-2.535,-0.065,1.094,-1.278,0.593,-1.129,1.103,-1.615,0.526,-0.033,-0.362,-0.357,-2.955,0.943,0.512,1.93,0.544,1.0,0.385,1.532,-2.22,0.397,0.359,-0.964,0.436,1.59,0.453,Front Crawl,1270,676,0.472
0.68,-0.365,-0.02,-0.941,-1.876,0.127,-1.056,-0.785,-1.381,-0.59,0.108,-2.028,-0.246,0.79,-1.083,-1.614,0.474,-0.107,0.801,0.212,-0.344,-0.822,0.197,0.368,1.526,1.016,0.835,-1.57,-0.678,-1.02,0.066,1.059,-1.155,0.476,-1.222,1.266,0.355,-0.685,0.155,0.639,1.191,1.361,-0.284,-2.05,0.414,-0.672,0.858,0.327,-0.633,0.674,0.558,0.956,-0.564,0.585,1.465,-0.007,-1.586,-0.604,-0.439,0.952,Front Crawl,1314,272,0.281
-0.929,0.342,-0.879,0.896,1.122,1.388,-0.605,-0.726,-1.712,0.685,1.893,0.402,2.018,-0.019,-0.715,0.296,1.618,0.202,0.012,-0.038,-0.802,0.031,-0.982,-1.856,0.631,0.946,2.329,-0.841,-0.582,1.363,-0.143,-1.368,-0.348,-0.105,1.8,0.92,1.143,-0.253,1.949,0.738,1.479,1.902,-0.837,-0.372,0.086,-0.973,-0.609,1.602,0.048,-0.122,1.214,-1.346,1.802,-0.933,-0.092,-1.136,-0.273,0.228,-0.24,0.122,Freestyle,688,106,0.768
0.769,0.411,1.194,-1.932,0.607,0.843,0.304,-0.026,-0.507,0.747,-0.582,0.673,0.405,0.258,-1.144,-0.737,-0.968,0.261,-0.302,-0.26,0.942,-0.064,0.816,-0.159,2.273,-1.0,1.51,1.109,0.574,-1.179,0.616,0.551,0.6,0.173,1.224,1.046,-0.413,-0.342,-0.506,-0.568,-0.312,0.565,0.719,-0.159,-0.771,-0.125,-0.641,0.479,-0.123,0.895,0.682,-1.219,-0.634,-0.58,-0.87,-0.954,-0.07,-0.425,0.675,1.272,Butterfly,1171,796,0.369
-0.633,-2.117,0.193,2.08,-0.609,0.713,-0.336,-0.082,-1.525,0.662,1.809,1.184,-0.18,0.047,0.358,1.322,-1.974,0.217,0.159,-0.939,-0.595,-0.183,0.561,-1.662,1.143,-0.469,-0.252,-0.511,-0.44,0.289,-0.887,-0.599,0.285,0.426,2.816,0.63,0.535,-0.152,0.741,-0.511,0.402,-1.338,-1.713,0.508,0.023,1.78,0.776,0.159,-0.316,-2.214,-2.165,-0.738,2.0,1.944,-2.247,-0.972,1.025,-0.766,-0.419,0.381,Butterfly,438,940,0.498
0.122,0.831,0.432,-0.816,-0.615,2.845,0.854,1.031,0.609,0.304,-0.61,0.17,-1.193,0.762,0.419,-0.315,-0.642,-0.303,0.16,0.459,0.296,1.036,-1.122,-0.181,1.009,-0.255,-0.934,1.332,-0.927,0.915,1.283,-0.398,0.011,-0.432,0.161,0.194,0.061,0.308,0.899,-0.146,-0.967,-0.084,-0.856,0.282,-0.051,0.667,-1.903,1.247,-1.641,0.817,0.508,-0.838,1.488,0.613,0.324,0.367,0.309,-0.281,1.416,0.219,Freestyle,1322,852,0.295
-0.015,-0.322,1.751,-0.344,-0.368,-0.208,0.147,2.062,-0.672,0.591,0.651,-0.814,-1.71,-0.443,-0.781,1.085,0.314,-1.681,-1.594,0.575,-1.098,-1.16,-1.041,0.182,-0.679,-0.542,-0.143,1.382,-1.051,0.576,1.222,0.248,-0.43,0.64,0.933,-1.133,0.043,-1.727,-0.276,-0.458,-0.52,0.049,0.001,-0.53,0.57,0.388,-1.781,-0.094,0.798,1.473,-1.122,-2.051,-0.801,-0.642,-0.721,-0.396,-0.789,0.4,0.127,0.317,Front Crawl,1238,701,0.445
-0.582,1.655,-0.44,-0.718,1.34,-0.478,-1.417,-1.418,0.689,-0.514,0.242,0.668,-1.729,0.987,-0.389,-0.017,0.715,1.131,-0.964,-0.783,-0.48,-0.624,0.407,-0.017,0.384,-0.983,0.144,1.485,1.2,-1.043,0.528,1.55,0.271,-0.475,0.292,0.046,-1.81,1.591,0.059,0.109,-1.382,0.911,-0.677,0.139,0.494,-2.189,0.257,2.193,1.603,1.012,0.547,0.349,1.859,-0.236,0.184,-1.205,-0.436,-0.442,1.027,-0.524,Front Crawl,1304,533,0.674
-0.049,1.536,-1.379,1.367,0.428,1.737,-0.469,0.741,1.589,-0.054,0.062,0.373,0.322,1.207,-0.231,0.477,1.325,1.04,-0.588,-0.739,-1.986,-0.276,1.187,1.64,-0.293,2.267,-1.542,1.654,0.516,0.17,0.127,-0.054,-0.923,0.173,-0.773,1.234,-0.009,-1.54,-0.926,-0.456,-0.013,-0.064,-0.054,0.51,-0.96,-0.302,0.794,1.082,0.087,-1.137,-3.169,-0.798,0.168,-0.756,-0.416,1.33,0.256,2.359,-0.388,-1.871,Freestyle,252,454,0.344
-0.024,-0.416,0.384,-0.971,0.432,0.68,-0.216,-1.197,0.822,0.064,-0.821,-0.228,0.516,0.732,0.702,-0.765,-0.221,-0.614,0.125,-0.633,-0.487,-0.79,-0.257,1.777,0.461,0.612,-1.613,1.421,-0.743,0.247,0.277,0.295,0.451,-0.02,0.397,-0.243,1.685,0.312,0.229,0.831,0.636,-0.186,1.386,0.559,-0.98,0.899,-1.914,-1.914,0.602,-0.641,1.865,-0.58,-0.359,-0.565,-0.47,-0.545,0.9,-0.95,-0.326,-0.599,Backstroke,900,921,0.398
-0.42,0.281,1.419,1.015,-0.919,0.534,0.967,-0.35,-1.196,0.484,-0.755,-0.981,-0.162,-1.332,0.114,-0.3,0.869,0.644,0.13,-0.015,0.333,-0.578,0.133,0.79,0.491,-1.22,-1.134,-1.461,0.44,0.989,-0.895,-0.859,-0.171,1.288,-0.063,0.304,-0.458,-0.503,-0.581,0.77,0.454,0.438,0.904,-0.716,-0.28,0.055,1.155,-0.251,-1.366,0.007,2.317,1.19,-0.663,-1.363,-1.713,0.019,-0.871,-0.993,1.019,-0.199,Backstroke,1883,673,0.672
1.534,0.405,0.028,-0.779,0.671,-1.719,-0.601,0.588,-1.994,-1.167,-0.034,1.235,0.623,-0.303,-1.777,-0.582,0.568,-0.787,-0.753,0.36,-1.016,0.373,1.364,-0.783,0.242,0.867,0.715,-1.411,-1.09,0.666,0.185,0.888,1.87,-0.933,-0.011,-0.03,-1.135,-0.161,-1.714,0.422,-0.967,0.641,0.288,-0.03,-0.083,-0.646,0.379,-0.319,-1.774,1.956,-0.956,0.592,0.924,-0.166,-0.012,-0.2,1.134,-0.696,0.603,0.22,Backstroke,1344,425,0.728
0.034,0.948,-0.259,0.246,0.622,-0.912,-0.402,-0.271,0.071,-0.868,0.656,-0.253,-0.191,0.782,-0.23,1.228,-0.792,-0.303,0.231,1.354,-1.96,-0.072,-0.246,0.473,0.426,0.014,-0.288,0.448,-2.225,-0.81,1.208,-0.6,-0.231,-0.173,0.347,1.355,-2.077,0.883,1.642,-0.067,-0.074,0.228,-0.172,-0.661,0.511,0.916,-0.37,-0.707,-0.44,0.444,0.644,-0.279,1.6,0.54,0.196,-1.569,1.026,-0.103,0.338,1.024,Backstroke,798,718,0.336
0.804,0.491,-0.562,-0.422,0.485,0.171,0.721,-0.312,0.644,0.731,-0.197,-1.002,1.049,0.932,0.286,0.433,0.304,0.493,0.238,0.987,1.302,-0.803,1.29,1.701,0.466,0.063,0.235,1.53,-0.093,0.603,-1.097,0.686,-0.761,0.423,-0.009,0.284,-1.593,0.081,-1.243,-0.791,-0.346,-0.732,-1.282,-1.383,-0.491,-0.49,-2.135,0.779,0.622,-0.032,0.831,0.971,1.36,-0.322,-0.722,0.461,-0.196,0.539,0.119,-0.325,Backstroke,1336,497,0.384
-0.719,1.145,-0.425,1.06,-0.808,-1.724,-0.963,1.256,-0.179,0.634,-0.716,1.405,-0.364,0.643,0.472,0.712,1.075,1.896,-0.061,1.954,0.72,1.231,0.38,-1.711,0.144,-0.648,1.402,-1.061,0.089,0.017,-0.508,0.527,1.063,-2.651,-2.149,0.571,1.312,1.686,-2.118,-0.567,0.367,0.489,1.089,-0.106,0.658,0.508,0.182,1.196,0.743,-0.434,-0.3,-0.331,0.291,-0.288,-1.448,-0.177,0.278,0.395,-0.92,1.561,Breaststroke,1904,132,0.141
0.468,0.692,0.287,-0.435,1.084,0.402,-1.005,0.85,-0.739,0.768,-1.339,1.128,-1.699,0.37,1.096,-0.208,0.981,-0.398,0.32,-0.226,0.435,-0.469,-1.167,-0.461,-0.319,-0.961,1.306,1.167,-1.814,1.385,-1.207,0.976,1.558,-0.299,-2.068,0.219,-1.209,-1.089,-1.82,-1.364,-1.311,-1.097,0.288,0.017,0.156,0.327,-0.15,-0.497,0.87,1.809,0.418,-0.522,0.367,-1.518,1.341,0.583,0.155,-0.147,-0.714,-1.268,Freestyle,904,572,0.441
-0.201,0.848,0.236,1.256,-0.439,-0.168,-1.144,0.22,0.168,-0.019,-2.164,0.456,-0.499,-0.95,1.031,1.063,-0.309,-0.51,0.191,0.287,1.493,-0.728,-0.805,0.931,0.124,-0.399,0.276,0.321,0.192,-0.193,0.297,0.791,-0.916,1.743,-0.128,-0.184,0.374,-1.117,1.156,-1.077,0.389,1.737,-0.115,1.48,-0.939,1.205,-0.031,0.258,0.512,0.318,0.506,0.533,0.65,-1.614,0.238,-0.321,0.231,0.813,0.268,0.162,Freestyle,204,383,0.522
-1.115,-0.007,0.886,1.345,-0.714,0.179,1.147,1.738,-0.299,-1.356,-1.607,0.27,-0.094,-0.689,-0.537,-1.062,-0.59,-0.973,-0.609,0.122,-0.877,-1.729,0.386,1.357,-0.921,0.878,-0.659,1.296,1.232,-0.128,2.71,-0.015,0.235,0.762,1.957,-0.186,1.84,-0.995,0.151,-0.511,-1.738,-0.414,-0.05,0.734,1.085,-1.07,0.347,-1.461,-0.946,0.998,1.153,0.523,0.464,0.342,-2.858,0.143,0.155,0.826,-2.009,2.049,Breaststroke,1542,693,0.691
0.855,0.898,-0.405,0.063,-1.031,0.413,-0.15,-1.454,-0.845,1.385,1.611,-0.791,-1.335,-0.419,-1.442,0.608,-1.057,1.819,-1.732,-1.039,-0.755,-0.878,-1.739,0.597,-1.105,-0.263,-0.817,-0.802,0.081,-0.906,-0.298,-0.88,0.352,0.522,-1.263,2.766,0.318,-0.011,0.013,1.226,0.213,0.31,-0.816,0.066,0.13,-0.781,-0.409,-0.382,0.812,-2.641,0.651,0.219,-1.088,-1.475,-0.494,-0.162,-0.372,1.185,0.827,0.296,Front Crawl,1079,218,0.435
0.026,0.425,0.518,-0.81,1.06,1.218,0.233,-0.541,-0.735,1.293,-0.921,-0.204,-0.929,0.473,0.99,-1.816,-0.547,-1.398,0.35,0.696,-1.645,0.992,0.848,0.77,0.414,0.058,0.955,-0.797,-0.062,-0.143,-0.889,-0.351,0.81,1.839,0.542,-0.974,-0.291,-0.069,-1.354,0.789,2.394,0.847,-0.642,-0.704,-0.396,1.169,-0.548,2.171,0.107,0.002,0.328,-0.603,-0.312,-0.533,1.282,2.528,0.544,-1.208,-0.585,1.214,Breaststroke,289,662,0.592
-1.35,0.149,-0.128,-1.137,-0.997,-0.215,1.287,2.069,-0.544,1.568,1.07,0.371,0.279,1.789,0.592,1.658,0.945,-0.577,-2.197,-0.476,-0.128,2.402,1.217,-0.029,1.893,1.078,0.772,-0.314,-1.415,0.559,0.03,1.365,-0.961,2.643,-0.605,-0.615,0.566,-1.475,0.85,-1.169,-0.938,0.186,0.645,0.69,0.822,-0.673,-0.75,1.67,-1.079,-0.19,-0.617,-0.832,0.177,0.271,0.585,0.243,1.079,-0.544,1.215,-0.317,Front Crawl,323,952,0.087
-0.963,0.148,0.818,-0.559,1.295,-0.244,-2.035,0.2,0.404,-0.712,0.193,-0.225,-0.79,0.361,0.268,-0.54,-0.423,-1.357,0.143,-0.556,0.034,-0.775,-0.961,-0.78,-0.392,-0.658,-0.841,1.17,1.983,-0.374,-0.759,-0.226,1.331,0.556,0.265,-1.948,-0.269,0.114,-0.579,0.221,-0.002,-0.101,-1.473,0.27,-0.804,-1.042,0.234,-0.01,-0.26,0.485,-0.824,-0.078,1.166,-0.581,-1.105,1.621,-0.58,2.118,-0.16,1.094,Backstroke,1761,680,0.455
-0.236,-0.006,-0.512,0.109,-1.441,-1.137,0.968,0.204,0.807,-0.282,-1.328,0.2,-0.117,-1.184,-1.31,-0.961,0.635,-0.648,-0.395,-0.616,0.898,-1.355,-0.738,-1.4,-1.33,0.714,1.453,-0.817,-0.492,1.284,-0.077,-1.033,-0.205,1.36,0.495,-0.351,0.944,0.927,-0.753,-1.124,0.159,-1.585,0.178,0.307,-1.448,0.031,-0.586,-1.024,-0.721,0.443,0.424,-1.557,-0.523,-0.854,0.264,2.429,-1.12,-0.1,1.303,-0.594,Backstroke,990,762,0.498
0.986,-0.133,0.129,0.229,-0.202,-1.067,0.74,1.036,0.049,-0.539,0.209,-0.507,-0.889,0.156,-0.259,1.563,1.967,0.699,-0.27,-0.254,-0.035,1.902,-1.266,0.354,-0.007,0.796,0.066,-0.072,0.096,-0.134,2.39,-1.237,-0.458,0.376,-0.22,-1.923,-1.524,-0.458,-0.546,0.012,-1.599,-0.897,0.949,-1.454,0.207,0.667,1.827,-0.917,0.509,-0.174,-0.185,0.065,-0.868,1.062,-0.212,-0.493,0.217,-1.27,-0.058,0.604,Butterfly,1158,466,0.634
-0.178,1.324,-0.821,0.705,-1.245,-1.891,-0.154,0.769,0.432,-0.597,-1.144,-0.108,1.649,0.715,0.514,-1.696,-1.225,-0.836,0.482,-0.409,0.588,0.148,-0.662,0.808,-2.717,-1.022,-1.464,1.969,0.538,-0.042,0.515,0.078,-0.93,-0.162,-1.68,-2.25,0.061,-1.183,-0.262,-2.066,0.272,-0.477,-0.889,0.565,-0.092,-0.085,0.067,-0.663,-0.444,-0.333,-1.291,0.56,-0.449,0.69,-0.49,0.147,0.174,0.731,0.843,-0.213,Butterfly,391,295,0.563
0.156,0.05,-0.602,0.73,1.825,0.082,-0.287,1.352,0.316,-0.889,-2.675,0.229,1.493,-1.145,1.13,-1.914,0.081,0.666,0.804,-0.526,0.106,-1.032,0.717,-0.183,-0.021,-0.861,-0.344,0.085,-1.245,-0.12,0.65,0.007,-0.268,0.198,0.083,-0.361,-1.079,1.741,-0.37,-0.95,-2.04,-0.279,-1.893,-0.452,-1.667,2.718,0.849,2.088,-1.313,0.404,0.068,-0.638,0.189,1.336,-0.395,1.066,-0.285,-0.607,1.516,1.042,Freestyle,1428,664,0.355
0.31,1.021,-1.143,-0.543,1.331,0.175,-0.456,0.812,0.419,1.118,-2.004,-1.159,0.226,-0.491,0.092,0.326,-1.416,0.66,0.219,1.046,-0.29,-0.438,0.336,0.173,0.063,-0.245,0.375,-2.461,0.002,-1.84,0.4,1.663,0.698,-2.345,-0.713,-1.381,-0.307,0.509,-0.307,-0.96,-0.134,-0.552,-1.873,-0.881,-0.233,1.397,-1.753,-2.613,0.306,-0.911,2.243,0.458,-0.839,0.392,0.767,0.118,0.686,-0.898,0.999,-0.338,Butterfly,1186,863,0.554
-1.157,-0.603,1.43,0.159,-0.685,1.132,0.907,0.145,0.428,-0.238,-0.947,1.334,0.103,0.797,0.764,0.023,-1.025,-2.042,1.209,0.693,0.583,-0.409,2.14,1.13,1.295,-0.998,-1.897,-0.325,1.865,1.097,-1.397,0.277,-1.172,-1.023,-0.263,1.04,0.671,-0.908,1.094,0.471,-0.802,1.446,-0.727,-0.348,0.762,-0.42,0.9,0.921,-1.061,-0.909,1.759,-1.987,1.388,1.305,1.064,-0.435,1.794,-0.26,-1.081,3.128,Breaststroke,1077,790,0.388
-0.869,-1.73,-1.01,2.117,-0.344,1.944,-0.579,1.076,-0.33,-0.333,1.25,0.975,-0.138,0.813,1.206,-1.88,0.302,-0.22,0.759,-1.758,0.604,0.93,0.422,-0.951,0.204,-0.864,-0.211,-0.459,0.644,-1.638,0.254,1.098,-0.881,-0.833,0.497,0.605,-1.391,-0.526,-0.398,0.033,0.144,1.412,0.697,-0.393,-1.395,0.246,0.723,-0.459,-2.586,0.73,0.6,0.901,0.761,0.294,0.241,-1.744,0.762,1.331,0.235,-0.82,Front Crawl,1579,774,0.638
0.119,-1.501,-1.262,0.512,0.414,-0.471,2.102,-0.1,0.51,-0.485,-0.182,1.344,-0.65,0.294,-0.565,1.445,2.401,2.19,0.212,0.689,-1.168,0.657,-0.064,0.543,0.309,0.518,1.186,0.033,0.192,-1.983,0.435,-0.454,0.773,1.153,0.147,-0.446,-0.763,0.825,0.673,-1.043,-0.432,1.141,0.474,-0.501,2.296,2.315,0.366,-0.345,0.711,-0.802,-0.502,1.796,2.494,0.992,-1.619,-1.018,-0.383,-0.552,0.903,1.848,Backstroke,1020,394,0.391
-0.055,-0.219,1.008,-0.747,-0.667,0.301,-1.156,0.843,0.509,-0.588,-0.267,-0.559,0.687,-0.642,0.953,0.725,0.842,-0.847,1.51,-0.414,-0.885,0.439,0.795,-1.903,-0.226,-0.103,0.203,-1.897,0.623,-0.24,0.133,2.316,-1.156,-0.457,1.418,0.046,-0.178,-0.429,-0.113,0.327,0.307,1.212,1.355,0.059,1.321,-0.481,-0.133,-0.435,-0.712,-1.257,0.635,1.082,0.443,1.028,0.294,-0.755,0.286,0.627,-1.752,-1.372,Front Crawl,1494,322,0.809
1.692,-0.436,0.53,0.465,-1.029,-0.153,0.626,0.09,-1.226,0.041,-0.788,-1.309,-1.419,-0.675,0.42,-0.447,-1.398,-0.855,-0.328,1.616,-0.018,-0.636,-0.22,-1.279,-1.292,1.294,0.532,-0.703,-0.012,-0.372,0.018,-0.824,-0.177,0.343,0.13,0.809,-0.05,-1.801,0.827,0.317,-0.15,1.025,-0.752,-1.193,-0.907,0.906,-0.444,0.603,0.899,-1.247,0.856,-1.081,0.813,-1.111,0.639,0.499,0.077,-0.313,0.124,0.386,Front Crawl,590,848,0.615
-0.683,-0.628,0.752,-1.279,-0.864,-1.252,-1.854,2.139,-1.055,0.479,-1.266,1.492,0.478,-3.362,-0.34,-0.09,0.812,-1.27,-0.332,-0.099,0.415,1.173,-0.632,0.411,0.394,1.526,1.148,-1.243,0.187,-1.28,0.372,-0.404,0.11,-2.661,1.806,0.245,-0.6,1.72,-0.711,1.765,-0.884,1.003,-0.396,2.074,1.977,0.166,-0.643,0.183,-0.749,-1.312,-1.136,-0.572,1.046,0.253,-1.53,-0.933,-0.957,-0.799,-0.862,-0.678,Backstroke,392,198,0.683
-3.342,0.051,-1.868,0.639,-1.529,0.445,1.128,0.101,-0.965,0.426,1.25,0.689,0.31,-0.109,1.333,-0.245,0.566,-0.553,-1.223,-1.419,1.921,0.824,-0.002,1.076,-0.777,0.334,-0.556,0.531,2.404,2.016,-0.184,1.737,0.032,0.418,0.185,-1.19,0.723,-0.912,-2.049,2.04,-1.128,-0.126,1.545,2.73,0.821,-1.142,0.847,-0.866,-0.536,0.486,0.295,1.423,-0.18,-0.284,0.723,0.548,1.066,1.475,-1.052,-0.154,Breaststroke,1371,290,0.945
-0.441,0.419,-1.02,-0.451,-1.004,-1.835,0.763,-0.379,-0.588,-0.577,-0.843,-0.481,-0.249,-0.517,-0.807,1.914,0.032,0.179,-0.69,-0.092,0.845,0.371,2.323,1.451,0.499,-0.719,0.656,0.319,-0.442,-0.534,0.328,0.821,0.397,0.228,1.04,1.127,-0.28,-1.105,-0.14,2.024,-1.435,1.622,0.97,-1.195,0.792,-0.171,1.696,-0.573,1.155,-1.194,-1.162,-0.809,0.667,-0.389,-0.96,-0.449,0.085,-1.974,-1.207,0.042,Butterfly,1824,854,0.763
-0.888,-0.094,-0.183,-1.259,0.589,2.121,0.106,0.987,0.194,-1.259,-0.356,-0.522,-0.766,0.646,-1.786,0.1,1.564,0.635,0.187,-0.85,-1.374,-0.378,0.588,0.181,-1.159,-0.376,-2.091,0.827,-0.911,1.068,-0.154,-0.077,1.005,-1.615,-1.626,0.426,-1.09,-0.748,-0.696,0.664,-1.219,1.149,-0.009,-0.568,2.075,-1.437,0.668,1.193,1.113,-0.35,0.337,1.832,-0.741,-1.453,-0.958,-0.312,-0.072,-0.24,0.729,-0.059,Backstroke,1640,597,0.125
-0.359,-0.298,-1.743,0.054,0.505,0.092,-1.209,1.349,-0.256,-0.082,0.316,0.904,0.205,1.665,1.516,0.631,-1.005,-1.096,0.353,-0.721,-0.044,0.175,0.468,1.233,-0.698,0.114,-1.942,0.801,-0.026,-0.116,-0.155,-0.064,-0.912,1.233,-0.233,-0.377,1.412,1.679,-0.888,0.742,-0.056,-0.478,0.233,-0.27,-1.748,-0.016,0.384,0.213,0.997,0.594,0.308,0.178,-0.738,-1.267,0.191,1.464,-1.685,0.28,1.55,0.992,Backstroke,264,1057,0.49
0.258,-0.862,-0.999,-0.022,-0.564,1.557,0.747,-1.116,-0.711,-1.37,-1.548,-0.534,-0.915,0.361,-0.511,-0.929,0.096,-1.408,-1.048,1.433,-1.428,-0.717,-0.762,0.532,-0.191,2.357,0.621,-1.01,1.857,-1.431,0.143,0.93,-0.603,-1.23,-0.92,-0.415,-0.044,-0.185,-1.309,1.009,0.601,0.526,1.05,0.983,-1.155,-0.06,0.627,-0.257,-0.83,-1.163,-0.304,-0.024,-1.192,-0.062,0.858,-0.469,0.65,-1.21,-1.199,-0.375,Front Crawl,556,407,0.826
1.295,-0.542,0.582,0.185,0.401,-1.489,-0.05,-0.96,-0.538,0.694,1.355,1.147,0.057,-0.146,0.804,-0.565,-0.497,0.837,0.222,0.797,0.637,0.829,-1.352,0.409,-0.136,-0.42,1.824,-0.344,0.899,-0.672,-1.372,-0.206,-0.655,-0.253,-1.971,-1.004,0.775,0.215,-0.172,0.231,0.153,-1.556,0.895,-0.139,-0.832,1.814,0.708,-1.674,0.068,-0.143,2.453,-0.204,-0.471,-0.209,1.572,0.154,0.19,-1.31,-1.492,1.298,Breaststroke,1570,154,0.783
-1.096,-0.972,1.137,0.145,2.147,-0.682,-1.847,0.786,-1.307,0.146,0.559,-0.278,0.272,-0.035,3.26,0.197,0.561,0.276,1.325,-0.801,-1.434,0.756,-1.24,0.438,-1.249,-0.798,0.927,0.26,1.058,-0.624,-0.156,1.724,-1.951,-3.841,-2.171,0.542,-0.281,1.408,-0.056,0.791,-0.482,0.469,1.179,-0.308,-1.385,1.418,0.216,2.121,1.683,1.481,0.208,-0.901,0.746,-0.097,-0.307,0.644,0.684,-1.179,-0.265,0.275,Backstroke,1511,121,0.478
-0.932,-0.581,-0.659,-1.568,-0.209,-1.266,-0.949,-0.044,-0.678,0.44,1.208,-1.255,-1.486,0.333,-1.024,-2.763,1.395,0.787,-1.963,0.179,-0.47,1.189,-1.281,-0.978,-1.743,-0.359,0.106,0.638,0.786,-0.882,-0.053,0.033,1.063,-0.528,0.444,-1.123,0.332,-0.063,-0.794,1.847,-0.538,-0.629,0.36,0.491,0.275,0.367,-0.691,0.509,0.368,0.447,-2.213,-0.267,0.718,1.35,-0.575,1.247,-0.668,0.354,-0.933,0.957,Freestyle,1106,430,0.221
0.47,0.237,-1.099,1.239,-0.775,-0.381,1.136,-0.554,0.268,-0.639,0.76,1.045,-0.397,0.685,0.962,0.485,1.778,1.386,0.362,-1.421,-0.421,-0.905,-1.072,-0.879,-0.135,1.087,-1.719,-0.38,-0.09,1.107,-0.842,-0.199,0.354,0.181,0.533,-0.668,0.024,-0.718,0.211,0.77,-1.176,-1.116,0.759,-1.461,-0.217,0.239,-0.754,-0.033,0.014,0.658,1.275,0.465,0.805,-0.868,1.263,-2.54,2.055,-0.803,-0.819,-0.27,Front Crawl,502,236,0.607
0.378,-0.263,-0.158,-1.386,-0.173,1.409,-1.398,-1.158,-0.065,-0.536,0.241,1.074,0.539,-0.164,1.991,0.273,-0.173,-1.482,-0.226,-1.438,0.881,-0.974,-1.601,-1.03,1.865,1.067,-0.751,0.15,0.916,-0.422,0.127,-0.121,0.348,-0.551,-1.218,-2.369,-0.66,2.991,-3.079,0.251,1.429,-1.409,1.156,1.013,0.392,-1.459,-0.281,-0.138,0.377,-1.583,-1.52,0.496,-1.197,0.379,-1.604,-0.005,1.189,-0.677,-0.661,-0.958,Breaststroke,641,836,0.513
1.714,1.941,-0.701,-0.817,1.286,-1.066,0.92,0.398,0.824,-0.005,0.073,-0.63,-2.005,-0.458,-0.299,-0.394,1.333,0.073,-0.895,0.324,-0.108,0.769,2.448,-0.77,0.559,-0.621,0.768,0.839,-0.439,0.31,-0.341,0.223,-1.516,1.377,-1.459,1.634,-1.133,-2.642,-1.28,2.781,-0.457,-0.068,0.858,0.783,0.841,-0.349,0.473,0.755,0.747,0.45,0.96,-0.777,1.063,-1.143,0.307,0.354,1.476,-0.865,1.373,-0.637,Breaststroke,453,895,0.463
-0.601,1.245,-0.63,-0.553,-0.77,-1.635,1.362,0.167,0.319,-1.502,-0.619,-1.097,-0.328,1.486,-0.586,-0.09,1.077,1.895,-0.204,3.269,2.006,-0.334,0.467,0.882,-1.655,-0.05,1.236,1.026,-1.569,0.458,0.72,0.591,-0.293,-0.666,-0.142,-0.669,0.288,0.713,1.56,-0.794,-2.378,0.522,-1.455,0.627,0.272,0.257,1.584,-1.905,1.518,-1.057,0.287,0.205,0.099,-0.65,-0.773,1.547,-1.226,-0.706,-0.906,2.189,Front Crawl,794,526,1.0
-1.498,-0.651,-0.323,0.521,0.776,-1.226,-0.775,-1.078,0.528,-0.349,0.695,-0.429,-1.768,0.372,0.272,-0.385,0.709,0.264,0.356,0.839,0.28,-0.646,-0.971,0.374,0.865,0.005,-0.077,-0.565,-1.479,-0.842,-0.244,-0.546,-1.107,0.936,0.519,1.275,1.596,0.097,0.291,-0.785,-0.455,-1.329,-0.95,-0.533,-0.211,-1.248,1.584,-0.184,-1.109,-0.365,-0.412,0.963,1.173,-1.111,1.177,-1.782,0.907,0.036,-0.118,-0.695,Freestyle,1331,221,0.789
0.354,1.541,0.441,-0.665,-0.764,-0.13,-0.627,-0.036,0.023,-0.841,-0.109,1.52,-1.537,-0.483,1.382,0.164,-2.934,-1.068,0.761,0.623,-0.272,-0.757,1.243,-0.258,0.403,-1.081,-1.415,0.14,0.25,-0.854,0.434,-1.606,-0.086,-0.903,-0.55,-0.879,-0.46,-0.297,0.841,-0.967,1.266,-0.173,0.706,-1.735,-0.596,-1.356,1.213,-0.841,1.73,0.583,0.028,-1.668,0.578,1.648,-0.116,-1.122,1.634,-0.576,0.744,0.685,Butterfly,1585,367,0.598
-0.232,-0.368,-0.455,0.184,-0.284,0.115,0.057,-0.369,0.676,0.64,0.545,0.633,-0.373,-1.021,-1.311,0.36,0.816,0.308,-0.052,1.917,0.479,-0.182,0.272,-0.192,-1.746,1.623,0.196,1.216,-0.091,1.338,0.295,-1.147,0.443,-0.15,0.19,-1.625,-1.342,-0.506,-0.889,-0.046,0.81,-0.653,0.674,0.73,2.096,1.207,0.406,0.539,0.686,-0.354,1.753,-0.261,0.728,2.426,1.025,0.731,0.815,-0.565,0.429,-0.376,Butterfly,936,139,0.284
-0.504,-0.422,1.878,-2.238,0.241,1.722,-1.288,-0.416,0.948,-0.223,3.007,0.303,0.371,-0.754,-0.368,0.209,-1.417,-1.549,-1.478,0.601,-1.277,0.018,1.307,0.039,1.188,0.349,-0.251,-0.272,-0.029,-2.026,-0.731,-0.428,1.19,0.847,0.159,0.83,-0.633,-0.723,0.071,-0.152,-1.854,1.265,-0.052,0.192,-1.019,1.555,0.929,1.276,0.96,0.236,-0.575,1.124,-0.061,0.864,0.511,1.015,1.323,-0.086,-0.327,0.792,Freestyle,854,339,0.513
-0.516,-1.387,-0.593,0.361,0.293,-0.843,-0.631,-0.187,0.265,1.07,-1.704,-1.057,2.698,0.358,0.017,-0.515,-1.285,-1.848,0.035,-0.269,-1.336,0.027,-0.203,1.35,0.332,-0.754,1.366,1.261,-0.019,-1.408,-1.704,0.141,1.578,-0.067,1.223,-1.342,2.446,-0.363,0.876,0.17,1.265,0.429,0.145,1.166,0.588,-0.996,0.677,-0.199,-1.04,1.098,0.409,-1.968,-1.161,0.383,-0.058,-0.453,0.646,0.15,1.172,0.538,Backstroke,1501,816,0.607
-0.468,-1.283,-0.857,0.298,0.065,0.095,-0.3,2.068,0.219,-1.102,0.499,-0.244,-1.211,1.246,-0.21,-0.191,-1.961,0.251,0.038,-0.233,1.321,-2.599,-0.576,-0.913,0.384,0.14,1.095,0.824,2.159,0.568,-0.018,0.397,-1.319,-1.626,0.468,-0.448,-0.993,1.7,-0.981,1.825,-2.023,-0.613,-0.913,0.422,-2.393,-1.671,-0.455,-1.65,-1.02,1.206,-1.189,-2.368,0.957,-1.602,1.401,-0.046,0.375,-0.095,0.799,-0.446,Butterfly,467,1046,0.527
0.257,-0.749,0.262,-0.374,0.799,-0.306,-1.444,2.421,0.1,-0.01,-0.424,0.158,0.134,1.55,0.161,-1.083,0.191,1.364,-1.161,0.813,-1.446,0.442,0.268,1.305,0.117,-0.366,-1.856,-0.776,-0.132,0.85,-0.168,0.703,-0.94,-2.066,1.245,0.431,0.875,-0.928,0.966,-0.081,0.358,0.183,0.545,0.391,0.839,-0.466,-0.096,1.158,0.355,0.693,0.579,0.086,0.468,-1.761,0.253,-0.709,-0.63,-0.841,0.248,-0.971,Front Crawl,580,241,0.718
-0.477,0.508,-0.014,-1.466,-0.74,0.091,0.137,-0.662,0.95,-0.205,0.026,-0.569,-0.784,0.716,0.275,0.862,-0.386,-0.543,0.158,-0.066,-2.455,-0.792,0.327,-0.304,0.699,-1.194,-0.867,1.611,0.681,0.296,0.403,-0.634,0.556,2.666,0.036,-0.626,-0.865,-1.582,-0.538,-0.771,1.82,0.229,-0.133,-1.104,0.844,-0.715,1.014,-0.353,-0.039,0.014,1.915,-1.227,-0.496,0.897,0.401,-1.361,0.436,0.405,0.278,0.36,Backstroke,1124,210,0.252
0.344,0.071,-0.11,-0.912,0.244,-0.955,0.892,0.151,0.67,-2.138,0.946,0.387,-0.9,2.314,-0.427,-1.681,-1.253,0.874,-0.133,-0.593,-0.814,-1.125,0.507,0.843,-0.156,2.184,-0.633,-0.996,-0.588,1.439,0.676,1.199,0.786,-0.048,0.464,0.007,-2.566,-0.685,-1.211,-1.272,-1.138,-0.993,0.896,-0.407,2.266,1.568,1.049,-2.128,-0.439,-1.132,2.073,0.18,1.41,-1.499,-0.714,-0.24,-0.673,1.397,-0.45,-0.834,Front Crawl,1335,1038,0.937
1.103,0.27,-2.025,1.176,-0.334,0.701,0.705,-1.463,-0.43,0.12,-0.61,-0.765,0.886,0.415,-1.287,-0.362,0.88,-0.535,-0.231,0.126,0.273,1.177,-1.032,0.265,0.176,0.868,-1.291,-1.137,-0.027,0.18,-0.113,0.049,0.636,1.948,1.141,0.721,-0.753,1.362,0.836,0.119,-0.007,0.148,-0.471,0.834,-0.634,1.032,-0.196,0.468,-2.353,-1.154,-0.097,-1.016,0.046,0.134,0.322,-0.872,-0.989,-0.445,-1.101,0.11,Backstroke,1125,461,0.596
0.469,-0.85,0.771,-0.049,0.648,0.657,-0.462,-0.264,-0.681,-0.406,0.627,0.281,-0.465,1.472,1.435,-0.649,-0.987,0.674,0.733,0.537,0.637,0.145,0.327,0.464,0.063,-0.465,-1.02,0.038,-1.33,0.122,0.138,0.633,0.175,-1.133,-1.263,0.201,-0.433,-0.457,0.054,0.844,-1.785,-0.976,-0.881,0.05,-0.611,0.461,-0.419,-1.85,0.659,0.271,-0.535,0.316,-1.008,1.265,-0.306,-1.598,1.468,1.477,0.204,-0.608,Butterfly,1698,1004,0.142
2.243,-0.983,1.45,3.035,-1.229,0.646,-0.264,-1.418,-1.138,0.446,-1.585,-0.383,1.062,0.827,0.44,-0.12,0.43,-0.359,0.42,-0.35,-0.994,1.409,1.117,0.95,-0.794,-0.368,0.329,-0.649,0.113,-1.156,-1.154,-0.208,-1.088,2.214,1.646,-1.589,-0.807,-0.624,-0.597,1.13,1.74,-0.56,1.113,1.297,0.45,-0.161,0.192,0.715,0.159,1.73,1.315,-0.813,-0.304,-0.71,-1.985,-0.837,-0.932,-0.037,0.911,-0.499,Butterfly,396,1027,0.421
-0.992,0.571,-0.97,2.272,0.601,-0.917,-1.292,0.523,-0.462,0.843,-0.463,1.018,0.303,0.391,0.616,1.328,-2.846,0.283,0.528,0.723,-0.868,0.034,-0.198,-0.004,0.368,0.543,0.392,0.875,-0.58,0.892,-2.933,0.875,0.047,-1.775,0.043,-0.84,-0.062,0.545,-0.018,-1.361,2.064,0.433,-0.054,1.336,-1.558,1.131,-1.369,0.435,1.127,-0.49,-2.479,-1.662,-0.249,0.82,-0.844,-0.655,-0.244,-0.247,0.098,-1.693,Backstroke,276,539,0.748
-1.19,-0.652,0.325,0.565,-0.441,0.467,-0.733,-1.132,-0.955,1.651,0.853,-1.897,0.641,0.522,0.027,1.018,-0.955,0.386,1.102,0.27,-1.48,1.282,2.3,0.855,-1.41,-1.377,0.939,1.315,0.062,-0.574,0.275,0.776,-0.783,-0.727,1.831,-0.543,0.417,-0.544,-0.871,-0.148,1.268,0.177,1.07,0.194,1.169,-1.063,-0.58,1.727,0.687,-0.989,-0.155,-0.488,-0.945,-1.978,0.48,-0.49,-0.127,-0.295,-0.33,-1.153,Backstroke,1454,297,0.36
-1.921,-0.903,-0.561,0.306,0.696,-0.248,-0.947,-1.332,-0.805,-0.107,-1.102,2.713,-1.137,1.604,1.375,0.349,-0.666,-0.58,-1.862,-0.24,-0.192,0.293,-0.477,-0.8,1.469,-1.5,-1.684,0.102,-2.01,-0.486,0.643,0.523,1.461,0.047,-0.264,-0.742,0.124,0.927,-1.031,-0.17,-0.641,0.353,0.247,-1.094,-0.321,-1.699,0.876,-0.539,0.712,-0.246,0.061,0.012,1.225,-2.012,0.4,-0.461,-1.434,-1.774,0.345,1.598,Breaststroke,584,296,0.538
-0.037,-1.198,-0.824,0.457,-0.542,1.632,0.226,-0.196,-0.482,0.504,0.128,-1.115,-0.866,0.402,-1.663,-1.672,0.964,0.139,-0.804,-0.587,-0.901,1.897,0.143,0.25,-0.5,0.066,-0.472,0.662,0.111,-1.138,-2.359,0.357,-0.814,-0.368,0.014,-0.376,-0.531,-0.417,-1.467,-0.52,1.623,-0.093,0.861,0.149,0.527,0.308,-0.694,-0.66,2.109,0.941,0.444,-1.336,-0.252,1.125,0.009,-0.383,-0.989,-1.017,0.099,-0.181,Freestyle,1177,856,0.579
-0.832,-0.689,-2.122,-1.865,-2.153,-0.075,-0.783,0.225,-1.781,-0.08,-0.71,-0.079,-0.905,-0.885,-2.449,-0.4,-0.62,-0.261,-1.286,-0.29,-0.42,0.284,-0.823,1.746,0.241,0.923,1.642,1.291,2.832,-0.94,1.567,-0.432,-1.256,0.607,-0.285,1.663,-0.79,0.443,0.573,-0.46,-0.528,2.168,-0.493,0.701,0.242,-0.233,0.348,1.209,-1.141,1.172,1.491,-0.25,-0.62,0.732,-0.576,-0.229,1.566,0.376,-1.178,-1.032,Backstroke,690,445,0.504
-1.027,-1.514,1.385,0.074,-0.547,0.632,-0.03,0.22,1.467,2.027,-0.883,0.367,0.738,-1.492,0.541,0.219,-0.036,2.024,-1.637,-0.2,1.038,1.495,-0.958,-0.523,0.344,-1.628,0.985,0.511,-0.374,-1.124,-0.508,0.194,-0.477,-0.066,-1.254,0.231,0.257,1.247,0.084,0.733,0.112,0.769,-1.717,0.943,-0.649,1.255,-0.989,-0.814,-0.962,-0.984,-0.527,0.817,-1.29,0.617,-0.393,0.704,-0.49,0.085,-0.961,-0.838,Breaststroke,354,930,0.603
0.978,0.709,-1.075,1.24,0.56,-0.142,-1.583,-0.91,-0.352,-0.18,-1.341,0.192,-0.295,-0.551,-0.542,1.563,0.321,1.298,-0.813,-1.575,0.872,1.844,-0.011,0.2,-1.334,1.045,-2.433,-0.539,0.387,0.851,-0.074,-0.135,-1.1,2.067,-0.477,0.842,-1.345,0.244,-1.497,0.169,0.064,-0.708,-0.398,-0.98,-1.557,1.525,-0.996,0.351,-1.474,-1.501,-1.031,-1.104,-0.666,1.22,-0.422,-0.114,-0.916,1.529,-0.492,0.944,Freestyle,512,714,0.389
-0.817,-1.01,-0.632,0.018,0.434,-1.083,-1.533,-0.7,-0.135,0.389,-1.362,0.835,1.853,1.375,0.578,0.559,-0.065,0.285,1.471,0.008,0.857,1.379,-0.623,0.148,0.369,-1.576,-0.597,-0.122,1.113,0.353,-0.236,-0.022,1.249,-0.303,1.141,0.856,-0.925,-1.548,0.174,-1.435,0.475,-2.336,1.046,-0.2,-0.333,-1.052,0.011,-1.622,-0.015,-0.372,0.744,-0.472,-1.246,-0.493,-0.144,-1.244,-0.854,0.499,-1.312,-0.048,Breaststroke,1379,824,0.238
-0.806,0.17,0.073,0.936,-0.199,-0.613,-0.206,0.76,0.817,0.353,0.945,0.788,0.682,-0.019,-0.217,0.791,-0.104,0.668,-0.09,0.687,-0.402,0.445,-1.018,-0.275,-0.007,-1.321,0.193,0.245,1.877,-0.183,-0.871,-0.906,-1.218,-1.226,-0.085,1.296,0.487,-0.348,2.158,1.57,0.176,-0.154,-0.213,0.335,0.621,1.755,-1.668,-1.034,-1.264,-0.442,0.37,1.076,1.854,-0.015,0.828,1.629,0.107,0.296,0.919,0.477,Breaststroke,170,551,0.689
-0.105,1.39,-1.673,-0.418,0.61,-0.779,0.326,-1.396,0.857,0.187,1.276,-1.344,1.004,-4.127,-1.049,0.136,1.367,0.897,-0.647,0.241,0.564,0.822,-0.065,0.719,1.03,-0.2,1.462,0.049,0.197,-0.353,-0.735,1.209,-1.415,-0.122,0.613,-0.211,-1.186,0.433,-0.128,-0.603,-1.419,0.32,-1.726,-1.009,0.169,0.411,0.381,-0.327,-1.53,-0.334,1.22,-0.512,1.894,-2.125,0.609,0.144,-0.695,-0.822,-0.665,1.04,Backstroke,809,383,0.33
-0.21,1.728,0.423,1.594,-0.813,-0.385,0.062,1.66,0.163,1.426,1.093,-0.897,-1.643,-1.094,1.127,0.087,-0.285,-1.309,0.773,-0.464,1.637,-0.672,-1.366,0.27,1.089,1.964,-0.018,0.736,0.784,-0.706,-0.244,0.94,2.272,1.002,-0.063,-1.051,-0.088,-1.868,-1.25,1.121,2.34,-0.436,1.054,-1.311,-0.756,-1.709,0.583,0.931,0.691,-0.51,-0.822,-0.239,-0.993,-1.793,-1.233,-0.013,-0.783,-0.403,0.47,1.568,Butterfly,1173,203,0.559
2.29,0.348,1.231,-0.921,-1.017,-1.217,-0.022,-0.86,3.318,-0.064,0.587,0.565,-1.325,0.259,-1.093,-1.003,-1.768,1.777,1.555,1.005,-1.832,-0.346,-0.351,1.009,-0.672,0.967,-1.595,0.649,-1.13,1.147,-2.126,0.957,-0.111,0.415,0.675,-1.2,-2.263,-1.084,-0.416,-0.376,2.412,-1.434,-0.327,-1.393,-0.693,-0.569,-0.847,0.86,0.562,0.201,0.11,1.066,0.19,1.136,-0.443,0.546,-0.66,0.006,0.842,-0.939,Freestyle,1239,424,0.114
-0.462,0.959,-0.442,-0.586,-0.359,0.607,-0.111,-1.041,-1.623,-0.84,-1.578,-0.172,-1.852,-2.241,-2.326,-0.401,1.043,1.066,0.385,-0.636,-1.18,-1.651,-0.933,1.941,-1.097,-0.439,-0.446,-0.935,0.876,1.185,0.625,-1.319,-0.853,-0.617,-0.278,0.233,-2.793,0.135,-1.356,-1.113,-0.268,0.044,0.223,1.427,1.305,0.693,-0.611,-0.274,-0.232,-0.521,-0.303,0.596,-2.297,2.257,-0.683,-0.061,-0.387,1.489,-0.365,-1.631,Breaststroke,1731,782,0.648
2.575,0.292,-0.12,-0.612,-0.514,-1.311,0.124,0.43,-0.519,0.791,1.061,0.232,-0.01,-0.328,-1.876,-0.718,-0.619,0.908,0.323,0.575,1.322,0.435,-1.107,-1.224,1.101,1.556,-1.408,1.115,-0.957,-0.485,1.114,0.33,0.367,-0.121,0.132,1.049,1.913,-0.736,1.057,0.078,-1.047,-0.257,0.432,0.11,0.029,-0.515,-0.282,0.804,-1.02,2.364,-0.249,-2.073,0.998,-0.221,-0.299,-0.392,-0.823,0.053,-0.681,-0.894,Butterfly,1201,399,0.191
-0.182,-1.199,1.108,0.012,-0.714,-1.245,0.487,0.395,-0.243,-0.165,0.333,-0.714,-0.825,0.033,-0.329,0.04,-0.167,0.994,0.787,-0.568,1.761,1.095,-0.879,1.005,1.997,1.435,-0.238,-0.786,1.678,0.406,-0.069,-1.716,0.03,0.201,2.361,0.918,-1.134,1.493,-0.498,-0.225,1.49,-0.865,0.506,0.548,-0.256,0.848,0.146,-1.32,0.279,-0.878,1.082,-0.091,-0.067,-0.596,-0.69,-0.175,0.535,-0.891,-1.325,-0.107,Freestyle,1422,445,0.498
-1.132,0.194,0.932,-0.211,0.292,-0.676,-0.275,-0.262,0.927,1.239,1.457,-0.236,0.504,-0.518,-0.808,1.011,-0.58,-0.164,-0.132,-0.245,0.716,-0.024,-1.087,0.637,0.343,0.013,-0.749,0.389,0.7,1.237,0.71,2.152,-1.208,1.442,0.525,-1.178,0.913,-1.304,0.503,1.551,-0.045,0.583,1.594,0.96,0.817,-0.366,-1.368,0.728,0.435,-0.074,-0.54,-0.014,-0.027,0.662,-0.171,1.705,-1.093,0.738,0.873,0.105,Breaststroke,316,697,0.614
0.205,0.41,-1.762,1.519,0.073,0.11,-0.752,0.348,-0.351,1.138,0.85,1.218,0.807,1.244,-0.595,-1.206,-1.783,-1.233,2.181,0.903,0.052,-0.598,0.571,-1.305,-0.965,-1.05,0.679,-0.957,-1.326,-0.522,-0.746,-1.325,0.791,-1.708,0.58,-1.651,-0.738,-0.26,-1.983,2.365,-0.259,0.354,-0.873,-0.528,-0.17,-1.134,-2.102,-0.844,0.629,0.87,-0.644,-0.599,1.617,-0.955,-2.589,2.956,-0.569,1.956,-2.317,-1.632,Freestyle,103,831,0.417
0.981,-0.253,-0.806,-1.533,0.698,0.401,-1.799,0.222,0.454,0.085,-0.169,-1.012,2.113,-1.2,-0.565,0.715,1.046,1.205,-0.137,-0.57,0.83,0.174,-1.133,-0.79,-0.951,0.327,0.953,0.418,0.136,-1.011,-0.807,1.608,0.507,-0.048,0.148,-0.856,0.318,0.565,1.688,0.774,-0.43,0.315,-0.359,0.013,0.274,2.846,0.291,-0.108,0.465,-1.495,-0.573,1.355,-0.415,-0.883,1.253,-0.725,0.038,-0.699,-1.275,-0.663,Breaststroke,1000,141,0.527
-1.599,0.145,-0.38,0.85,-0.934,2.436,0.106,-1.931,-1.205,-0.279,-0.228,2.4,-0.675,-2.304,-0.731,-0.854,-0.395,1.034,-0.158,-0.384,1.39,1.884,0.95,0.311,0.682,-0.302,-1.865,0.557,-0.478,0.005,-0.16,-0.872,0.093,-2.219,-1.297,1.544,2.702,-2.336,0.228,-1.583,-0.444,-0.499,0.599,0.373,-1.483,2.567,-0.743,-0.198,0.219,0.539,0.912,-0.443,0.296,-1.196,0.335,1.0,-0.474,-0.819,-0.185,-0.285,Front Crawl,1859,138,0.854
-0.953,-1.011,1.252,2.123,1.577,1.06,1.479,-0.985,0.176,0.529,-0.485,0.882,0.402,-0.26,-2.086,1.186,-0.16,-0.255,-1.322,0.314,0.163,-0.905,-0.946,-0.733,-0.043,1.057,-0.995,0.606,-0.841,-1.321,1.222,0.181,-0.647,-1.384,1.506,2.717,-0.849,-1.074,-0.076,1.086,1.106,-0.141,-0.927,0.269,0.688,-0.281,-0.822,-0.484,0.115,0.005,1.224,-0.369,1.04,0.187,0.444,1.3,-0.696,0.179,2.635,0.311,Breaststroke,1294,1062,0.36
0.032,1.448,-1.253,1.026,-0.44,-0.185,0.541,-0.581,-0.255,-0.442,-1.458,-1.095,-0.509,0.913,0.436,-1.032,-1.905,0.065,0.312,-1.751,-0.861,-0.823,0.872,0.312,-0.152,-1.07,1.123,-1.193,0.957,-0.053,-1.983,-0.191,0.723,1.367,1.133,0.946,1.066,0.371,-0.123,-0.153,-0.52,1.849,2.189,-0.624,-1.542,-0.719,-0.29,-0.556,0.582,-0.668,0.148,0.827,0.196,-1.331,-0.722,-0.167,0.287,-0.805,-1.019,-0.86,Backstroke,180,462,0.716
-0.487,-0.687,-1.597,-0.31,-2.157,-0.113,-0.317,-0.73,0.371,-0.048,1.062,-1.515,-1.431,0.224,-1.798,-1.434,0.986,-0.559,-1.596,-1.164,-1.231,-0.485,1.367,-1.009,0.283,-0.242,-0.454,-0.699,-0.839,-3.563,1.697,-0.225,-1.263,-1.443,-0.81,-2.771,1.195,0.179,-1.025,-0.668,0.379,0.431,-0.38,1.238,0.08,1.723,-0.617,-0.8,-0.202,0.522,1.109,-0.457,-0.754,-1.259,1.321,0.017,1.007,-1.316,-0.092,0.086,Freestyle,1650,1065,0.775
0.503,1.08,-0.237,1.393,-0.486,0.171,0.396,-0.47,-0.029,0.692,-0.983,-0.767,0.408,0.791,-1.3,1.166,-1.562,0.522,1.761,-0.258,-0.212,0.091,1.023,0.155,-0.266,-0.157,1.203,-0.222,-2.764,1.405,-0.913,1.064,1.571,-0.717,1.112,-0.252,-1.009,0.048,-1.901,0.014,0.657,-1.531,1.211,1.15,-1.356,-0.051,-0.233,-1.255,0.578,-2.395,-0.399,0.222,0.359,0.709,1.307,-0.198,1.024,0.174,0.235,-1.206,Breaststroke,1860,705,0.457
0.422,-1.328,0.442,0.988,0.892,-0.246,2.23,-0.9,-0.319,-0.282,1.032,-0.186,0.567,-1.002,-1.742,-0.303,-0.093,-1.18,0.412,-0.431,-1.015,-1.088,0.784,-0.813,0.576,-1.242,-0.144,0.528,-0.453,0.159,-0.498,-0.192,0.721,-0.24,0.397,0.627,-1.576,0.808,1.707,1.263,0.515,0.12,-1.914,-0.543,0.684,-0.903,-0.064,0.778,-0.165,-0.489,0.687,1.353,-0.203,-1.254,-0.571,0.571,0.648,-1.424,0.674,0.914,Freestyle,493,935,0.654
-0.323,-0.34,0.094,-0.825,0.031,1.893,0.474,0.45,-1.781,1.256,0.3,0.392,0.759,0.065,-1.515,0.663,-0.232,-0.022,0.21,0.929,-1.236,0.923,-0.253,-0.232,0.766,1.11,-0.007,-0.857,0.631,2.1,1.415,-0.629,-0.142,-0.182,-1.095,0.266,-1.081,0.45,-0.225,1.272,-0.251,-0.359,0.489,0.617,0.377,-0.786,0.651,0.007,-0.308,0.575,-1.119,-0.817,0.905,0.734,-0.444,0.154,0.462,1.776,0.253,1.48,Front Crawl,1458,938,0.816
0.385,0.388,0.3,1.311,1.126,0.984,-0.944,-0.218,-0.321,-1.344,-2.315,-0.316,1.172,-1.666,1.045,-0.866,0.736,1.049,-1.248,-0.395,2.149,-0.346,-1.089,2.942,-1.14,0.655,-1.488,-1.428,0.259,-1.207,-0.118,-0.945,1.134,-1.812,-0.383,-0.954,0.578,0.245,-0.836,-0.451,-0.91,1.032,0.735,-1.212,2.895,-0.319,-0.18,-0.91,1.173,0.975,-0.891,0.489,1.782,-1.195,-0.161,1.315,-0.386,0.506,0.666,-1.367,Freestyle,1909,489,0.625
-0.852,-0.047,0.794,1.236,0.125,-0.328,0.033,-0.931,-0.041,0.866,-0.557,0.635,-0.805,0.008,-0.09,1.961,0.369,-0.477,0.626,0.253,-1.104,-0.645,0.231,-0.384,0.485,0.0,-2.033,0.887,1.508,-0.829,-0.85,-1.148,0.087,-0.973,0.308,0.697,-0.212,-0.621,-0.04,-0.007,-0.121,0.764,1.215,-2.318,0.441,0.349,0.226,0.674,1.247,0.48,0.92,0.351,-1.604,0.718,-0.027,0.553,0.179,-0.975,-0.17,0.348,Butterfly,1624,267,0.39
0.445,-0.546,1.066,0.75,-1.935,1.688,0.031,0.362,1.09,0.223,-1.13,0.274,0.579,-0.24,0.873,1.633,2.273,0.501,1.455,-1.014,0.09,-0.607,-0.108,-2.288,-1.09,-0.451,-0.538,-1.244,-1.408,-0.15,-0.59,1.579,-1.664,0.788,-0.025,0.259,0.685,-0.742,-2.125,-0.381,0.707,1.517,-0.855,-3.097,0.303,0.255,-0.366,-1.154,2.402,-0.383,0.615,0.925,0.761,-0.716,-0.236,0.185,-0.346,-0.478,-2.187,-0.305,Backstroke,1480,226,0.488
-1.147,-0.507,1.079,-1.358,-0.196,0.695,-1.435,1.028,0.032,-1.084,-0.359,2.916,0.367,0.268,-0.708,0.303,-1.165,-1.5,1.665,-0.006,-1.327,0.178,1.854,-1.371,0.696,0.984,-0.429,1.35,-0.492,-1.511,-0.474,0.242,1.09,0.716,-0.099,0.195,-0.762,0.105,0.312,-0.278,1.661,0.84,-0.3,-0.718,0.004,0.353,0.134,0.637,1.283,-0.942,-1.418,1.489,1.351,0.314,1.766,-0.382,1.005,1.614,0.26,-1.021,Front Crawl,1714,447,0.585
2.302,-0.163,-0.094,-0.9,-0.66,-1.783,-0.256,1.382,-0.325,-0.671,0.006,-1.684,-0.373,-1.263,1.644,1.306,-1.084,-0.629,-1.017,0.288,0.355,1.587,0.0,1.196,-0.369,0.187,1.821,0.548,-1.026,-0.577,0.377,0.549,-0.805,0.298,-0.081,-1.387,-0.57,-2.881,2.106,-0.736,-2.645,0.45,-1.819,2.092,0.3,-0.411,-0.905,-1.93,0.213,-0.339,0.503,0.217,-0.357,-0.625,-1.914,-0.18,0.404,1.094,-2.617,-0.412,Freestyle,1553,932,0.451
-0.542,-0.004,-1.699,-0.915,1.824,0.969,-1.202,-0.583,1.017,1.38,-0.597,-0.776,-0.03,-1.592,-0.436,1.434,-0.178,0.071,0.946,0.912,-0.168,-0.341,-0.656,0.802,-2.514,0.579,1.353,-0.413,1.025,0.194,-2.078,-1.17,-0.744,-0.861,-0.175,-1.006,1.105,-1.669,1.062,0.849,0.49,0.87,-0.725,-0.992,0.471,-0.704,-0.665,-0.049,0.113,-0.744,0.484,0.061,-0.32,0.331,1.801,1.538,-0.436,-0.802,-0.721,-0.575,Butterfly,191,461,0.009
-1.674,-1.936,-0.162,-0.294,-1.573,-1.164,-0.014,-0.832,1.212,-1.343,-0.705,-0.856,-0.351,0.224,-1.033,1.663,0.198,0.877,0.069,-2.164,-1.146,-1.651,1.563,0.622,-0.495,-1.735,0.282,-0.81,1.168,-0.39,-1.173,-0.721,-0.829,1.599,1.814,-0.612,-0.043,-0.023,-0.713,0.043,0.883,0.247,0.09,1.111,0.627,-0.614,-0.043,-0.119,1.186,1.123,-0.609,0.856,-0.133,-0.169,0.107,0.756,2.299,-0.458,-0.444,-0.471,Freestyle,629,487,0.531
1.5,0.958,-0.548,-1.738,0.115,0.063,-0.183,-1.16,-1.809,-0.551,-0.233,-0.188,0.598,-0.401,-0.036,-0.276,-0.411,-1.324,1.614,0.587,0.067,-0.12,-1.472,0.016,-0.526,-0.731,0.616,1.935,-0.039,0.146,-0.515,-0.785,-0.294,0.902,-0.445,-1.487,0.06,-1.267,1.534,-0.266,-0.046,1.91,1.854,2.32,0.843,-1.395,0.764,1.024,-0.931,-1.007,-0.798,0.843,-0.438,0.446,-0.692,-0.63,-1.277,-1.749,-0.172,0.325,Front Crawl,191,355,0.316
-0.465,-0.369,1.485,-0.19,0.624,-0.421,-0.238,0.088,-0.795,-0.367,-0.205,0.147,-0.551,-0.427,-0.725,-0.139,-0.317,0.117,2.001,0.206,0.618,-1.813,-0.314,-0.688,0.506,-0.061,0.914,-1.202,-0.167,-0.054,0.436,1.22,0.531,-0.454,-0.634,-0.202,1.649,0.096,-1.587,-0.895,0.717,0.379,0.514,1.047,-0.437,-0.511,-2.494,0.023,-1.676,-0.016,1.265,0.321,-0.269,0.619,0.338,0.911,-0.716,1.916,-0.757,0.696,Butterfly,1315,1044,0.479
0.794,-0.81,2.263,1.278,0.589,-0.58,1.341,1.126,0.081,-0.886,-0.553,-0.601,-0.588,-0.955,0.254,0.155,0.735,0.203,0.175,1.06,-0.952,-0.622,-1.517,-0.3,-1.812,-0.073,-1.343,0.343,1.028,0.586,-0.103,1.123,-2.072,-0.328,0.511,-0.604,0.71,-1.691,-1.139,0.175,0.711,-1.108,0.234,-1.95,0.916,0.172,0.38,-1.745,0.094,1.865,-1.41,-0.654,1.162,2.078,1.228,1.152,0.915,0.201,-0.471,0.342,Breaststroke,465,126,0.514
0.154,-1.566,1.355,0.86,-0.721,-0.113,0.245,0.095,0.072,-0.076,0.074,-0.348,-0.67,1.262,1.816,-1.507,-0.653,1.275,0.565,1.584,-0.042,-1.488,-0.093,0.354,0.576,0.006,-1.048,4.021,1.658,-0.614,1.428,1.881,-1.655,-0.3,2.867,0.213,0.609,-0.042,-1.509,1.058,1.194,-0.962,0.627,-1.177,-1.243,-0.595,0.835,2.543,-1.915,0.811,1.135,0.581,0.576,-0.986,-0.522,0.94,0.865,0.115,1.627,-1.215,Breaststroke,217,858,0.042
0.172,-0.932,-1.46,0.777,0.155,0.731,1.463,1.465,0.238,0.722,1.168,2.035,0.7,-0.076,0.384,0.29,-1.539,-0.737,-1.693,-0.543,1.583,-1.927,0.612,-0.081,-0.531,-0.621,0.269,-0.171,-0.095,-0.6,-1.771,-0.879,0.186,-1.288,-0.081,0.03,1.137,-1.243,-0.398,1.273,-0.242,-0.883,0.28,-2.586,0.114,0.846,0.804,1.014,0.373,1.688,-0.431,-0.532,0.652,-1.53,-0.205,0.038,0.078,-0.125,-0.824,0.555,Freestyle,1626,260,0.312
-1.073,-0.097,1.084,0.115,-0.427,-0.438,-0.02,0.894,0.323,-1.49,-0.701,-0.54,-0.58,0.551,0.281,-0.288,0.574,-2.706,0.49,-0.191,-1.694,-0.157,1.445,-0.503,1.74,-1.822,-0.958,-0.884,1.377,0.201,0.114,-0.469,2.574,1.356,-1.212,1.644,1.063,-1.247,-0.296,0.106,-2.624,-0.642,-1.171,0.66,-0.829,-1.511,1.604,-0.965,-0.331,-0.03,-1.039,1.573,-0.868,0.598,-0.28,-1.136,-1.337,-0.668,-1.255,0.535,Butterfly,921,621,0.606
0.38,-2.095,-0.433,-0.476,0.421,-0.076,-0.525,-1.258,-0.25,0.719,-0.692,-0.19,1.151,0.1,-2.272,-1.922,0.411,-1.72,1.179,-0.895,-0.733,-0.717,0.33,0.434,-0.024,0.553,-0.27,1.342,0.837,-1.378,-0.881,-1.204,1.363,-0.698,1.025,-0.803,0.994,0.612,0.523,1.259,-0.219,-0.82,0.445,-1.191,1.46,1.713,-0.836,1.062,0.645,0.656,-0.111,0.508,1.832,-0.537,2.14,0.706,-0.277,0.331,0.172,-1.199,Freestyle,720,633,0.417
0.925,0.792,0.181,0.759,-0.317,-0.746,-0.201,-1.404,0.888,-0.317,1.136,0.566,0.604,-1.827,-0.619,-0.823,0.493,-0.948,-0.285,0.988,-0.122,-1.167,-0.283,0.037,0.227,0.197,0.596,3.008,0.058,-0.026,0.291,0.082,-0.227,-0.789,-0.026,-1.745,-1.082,-1.225,-0.509,-0.992,-0.394,-2.196,0.721,-1.037,0.147,0.832,-0.136,-1.377,-0.947,-0.719,0.642,1.226,-0.429,-0.56,-0.421,1.291,1.928,-0.651,1.346,-0.074,Backstroke,1665,629,0.677
-0.206,1.322,0.914,-0.303,-0.057,-1.169,-0.865,0.57,-0.172,-0.607,-0.775,0.947,0.324,0.087,0.454,-1.063,0.206,-0.74,-0.638,0.792,-0.151,-1.398,0.702,-1.73,-1.407,0.52,-0.489,0.502,-0.181,-1.076,-0.188,-0.259,-0.028,1.604,-1.442,0.949,0.043,0.286,0.752,1.639,-0.483,0.9,-1.967,-0.278,1.321,0.683,0.279,-1.66,0.318,-0.684,-1.333,-0.359,-0.959,0.158,2.343,2.449,1.485,-0.451,0.171,-0.494,Front Crawl,1257,452,0.701
-0.847,0.384,-0.549,0.912,-0.105,-1.103,0.671,0.89,-0.132,0.857,1.149,1.531,-0.694,1.523,0.039,1.314,-2.207,0.303,3.195,0.394,2.99,-2.265,-2.173,0.75,1.226,0.691,-0.773,1.542,0.037,-0.743,-1.233,0.649,-0.128,-2.392,-0.07,-0.906,0.707,0.641,-0.498,0.444,-0.312,-0.127,1.12,-1.208,-0.079,1.081,1.118,-0.813,2.518,-1.18,-0.607,0.484,-1.219,-0.893,0.599,0.508,0.235,0.361,0.058,-0.732,Freestyle,474,414,0.233
1.664,-1.02,-0.275,-0.141,0.376,0.214,0.375,0.365,-0.817,1.149,0.624,-2.439,-0.786,1.294,2.413,1.655,-0.908,-0.043,0.354,-1.782,-0.734,0.566,-1.415,1.3,0.573,-0.009,1.064,-0.093,-1.715,1.271,0.23,-1.169,1.77,1.704,0.162,0.517,-0.001,0.759,2.03,1.077,-0.008,-0.24,-2.123,-0.124,-0.339,0.335,-2.114,1.61,0.885,-1.006,-1.494,0.655,0.562,-1.0,1.367,-0.782,0.899,1.144,-0.485,1.524,Butterfly,338,1063,0.309
-0.77,-1.2,-0.357,-0.925,-2.025,-1.14,-1.637,0.054,-2.154,-1.405,0.051,1.261,-0.003,0.273,0.025,-0.471,0.756,-0.483,1.509,1.66,1.726,1.265,-1.148,-1.704,0.917,-1.132,0.575,-1.376,-0.286,-0.673,0.865,0.3,-0.523,-0.302,-0.903,1.651,0.336,-0.823,-1.593,1.044,-0.65,0.419,-1.681,-1.263,-0.357,1.071,2.149,2.277,-0.624,-0.429,-0.169,-0.353,-0.747,0.655,0.725,0.887,0.034,-1.972,0.744,0.557,Breaststroke,1874,298,0.779
0.356,1.335,-0.136,1.224,1.012,0.458,0.904,-0.946,0.58,0.653,2.021,0.323,-0.276,-0.634,-0.857,-1.525,-0.731,0.32,2.004,-0.423,-0.556,1.914,-0.868,1.092,0.229,-0.261,-1.101,-1.304,-0.871,0.153,-0.25,-1.247,0.027,0.139,0.089,0.02,4.266,-0.71,-1.63,-0.097,1.782,-1.484,1.421,-0.342,-0.633,-0.252,-0.182,0.709,-0.532,0.735,-0.111,-1.1,0.063,1.283,-1.984,-0.065,1.52,-1.216,-0.634,-0.307,Front Crawl,459,212,0.354
-0.83,-0.864,-0.028,-0.245,0.014,0.71,-0.969,-0.979,-0.739,0.333,-0.712,0.669,-0.575,0.38,-0.544,1.255,0.571,0.214,0.388,-0.443,0.22,-0.684,-0.686,-1.422,-0.449,1.017,-0.691,1.383,0.257,1.209,-1.231,1.329,0.293,-0.26,0.306,0.996,-0.357,-1.301,1.784,-1.101,-2.192,-1.721,-0.813,1.818,-1.73,0.153,-1.386,-0.689,-0.319,0.575,-0.091,0.194,0.205,-0.665,0.362,0.852,-1.497,-0.221,1.412,-0.345,Butterfly,238,565,0.626
1.001,-0.14,-1.863,0.271,-0.486,-0.649,-1.05,0.7,0.473,0.976,-1.624,-0.086,-0.635,-1.746,-0.118,0.39,1.546,0.107,-1.803,-1.008,0.928,1.066,-0.082,-0.473,0.936,-0.757,-1.028,0.847,-0.934,-1.33,-0.849,-0.92,0.432,1.134,0.073,1.087,1.229,0.352,0.741,-0.195,-0.55,1.738,0.504,1.216,-1.444,-0.582,-0.236,0.088,0.406,0.173,0.638,-0.41,0.301,1.38,-0.302,0.48,-0.831,0.466,0.019,0.119,Breaststroke,589,786,0.595
-1.318,-0.454,-0.217,-0.261,-0.613,-0.414,-0.014,0.76,0.291,0.398,1.632,1.352,-0.812,0.354,-1.159,0.16,0.952,-2.3,0.25,-2.638,2.042,-0.252,-1.791,-0.027,-1.661,0.032,-0.209,1.304,-0.813,0.166,-1.228,-0.421,1.474,1.016,-0.157,-1.063,-2.227,0.223,-1.24,0.259,-0.942,-0.379,0.545,-0.525,0.333,-1.153,-1.799,-1.141,0.668,-0.948,0.468,1.866,0.464,-1.942,-0.57,-0.09,-2.069,-0.359,-0.574,-0.951,Backstroke,1351,636,0.74
-1.365,1.103,0.082,-1.087,-1.81,0.559,0.26,-1.114,-1.127,-1.105,0.399,-0.594,1.221,0.289,0.026,0.473,0.689,-0.405,-0.185,1.651,0.987,0.95,1.072,2.054,1.365,-0.412,-1.491,-1.645,-0.361,-1.249,0.49,0.857,-0.758,0.333,1.296,-0.585,-0.01,0.137,-0.598,0.576,-1.737,0.173,0.89,0.773,-0.453,-0.511,-0.556,0.702,-0.159,-0.002,-0.132,-1.274,-0.794,-0.126,2.032,-0.369,0.007,0.394,-2.255,-0.695,Front Crawl,675,258,0.781
-1.506,-0.474,-0.963,0.99,0.826,1.057,0.509,0.743,0.095,-1.195,-1.356,-0.565,-0.526,-0.483,1.363,0.676,-1.063,-0.401,1.854,-0.902,-1.433,-1.137,1.531,1.85,0.235,-1.981,0.047,0.604,0.334,0.827,1.53,-0.438,0.65,-0.283,-0.702,-0.464,1.455,-0.79,1.031,-1.138,1.145,0.277,-0.98,0.408,1.014,0.903,0.959,1.232,0.039,-0.303,0.98,-0.149,-1.372,-1.391,-0.972,1.035,1.855,0.539,0.373,1.426,Backstroke,183,623,0.319
1.381,0.283,0.888,-0.441,1.471,-0.982,1.894,-0.037,2.264,0.301,-0.415,0.527,-1.116,0.806,-0.504,-0.933,-0.364,-0.278,0.231,0.819,-0.314,-1.193,0.054,0.394,-0.246,-1.303,-1.137,-0.424,-0.461,2.431,-0.763,-0.319,0.25,-0.145,-1.402,-0.785,-0.316,2.673,-0.072,0.092,-1.17,0.24,-1.794,-0.491,0.298,-1.552,0.001,-0.232,1.159,0.757,-0.24,1.913,-0.258,1.361,-0.283,-0.593,-1.297,-1.078,-0.453,-0.684,Front Crawl,1076,786,0.265
0.334,0.853,0.788,0.31,1.183,0.038,-0.197,0.04,0.589,0.199,-0.422,0.386,0.069,-0.214,0.5,0.565,-0.107,-0.921,0.611,1.685,0.825,0.048,-0.671,-0.989,0.08,-1.058,2.099,0.082,0.455,-0.953,0.024,-0.128,-0.011,-0.958,-0.314,0.8,-1.432,-0.306,-0.638,0.507,1.205,0.934,0.669,-0.069,-0.837,-2.539,0.068,0.093,-0.623,-0.221,-0.448,0.295,0.397,1.502,-0.217,0.193,-1.959,0.326,-0.317,0.126,Breaststroke,981,852,0.391
0.89,-0.307,-0.146,-0.234,0.939,-0.827,0.275,-0.739,-0.432,-0.653,-0.285,0.116,0.277,-0.236,0.378,0.09,-0.71,-1.568,-0.307,-0.179,-1.747,0.811,-1.234,-1.582,0.548,1.374,-0.545,0.949,-0.25,0.2,0.793,-0.774,-0.321,-0.818,-0.462,0.71,-1.564,-2.329,1.693,0.996,0.837,2.456,2.52,1.319,-0.033,-0.811,-0.34,-0.765,0.656,-1.431,0.597,0.756,-2.679,0.079,-0.189,1.594,-1.374,1.122,-0.446,0.658,Backstroke,1632,490,0.269
-0.866,0.474,-0.425,1.676,-3.324,-0.134,2.373,-0.304,-1.478,2.45,-1.404,-0.817,1.414,-0.621,-0.208,1.667,0.582,0.84,2.247,-0.252,-0.508,-0.468,0.252,-1.184,2.478,1.556,-1.519,0.66,0.9,-1.363,1.628,-1.014,0.69,0.256,-1.358,-0.516,-1.023,0.426,0.167,-0.298,1.232,0.391,0.209,0.462,-0.766,-0.747,2.366,-0.614,-1.192,-1.894,0.207,1.558,-2.542,-0.195,-0.492,1.036,0.55,-0.37,0.727,-2.127,Breaststroke,1680,483,0.533
1.735,-0.404,0.753,-0.903,-1.517,-0.164,-0.663,1.677,-0.513,-0.044,0.773,1.216,-1.662,-0.351,-2.83,-0.199,1.255,-0.391,0.627,-0.196,0.574,0.315,1.151,0.607,-1.584,1.098,1.275,0.549,-0.358,-0.523,-2.236,0.203,0.056,0.765,-0.172,-2.343,-1.516,0.281,0.233,1.504,-0.22,-1.275,-0.074,0.43,1.644,0.384,0.401,-0.05,1.071,0.609,2.124,0.494,0.328,-0.985,1.044,0.676,-0.336,1.103,-0.224,0.941,Butterfly,684,584,0.578
0.897,-0.033,-0.892,-0.691,-1.724,2.737,-0.449,-0.332,0.327,-0.026,0.579,1.044,-0.474,0.98,-0.337,0.682,0.936,-0.442,-0.838,0.848,0.098,-0.344,-1.18,-0.536,-0.848,-1.855,1.442,1.402,0.273,-1.479,0.802,-0.872,0.255,-0.772,0.724,0.163,0.919,1.452,-0.459,-1.256,-3.039,-1.625,0.068,0.297,2.833,-1.363,1.362,0.585,-1.459,0.65,0.614,-0.447,0.154,0.212,0.81,-1.016,1.949,0.602,0.049,1.492,Breaststroke,1443,181,0.629
-0.108,0.804,0.516,0.979,0.801,0.152,-0.295,0.118,1.774,1.506,-1.332,-0.456,-0.953,-0.351,1.518,0.107,0.612,-1.396,-0.882,-0.449,-0.495,-0.297,-1.648,0.629,-1.322,0.874,0.518,-0.245,-0.316,0.752,2.25,0.009,3.123,0.965,-0.506,-0.983,-0.434,1.292,-1.241,-0.182,-0.65,0.839,-0.535,-0.878,0.464,0.78,0.453,1.123,-0.735,-1.137,0.01,-0.575,0.272,-0.674,-0.372,0.681,-1.502,0.721,1.621,0.715,Freestyle,1483,792,0.406
-0.14,-1.544,1.022,3.081,0.387,0.7,0.474,-0.246,0.815,-2.099,1.436,1.784,-0.655,-1.13,-2.995,0.8,-1.381,-0.107,-0.949,0.194,-0.411,-0.071,-0.949,0.4,-0.459,0.718,-0.261,-1.11,-1.985,-0.138,1.188,-0.108,-0.24,0.994,0.322,0.455,-1.904,0.69,0.115,0.172,0.774,-1.134,-0.919,-1.547,0.365,1.532,0.014,-1.151,-0.214,-0.141,-0.718,-1.236,-1.184,-0.492,0.401,-1.3,1.378,-1.619,0.047,1.148,Breaststroke,1251,158,0.526
-0.035,1.562,-0.45,-1.07,-2.447,0.148,1.08,0.94,0.167,1.588,-0.435,-1.787,-0.929,0.134,2.252,0.197,0.027,-0.462,-0.576,0.431,0.068,-0.327,-0.826,0.196,-1.318,0.094,-0.492,-1.682,1.484,0.25,0.362,-1.261,-0.128,1.176,0.071,-0.163,-0.503,1.688,-1.088,-1.004,1.462,0.504,0.167,0.895,-1.047,-1.115,2.041,-0.567,-0.932,0.6,-0.198,-0.517,0.257,1.329,0.873,0.338,0.307,0.672,-1.02,0.621,Freestyle,378,965,0.366
0.007,-1.484,0.812,-0.307,1.088,1.271,-0.352,1.007,-0.573,0.078,0.826,-0.327,0.05,-0.81,-0.699,0.777,-1.107,-0.935,0.735,1.419,-0.186,-0.374,-0.114,-0.709,-0.032,-0.528,-2.291,0.583,-1.166,1.12,-0.08,0.578,-1.045,-0.052,0.81,0.101,0.668,-0.257,-0.206,1.064,-1.145,2.638,1.349,-2.22,-1.45,0.148,-2.118,1.236,-0.689,0.077,-1.085,0.534,0.196,-1.366,-0.443,1.421,-2.672,0.311,0.228,0.889,Butterfly,1071,1010,0.265
0.438,0.556,-0.628,-0.376,1.245,1.574,1.38,-1.064,-0.629,-0.488,1.11,0.064,-0.395,-1.492,-2.619,1.307,-0.777,-1.499,-1.892,0.305,2.728,1.578,0.097,0.905,-0.335,0.428,-0.861,-0.584,0.241,-0.554,0.198,-0.265,1.613,-0.023,-0.27,-1.547,2.152,0.976,-1.899,-0.402,0.417,-1.432,-0.162,-0.094,0.274,-0.547,-0.142,-0.104,0.818,0.139,0.784,-0.373,-0.478,0.47,0.75,1.346,-1.562,-0.161,-0.311,-1.596,Butterfly,107,164,0.47
0.131,1.93,0.24,0.199,-0.003,-0.286,0.991,0.961,1.628,0.617,-0.94,0.788,0.569,3.029,1.171,0.899,-2.09,0.829,0.553,0.589,-0.256,-1.193,0.293,-0.169,-1.068,-2.161,-1.062,0.145,1.267,0.105,1.199,0.739,0.162,1.254,2.015,0.828,0.009,0.783,-0.533,-0.186,-0.243,0.928,1.219,-0.046,-0.428,-0.596,-1.077,-0.273,0.249,-0.574,0.904,-0.536,-0.764,-1.697,-0.78,0.909,-0.571,-0.266,1.377,-1.734,Freestyle,1524,921,0.264
-1.219,-1.191,-0.251,-1.044,0.238,-0.796,-0.176,-2.012,-0.858,0.348,-1.185,-1.202,-1.196,0.93,-0.724,0.651,1.085,0.918,-0.439,1.147,0.137,0.331,-0.727,-2.037,0.587,-0.039,-0.869,0.468,-1.167,0.415,-1.156,-1.208,0.78,-1.191,0.657,0.006,0.352,2.685,-0.028,0.794,-0.471,0.843,0.108,-1.748,0.841,0.505,-0.084,-1.799,2.298,1.425,0.974,-0.451,0.128,-0.097,0.619,-1.692,-1.046,-0.991,-0.079,0.695,Backstroke,1349,648,0.392
-0.849,-2.381,2.289,0.464,0.545,0.524,-0.119,-0.525,-0.581,0.361,-1.366,-1.641,-1.447,0.138,-1.418,-1.544,-0.894,0.659,0.156,0.205,0.432,0.513,-1.069,0.875,-0.08,-0.144,-1.224,0.796,0.13,0.469,1.209,1.152,-1.106,-0.483,0.432,1.466,0.753,0.601,0.43,0.182,0.604,1.424,0.58,-1.982,-0.581,0.014,0.712,-0.071,-0.754,0.817,-0.325,1.262,0.309,1.082,-0.104,2.019,1.054,-0.653,1.638,-0.714,Breaststroke,1544,1013,0.497
0.281,1.86,0.485,1.013,0.379,-0.31,0.223,-0.085,-1.006,-0.076,0.288,-1.589,-1.012,0.677,-1.95,-1.603,-0.187,0.279,0.34,-0.525,0.15,-0.366,1.495,-1.331,-0.381,-0.286,2.502,0.739,0.238,1.718,-2.054,-0.156,-1.302,0.29,0.642,-0.125,-0.77,-0.542,-1.15,-0.771,0.893,-0.26,-0.384,-0.524,2.333,-1.227,-0.201,0.772,-0.279,0.324,-0.836,1.732,1.365,0.194,0.925,-0.816,1.311,0.891,2.19,-0.863,Butterfly,656,215,0.701
1.026,0.7,-0.066,-1.614,-0.714,-0.142,0.318,0.364,0.125,0.158,-1.881,0.459,-0.352,0.392,2.103,-0.661,2.022,-2.027,-0.131,0.272,-1.018,-0.105,-0.878,-0.222,1.784,2.131,0.558,-2.19,0.903,-0.751,-0.347,0.386,0.127,-0.218,-2.119,-0.131,-0.659,0.485,-1.368,0.105,-0.596,0.271,0.545,0.025,0.506,-1.006,1.329,0.61,-0.463,-0.661,-0.296,-0.454,-0.676,2.869,-1.694,-2.666,1.745,1.574,-0.599,2.09,Backstroke,1001,715,0.588
-1.068,0.262,-0.589,-0.618,0.271,-0.752,1.136,2.825,-0.866,-0.36,1.528,0.589,0.455,0.534,-1.089,1.145,0.365,-0.424,-0.119,-0.37,1.765,1.286,-0.374,-0.018,-0.71,-0.462,0.114,0.248,0.645,0.348,0.538,1.086,0.398,0.244,-0.824,0.607,0.46,0.615,0.261,-0.487,-0.757,0.647,-0.059,0.648,1.346,1.341,0.29,0.523,-0.604,0.708,1.177,-2.276,1.17,-0.537,0.581,-0.712,0.437,-0.941,1.131,-0.389,Front Crawl,1808,850,0.189
-0.158,0.043,-0.32,1.23,1.479,0.204,1.625,-1.314,-1.496,0.874,-0.937,0.278,0.333,0.638,1.382,-2.115,-0.348,-0.281,-0.906,0.148,1.516,-0.047,0.748,-0.997,-0.026,0.762,0.104,0.445,0.098,-0.713,0.03,0.168,0.83,2.051,-0.401,0.181,-1.041,-0.15,2.738,-0.484,2.41,0.94,-0.54,0.509,-1.042,0.091,0.647,0.065,-0.385,0.039,-0.375,0.817,1.096,0.788,-0.206,1.513,0.738,0.838,-0.415,2.329,Freestyle,1104,841,0.784
0.381,0.028,-0.323,0.265,-0.544,-0.689,-1.448,-2.206,1.68,0.041,1.236,-1.354,0.516,0.782,0.636,-0.463,0.737,-0.316,0.62,-0.054,0.422,1.548,0.224,-0.579,-2.418,0.64,0.993,-1.368,0.106,0.087,0.828,-0.019,-0.034,1.126,-0.661,1.016,0.57,0.194,-0.277,0.448,-0.025,-0.724,1.131,1.009,2.14,-0.435,-0.825,-0.404,0.171,0.346,2.086,1.493,-0.201,0.099,0.524,1.921,0.483,-0.298,0.672,-0.495,Breaststroke,1420,685,0.378
2.274,1.044,0.443,-1.062,-0.235,1.412,1.041,-0.051,-0.13,0.559,1.662,0.219,0.954,-0.497,-0.861,1.762,-1.598,0.399,0.875,1.259,-1.244,-1.144,-1.184,0.438,0.981,0.549,0.058,0.427,0.218,-0.086,1.854,-0.727,-0.641,0.155,1.139,0.617,0.607,-0.458,0.044,-0.044,2.883,0.384,0.23,1.084,-0.384,0.605,0.781,-1.751,-0.405,1.828,-0.114,-0.977,1.619,2.229,-0.727,0.402,-1.25,0.861,-0.069,-0.823,Breaststroke,1474,323,0.641
-2.15,0.088,0.72,-1.768,-0.888,1.025,-0.117,-0.829,-2.524,0.457,-0.05,-0.497,-0.754,-0.005,-0.505,0.301,1.691,-1.248,-0.9,1.417,-1.137,0.957,2.016,1.255,-0.383,-0.241,1.155,-1.367,-0.604,0.572,-0.847,-0.848,0.06,0.506,1.282,-2.629,-0.705,0.335,0.868,0.89,0.764,-1.478,-0.573,0.718,1.572,-0.263,1.045,-1.534,0.553,0.224,-0.552,-0.352,-0.908,0.999,-1.559,0.055,-0.43,-1.188,-0.025,-0.981,Freestyle,1142,212,0.9
0.351,-0.253,-0.571,-1.2,-0.641,0.007,0.327,-0.919,0.468,1.293,-1.139,0.245,0.522,-1.077,0.81,-1.875,-0.136,-0.144,1.157,-0.996,0.796,-1.141,-0.319,-0.241,-2.523,-0.46,1.645,-0.788,0.04,-1.84,0.094,-0.47,1.736,-1.43,-0.936,0.472,0.409,0.262,-0.248,-0.245,0.331,0.714,-0.653,0.943,0.891,0.234,0.1,0.414,1.162,-0.827,0.09,-0.467,-0.502,-0.429,-1.211,1.37,-0.004,0.909,-0.411,2.195,Backstroke,965,153,0.436
-1.399,0.404,0.244,-1.162,0.58,-0.571,1.896,0.107,-0.054,-0.529,-0.555,0.037,0.5,-0.46,-0.241,-1.425,-0.455,1.657,-1.401,-0.418,1.098,0.059,0.066,0.415,-0.013,0.792,0.077,1.251,-0.662,-0.017,-0.189,0.109,0.91,-0.453,1.275,-0.409,-0.836,-0.651,-0.838,-2.512,-2.385,0.364,-1.326,-0.106,1.001,-1.032,1.857,0.505,-0.926,-0.249,0.115,-0.488,-0.332,0.902,-0.981,-0.044,0.141,-0.627,0.825,2.245,Backstroke,1447,738,0.468
0.518,0.973,-1.973,0.295,-0.501,0.824,-0.041,-1.236,-0.489,0.059,-0.274,-0.313,-0.193,0.57,-0.317,0.631,-0.757,0.755,0.208,0.699,2.081,-0.283,-0.983,-1.671,0.771,-0.248,0.224,-1.571,-0.394,-1.182,1.237,0.534,0.495,-0.188,-0.318,0.988,1.921,-1.203,-0.227,0.827,0.794,1.291,-0.8,1.258,1.783,1.337,0.708,0.48,1.614,0.203,-0.669,-0.247,1.466,0.248,-1.819,1.426,0.413,1.575,0.741,-1.365,Butterfly,1702,995,0.844
-2.269,2.0,-0.174,2.412,-1.241,-0.15,-0.249,0.961,0.422,-0.221,2.044,0.496,-1.24,-1.41,-0.533,1.772,0.32,0.315,-1.064,-0.966,-0.383,1.251,0.76,2.098,1.832,0.405,-2.15,0.689,1.22,-1.151,-0.349,1.665,-1.16,-1.116,-0.662,0.065,-1.113,0.933,1.938,-1.135,-0.772,0.211,-0.544,1.585,-1.032,-1.026,-0.529,-0.437,0.497,-0.086,-0.783,-0.438,-0.159,-1.272,0.481,-0.929,-0.415,-1.813,0.31,-0.243,Backstroke,641,881,0.56
0.106,2.548,-1.629,1.212,1.051,-0.063,1.384,-0.068,1.528,-1.135,-1.796,-0.652,0.071,0.943,-0.43,-1.263,-0.762,-0.729,-0.022,0.007,-0.264,-1.172,0.1,0.382,-0.101,0.335,-1.153,-1.736,0.641,1.308,-0.789,0.578,-0.58,-0.447,0.335,0.051,-0.93,-0.365,0.549,0.76,1.517,0.305,-0.757,2.204,-0.659,-0.533,0.637,-2.494,-0.681,-0.633,0.925,1.208,0.491,0.438,-0.014,-0.066,-0.447,-0.058,1.317,-0.086,Freestyle,1486,396,0.25
-2.339,0.781,-2.292,0.317,-0.551,0.657,-0.582,0.476,1.629,-0.553,-0.817,1.182,-0.208,0.456,2.826,1.07,-0.434,0.603,0.513,-0.12,-0.747,1.707,1.097,-1.315,-0.932,2.248,2.58,-0.75,0.457,-0.843,0.513,0.986,0.474,-0.708,0.356,-0.413,-0.492,1.816,-0.045,0.66,-0.67,0.876,1.902,0.352,-1.477,1.48,-0.506,0.256,-0.596,0.448,-0.459,1.985,-0.334,0.09,0.04,-0.455,-1.477,-0.108,0.278,-0.588,Front Crawl,625,256,0.573
0.833,0.133,-0.63,1.317,0.524,0.317,-0.128,1.219,-0.726,0.72,-2.352,-0.957,1.735,-0.37,0.479,-0.761,-0.582,0.779,-0.016,0.976,-0.892,-1.174,0.339,-1.058,0.313,-1.258,-1.009,-0.589,0.911,-0.105,1.709,-0.359,-1.127,-0.061,-0.473,1.792,0.085,0.415,0.232,0.412,-1.195,1.145,-1.081,-0.676,-0.853,1.303,0.828,0.214,0.385,-1.139,0.712,0.482,-0.532,1.034,0.785,0.825,0.553,-0.677,0.608,-0.626,Butterfly,343,221,0.653
-1.728,-0.434,-0.09,-0.148,1.48,0.293,-0.409,-2.032,-0.151,-1.42,1.164,-0.027,-1.624,0.213,-0.922,-0.478,-0.94,-0.041,2.428,0.911,-0.221,1.014,-0.398,0.55,-1.622,-1.136,0.478,-0.649,-0.463,0.167,-0.687,-0.024,0.718,1.588,0.777,-2.175,1.578,0.599,-1.273,1.176,0.263,-1.177,-1.191,-0.524,0.89,-0.137,0.736,-0.764,1.282,-1.268,-1.333,-0.345,0.193,1.375,-0.134,-0.715,0.702,1.24,0.54,-0.576,Freestyle,190,883,0.728
-1.146,-0.191,0.426,-0.61,-1.059,0.418,-1.362,1.167,2.498,-0.658,0.844,0.16,0.841,-0.108,0.36,0.733,0.89,-1.062,0.616,-0.072,-0.591,-1.573,0.573,-1.08,-1.918,1.716,0.024,0.57,-0.133,0.385,0.563,0.597,0.154,0.893,0.5,0.423,1.968,0.679,-0.774,0.762,-0.826,-1.238,-0.734,0.155,0.178,1.055,1.781,0.593,0.185,0.442,0.441,-0.36,0.896,0.659,0.533,0.987,-0.988,-1.548,-1.644,-0.172,Backstroke,792,638,0.5
0.333,2.883,1.759,0.905,-0.714,1.767,0.026,0.328,-0.774,-0.564,-0.412,-0.732,0.878,-0.589,1.039,-0.332,0.616,0.454,1.648,0.936,0.863,-0.559,-0.389,-0.507,1.179,-0.997,-0.912,0.857,0.671,0.153,0.89,1.162,0.774,0.683,-0.169,-1.481,0.793,0.128,1.165,-0.125,-0.808,0.682,0.076,0.228,-0.674,0.202,-1.112,0.367,-0.819,-1.318,0.361,0.378,-0.376,0.677,-0.408,-0.76,0.217,-0.591,0.022,0.446,Butterfly,1003,159,0.391
0.075,0.076,0.574,1.765,-0.56,1.863,-0.531,0.298,-1.941,-2.877,0.46,-0.097,1.812,-0.816,0.514,2.437,1.062,1.045,-0.938,0.753,-1.444,0.908,-1.176,0.975,-1.051,0.468,-0.823,0.02,1.978,0.502,0.284,-0.65,-2.301,-1.641,0.324,1.454,-1.316,0.682,1.069,0.735,-0.036,-0.201,-0.621,-0.089,0.787,0.562,1.287,0.444,0.898,0.255,1.079,1.565,-1.33,0.593,-0.532,-0.911,-0.134,0.609,-0.153,-0.501,Backstroke,1023,809,0.292
1.548,-0.266,0.556,0.901,0.127,0.084,0.717,0.318,0.779,-0.22,1.154,0.184,-0.668,-0.152,-1.305,0.028,0.512,-0.559,-1.688,1.714,0.956,-0.579,1.726,0.25,-0.021,0.263,0.363,-1.312,-0.283,-0.99,-0.346,-0.515,-0.112,-1.176,-1.189,-0.444,0.011,0.68,-0.896,-0.95,0.799,0.221,-1.083,1.882,-0.061,-0.709,0.488,0.81,-0.839,1.964,1.24,1.204,0.247,-0.263,0.757,0.293,-1.074,0.623,-0.327,-0.022,Backstroke,1442,831,0.579
-0.37,1.396,-0.394,0.391,0.399,-0.311,-1.219,-0.545,-0.539,0.107,-1.502,0.025,-0.269,-0.862,1.096,-0.5,2.881,-1.128,0.634,-0.423,-1.512,1.217,-1.009,-0.92,-0.619,0.243,-0.697,0.995,-0.142,-0.741,-1.361,1.127,0.874,0.248,0.674,0.52,1.032,0.16,-2.707,-0.831,-0.095,0.338,-0.616,1.192,-0.901,0.221,0.857,0.522,-1.908,0.994,1.192,-0.785,0.776,0.906,-0.969,0.871,-1.747,1.331,1.204,-1.607,Breaststroke,267,1002,0.333
0.294,0.735,-0.797,-0.501,0.093,-1.17,-1.366,-1.093,1.056,-1.361,-0.908,2.082,0.929,1.167,-1.003,0.526,0.766,1.756,1.084,-0.786,1.004,-0.607,-1.922,0.329,0.31,-0.576,0.476,-0.672,1.556,0.669,0.012,-1.62,0.467,-0.226,-0.138,1.098,0.887,-0.278,0.528,0.674,0.899,-2.089,-1.243,-1.391,-0.119,1.273,-0.112,1.159,0.395,-0.666,-0.998,-0.82,0.102,1.476,-1.145,0.868,-1.54,0.181,0.487,-1.407,Butterfly,1029,359,0.281
0.507,1.26,-0.617,-0.882,0.82,0.634,-1.986,0.76,0.445,0.07,-0.244,0.123,1.029,0.273,1.519,-1.928,0.038,-0.119,0.498,-0.175,-0.24,-0.863,0.686,-1.017,-0.04,-0.76,0.833,2.654,-2.297,-0.643,0.658,1.624,-0.085,1.024,1.657,0.992,0.011,1.005,1.045,-0.997,2.091,-1.077,0.906,-0.372,-1.483,-1.035,0.053,1.978,1.036,-0.603,-0.981,0.578,0.061,1.116,1.088,0.838,0.167,-1.837,-0.77,-0.247,Freestyle,1730,452,0.072
1.376,1.752,-1.381,-0.732,-0.132,-0.394,-0.373,0.499,1.008,0.655,-1.048,-0.596,0.104,0.74,-1.714,-1.318,-1.048,1.318,-0.98,-1.459,-1.212,1.254,-0.106,0.594,-1.821,0.144,1.399,0.349,0.455,0.179,0.678,-1.251,0.101,-1.786,-0.121,-0.549,-0.463,-0.304,-1.011,1.584,0.967,0.4,0.195,0.136,-0.476,1.231,1.777,1.549,0.527,0.033,0.961,0.791,0.327,0.823,1.229,-0.542,1.004,-0.42,0.226,0.334,Front Crawl,1437,231,0.576
0.167,2.054,-0.812,-0.137,-0.097,1.046,-0.857,-0.048,-0.264,0.635,-0.376,-0.038,1.407,-0.658,-0.349,-0.621,1.038,1.201,1.977,-1.237,0.451,0.635,-0.047,0.853,-2.276,-1.062,-0.884,-1.653,-0.581,0.463,-2.075,-0.305,-1.16,-0.746,-0.057,-0.807,0.467,-0.562,-1.056,-0.918,0.658,-2.15,-1.461,0.415,-0.115,-1.164,-2.479,-0.449,-1.487,-0.424,1.212,-1.418,-0.622,1.401,0.436,-1.041,2.305,0.522,-1.561,0.917,Backstroke,1295,1070,0.487
-1.499,0.166,1.599,-1.553,0.697,0.77,-0.461,-0.456,-0.41,-1.993,0.056,0.695,-0.898,0.595,0.908,0.434,0.44,1.607,-0.504,-0.81,2.678,-1.163,1.272,0.743,0.874,1.542,-1.724,-1.876,0.939,0.499,0.879,-1.236,-1.62,0.21,0.401,0.136,-1.893,-1.41,0.787,1.724,-0.564,0.032,0.254,-0.509,-1.107,0.134,0.986,1.634,1.914,0.61,1.975,-1.717,0.312,-1.45,-0.78,0.662,1.05,1.801,-0.554,0.798,Freestyle,516,565,0.325
0.43,-1.146,-3.075,-1.21,-0.145,-1.203,-0.742,-2.14,-0.975,0.897,-0.894,-0.342,2.21,-0.619,-0.328,0.184,-1.635,0.197,-0.479,-0.006,0.067,-0.415,0.006,0.017,-0.787,0.253,-2.497,-1.322,0.854,0.383,-1.294,1.521,-1.15,0.687,-0.315,-0.344,0.133,-1.72,-0.91,1.034,-0.875,1.001,0.042,-1.613,-0.713,1.046,0.499,-0.878,-0.097,0.518,-2.161,0.959,0.043,0.04,-0.38,-1.52,-0.334,-1.063,-0.432,0.566,Breaststroke,807,278,0.851
0.84,-0.419,0.446,0.356,0.912,0.223,0.463,-1.098,-0.153,-0.183,0.66,1.633,0.036,-1.167,-2.089,-0.379,-0.276,0.302,0.298,-0.513,-1.402,1.89,-1.008,-1.092,-0.205,0.36,-1.242,-1.323,0.928,1.186,-0.987,-0.161,1.391,0.287,-0.96,0.039,0.101,1.238,0.171,-1.554,-0.989,-0.789,1.389,0.339,1.397,0.35,0.798,-0.587,-0.744,1.413,0.364,-0.09,-0.362,0.487,-1.518,-0.367,-1.02,1.467,1.081,-0.385,Freestyle,1012,297,0.193
-0.065,1.665,-0.25,-0.59,0.345,0.713,-0.335,-0.34,1.761,0.621,-0.886,-0.638,-0.766,-0.362,-0.017,0.662,1.278,-0.072,0.48,0.554,0.556,1.054,0.185,-1.37,0.727,0.203,0.132,-1.54,0.886,1.516,0.94,-0.67,0.786,1.061,-0.363,0.538,1.653,-1.981,-0.244,-2.647,0.207,1.059,-0.287,-0.938,-0.199,-1.433,-0.962,1.087,-1.149,-0.497,-1.22,-1.017,-1.62,-0.102,1.05,2.442,2.461,0.909,-3.126,1.786,Butterfly,642,599,0.373
-2.769,0.82,-0.322,-0.147,-0.354,-0.105,1.114,-0.899,-1.221,0.787,0.995,0.326,0.529,-1.213,2.184,0.964,0.319,0.811,-0.946,-0.532,-0.634,0.791,1.41,1.638,1.488,-1.038,-0.24,1.664,-0.347,-0.67,-0.16,0.711,-0.994,1.202,0.869,0.171,1.602,-0.326,-0.11,-0.454,1.076,0.472,1.139,0.953,0.547,-0.154,0.929,-0.177,-1.256,0.515,-0.287,0.292,0.432,-0.902,1.142,1.846,-0.397,0.132,0.077,2.147,Butterfly,625,179,0.886
-0.809,-0.425,0.161,-0.8,-0.628,0.088,0.385,-0.3,1.218,0.324,0.53,-0.951,-0.083,0.062,1.032,-1.484,-1.042,0.764,0.668,0.867,1.594,-1.302,-0.336,-0.173,-0.982,-0.935,0.816,-0.116,0.773,-1.225,0.648,-0.124,-0.699,0.504,-0.124,0.802,0.786,-1.85,1.051,-0.439,0.323,-0.969,-0.6,-0.521,-0.412,0.589,-0.436,-0.199,-0.068,0.219,0.626,0.179,-0.108,-0.0,1.271,0.143,0.374,-1.498,0.593,-1.854,Breaststroke,1858,440,0.234
0.684,1.758,-0.698,1.064,-0.418,0.236,0.313,0.249,-0.155,0.067,-1.233,-0.107,-0.433,0.82,-1.284,-2.141,0.754,-0.023,-0.602,2.086,0.341,1.626,-0.612,0.582,1.02,-0.07,0.311,0.768,1.831,-0.43,1.437,-1.228,-0.09,-1.345,-2.34,-0.533,-0.616,-0.009,-0.464,0.505,0.245,-0.037,0.221,0.508,-0.353,2.913,-0.375,-0.582,-0.458,2.854,0.143,-0.991,-2.59,-0.628,-1.979,-0.207,-1.498,-0.747,-0.235,0.25,Freestyle,1667,788,0.6
0.372,1.307,0.157,0.216,-0.391,-0.938,-0.194,-1.948,-1.419,-1.393,-0.732,0.852,-0.466,0.753,0.834,0.297,-1.853,0.461,-1.191,2.431,0.147,-1.343,-0.601,-0.579,0.124,0.117,-1.041,0.405,1.017,-0.994,-0.21,0.583,0.835,-1.776,-1.356,0.17,2.152,-0.288,-0.428,0.945,-0.368,-0.267,-0.17,-0.267,0.234,-0.29,-1.893,-0.451,2.047,-1.037,0.352,0.733,0.595,0.039,-0.732,-0.38,-0.857,-0.42,0.096,-1.408,Breaststroke,337,764,0.626
1.27,1.074,-0.039,-1.58,-1.392,0.138,-0.473,0.571,0.474,-0.513,-0.266,-1.192,-1.347,-0.121,-0.607,1.895,-0.06,1.14,0.442,-1.885,1.989,0.738,0.764,1.233,0.011,-0.824,-0.698,-0.349,-0.653,-1.826,0.912,0.165,-0.68,-0.633,-0.123,-1.29,1.475,-1.923,-0.451,0.843,0.755,0.834,-1.988,0.646,0.427,-0.383,-0.809,-0.753,0.06,-1.862,-0.836,-0.987,0.516,0.634,0.1,0.142,1.03,-1.402,1.539,-0.45,Backstroke,1335,472,0.801
-0.278,-1.087,-0.563,-1.806,0.367,-0.454,-0.622,0.343,2.062,0.379,-0.257,1.142,0.606,-2.021,-0.22,-1.078,-2.097,0.817,1.394,0.484,2.299,-0.644,-0.578,-1.448,-1.829,-0.269,0.017,0.236,-2.07,-1.487,-0.81,-1.265,1.035,0.827,-0.874,-0.043,0.471,1.168,1.7,0.944,0.848,-0.46,-0.487,-1.046,0.418,1.226,0.754,-1.476,-1.197,0.755,1.111,-0.667,0.829,-0.692,-0.143,-0.925,1.101,-1.944,0.037,0.051,Butterfly,1289,931,0.365
-0.224,-0.181,0.93,-0.625,0.672,-0.735,-0.402,-0.064,0.717,-1.635,1.136,-0.502,0.353,0.755,-0.096,-0.511,-2.366,-0.421,-0.241,0.222,-0.188,0.66,0.752,1.392,-0.219,0.898,-2.767,-1.226,0.568,-0.791,0.142,-0.77,-0.005,-0.528,-1.546,-0.709,0.511,1.705,1.134,-0.704,-1.264,1.146,0.707,-2.142,-0.316,0.039,-0.996,0.135,0.573,0.803,-2.029,1.256,-0.551,-0.265,-0.675,0.45,-1.07,-0.458,0.259,-0.789,Front Crawl,410,592,0.39
-1.861,-1.19,1.33,0.855,0.625,-1.384,-0.027,0.657,-0.166,-0.655,1.125,1.752,-1.887,-0.462,0.36,0.012,-0.622,-0.432,0.182,0.688,-0.072,-0.099,0.557,-0.461,0.103,-0.562,0.073,-1.709,-0.5,0.328,0.499,-0.437,-0.601,-1.383,1.29,0.033,0.206,-1.152,0.372,0.134,0.585,1.014,-0.04,-1.446,0.198,-0.779,0.452,-0.166,-1.1,1.243,-0.32,-0.908,-0.785,-0.988,1.982,1.537,1.081,0.353,-2.555,-0.195,Freestyle,1446,259,0.62
-1.61,0.501,-0.083,-0.282,1.263,0.658,0.152,0.869,-0.563,0.908,-0.601,-0.019,-0.832,-0.833,0.261,-1.11,0.591,-1.334,-1.311,0.024,1.74,2.01,-0.994,1.394,-1.372,0.813,0.042,0.758,1.351,0.717,1.387,-0.017,0.314,-1.625,0.061,0.486,-0.179,-1.351,-0.166,1.921,-1.376,-0.32,0.791,-1.704,-0.035,0.91,0.306,0.981,-1.061,-0.395,0.098,-0.585,-1.992,-0.599,1.672,-0.905,0.736,0.765,-1.321,-0.741,Backstroke,1756,788,0.621
0.114,0.119,-0.278,-1.876,-0.476,-0.145,1.799,-0.303,1.056,1.123,0.182,-0.556,0.604,-0.901,0.151,0.169,-0.42,-1.155,-0.84,-0.565,0.443,-0.166,-1.017,0.863,-0.093,1.395,-1.496,1.222,-0.879,-0.294,0.363,-2.363,0.184,0.129,-0.398,-1.791,0.594,-0.052,0.112,-0.486,0.163,-0.513,-0.828,0.639,-1.213,0.578,0.916,0.692,-1.2,-0.675,2.269,-0.998,0.547,0.983,1.211,0.946,-2.445,2.113,1.201,0.877,Breaststroke,1652,519,0.069
0.596,-1.213,-0.984,-1.009,2.143,-0.223,-1.55,0.888,-0.857,0.035,-0.488,1.088,-0.754,-0.414,-0.053,0.332,1.204,-0.402,-2.734,-0.797,0.381,2.669,-0.161,-1.197,0.299,-0.27,-0.393,0.002,0.604,0.613,-0.736,-0.907,-0.79,0.054,0.459,-0.831,0.987,-0.681,0.652,-1.484,0.02,-1.326,0.48,1.6,0.172,1.277,-1.885,1.939,-0.051,-0.704,-1.46,-0.485,-1.536,1.222,-1.38,0.601,0.404,0.244,0.36,2.914,Breaststroke,1461,207,0.167
0.241,0.041,0.58,0.111,0.531,0.303,0.057,-1.197,0.42,-0.387,0.119,1.017,-1.292,0.107,0.863,-0.519,-1.279,0.31,-1.319,0.487,1.205,-0.606,-0.471,0.095,1.396,2.533,-2.206,-1.349,0.139,2.287,0.349,-1.423,0.052,-0.521,-1.09,0.068,0.423,-0.575,-1.163,0.96,-1.067,-0.006,-1.832,0.565,1.819,-0.39,0.315,-0.26,-0.067,0.514,0.081,-0.34,-0.056,0.258,2.49,-0.06,1.153,-0.989,-0.15,1.966,Breaststroke,156,684,0.48
-0.211,-0.239,-0.34,-0.263,-0.504,-0.698,-0.781,1.54,-1.442,-1.781,-0.535,-0.293,0.259,0.445,1.104,1.318,-0.238,-0.566,1.02,-2.127,-0.933,0.089,-0.324,0.037,-0.924,0.585,0.289,-1.125,0.563,-1.5,-1.613,0.877,-1.882,-0.884,2.712,0.548,1.425,0.67,0.316,0.923,0.21,-0.846,1.348,-1.056,0.536,-0.836,0.362,-0.053,1.508,-1.347,-1.957,-1.396,0.423,-0.468,0.272,1.818,1.097,-0.918,-0.278,-0.311,Breaststroke,391,1071,0.276
-2.402,-2.448,-2.279,0.242,0.417,0.48,-0.011,0.134,1.632,-1.112,-0.789,-0.732,0.451,-1.349,-1.111,-1.669,0.123,-1.124,-0.309,-3.084,-1.132,-0.622,-3.006,-0.332,0.969,1.856,1.815,-0.453,1.336,-0.799,0.142,0.262,-1.513,1.191,2.055,-2.165,-0.811,-1.27,-1.052,0.556,-0.826,-0.023,0.462,0.467,-0.14,0.929,-0.229,-0.742,-1.203,0.204,0.525,-0.473,0.404,-0.075,0.268,1.268,-0.583,-0.688,1.545,-0.14,Backstroke,1515,938,0.229
-0.57,-0.817,0.117,-0.349,0.813,-0.179,-0.472,1.031,-0.629,-0.924,-0.27,0.647,-0.346,-0.116,0.607,-0.069,1.157,-1.254,1.466,1.247,-0.89,1.095,0.492,-1.023,-0.999,-2.028,-0.275,0.245,1.551,0.235,-2.12,-0.262,-0.529,1.125,-0.612,-2.006,1.074,-0.018,0.834,0.661,0.159,0.982,1.201,0.965,-0.641,0.37,-0.921,-0.047,0.599,-0.644,1.902,-0.612,-0.573,0.322,0.728,-0.328,-0.755,0.034,0.948,-0.328,Breaststroke,1500,735,0.506
-0.955,0.374,0.609,-0.806,0.018,-0.923,-1.227,0.981,0.56,1.484,0.403,0.091,-0.641,0.231,-2.784,-1.07,-0.895,-0.005,0.893,0.431,-0.378,0.357,1.101,0.509,0.737,-1.265,0.21,-0.752,0.932,-1.675,0.363,-0.58,0.828,-0.718,-1.587,-0.521,1.571,0.84,-0.57,0.624,1.572,-0.165,0.505,0.153,1.571,-0.105,1.39,-0.896,1.379,-0.857,-0.402,-1.975,0.413,-0.889,-0.472,1.142,1.144,-0.363,3.035,-1.042,Freestyle,251,659,0.593
0.598,-1.284,-0.29,1.0,-0.017,-1.634,0.597,1.22,1.53,0.052,-1.346,0.191,-0.838,-0.543,-0.977,-0.947,0.421,0.228,-2.083,-0.287,0.561,-1.87,-0.232,0.284,-0.203,-1.617,-0.507,0.197,0.429,-2.367,-1.115,0.336,0.944,0.592,-0.86,-0.664,-0.765,0.262,0.001,0.231,-0.35,-0.348,-1.306,0.605,-3.039,1.342,-0.796,1.051,-0.388,0.67,0.193,-0.724,1.569,2.352,0.661,1.062,-2.528,-0.085,-1.124,-0.077,Butterfly,1834,1070,0.0
-0.474,-0.233,0.358,0.157,0.069,0.432,1.945,-2.397,0.873,1.662,2.536,-2.634,-0.546,0.81,-0.097,0.043,0.35,-0.095,-0.491,1.358,-1.551,0.794,-0.661,-0.261,0.536,0.6,0.29,0.466,0.534,0.436,-0.254,-0.379,0.363,-1.305,-0.466,-0.253,0.472,-0.643,0.948,-0.029,0.339,-0.229,1.2,0.38,-0.78,0.968,-0.23,0.743,-1.541,-1.408,-0.472,0.932,0.381,0.186,1.105,0.113,1.754,0.316,0.833,0.471,Breaststroke,336,401,0.287
-1.325,-0.983,-0.572,0.59,1.172,-0.24,0.608,-0.131,1.615,-0.69,-0.88,-0.334,1.614,-0.104,0.862,0.924,0.601,-1.061,-2.294,1.358,-1.05,1.277,1.127,1.427,1.436,0.047,-1.318,-0.738,1.341,0.009,0.077,0.778,-0.137,-2.474,1.817,1.589,-0.911,0.796,-0.133,-0.075,1.051,1.608,-0.348,0.731,0.559,2.288,1.471,0.449,-1.565,0.061,-0.141,1.248,-0.162,0.074,-0.593,0.846,0.154,-0.3,-0.267,-2.5,Breaststroke,121,1048,0.64
0.332,-0.852,2.636,-1.017,0.569,-2.655,1.339,0.066,-0.315,2.248,-0.297,-0.025,0.455,1.227,0.53,0.622,-0.585,0.367,1.203,0.398,-0.894,0.824,0.561,-0.311,-0.702,-1.144,0.433,-1.387,-0.818,-0.488,0.27,-0.006,-0.318,0.242,-0.023,0.716,1.766,-2.208,0.487,-0.531,-1.307,0.498,0.443,-1.048,0.722,-1.277,-1.002,-0.921,0.017,0.001,0.097,-0.702,-0.747,-2.565,-0.125,-0.567,0.05,-0.992,-0.281,0.365,Backstroke,1123,979,0.531
-0.762,0.316,0.171,-0.288,-0.182,-1.789,-1.323,-2.135,1.717,0.086,-0.999,1.257,-0.454,1.913,-0.896,0.716,0.565,0.134,-1.172,0.642,-0.223,-0.27,-0.597,-0.609,1.824,0.24,-0.823,1.775,-0.088,-1.773,0.525,-0.357,-1.518,0.696,-0.565,1.0,-0.5,1.374,1.41,0.385,-0.202,-0.02,0.699,2.741,-0.172,1.134,-0.054,-0.239,0.89,0.061,0.207,-0.804,0.26,-0.431,0.363,0.138,-0.326,-0.775,-0.432,-1.922,Backstroke,1505,411,0.085
-0.793,-0.872,-0.779,0.02,1.298,1.978,-1.532,0.394,1.146,0.335,-1.784,0.745,-0.532,0.231,-1.187,-0.105,-0.935,0.39,2.454,0.938,0.121,0.806,0.427,-0.169,1.109,0.908,-1.085,0.644,0.05,0.602,-0.736,0.401,-0.975,-0.303,-1.162,-1.117,0.148,-0.556,0.97,-0.19,0.499,0.456,-0.418,-0.293,-0.583,0.072,-1.197,0.557,-0.661,-0.29,0.227,-0.481,0.084,-0.271,0.493,1.977,-1.088,-0.769,-0.924,-0.796,Freestyle,1871,929,0.572
-0.576,0.045,-0.882,1.352,-0.115,0.214,1.352,-0.194,1.24,-0.945,-0.848,0.434,-0.505,0.315,2.972,-0.681,-0.722,0.243,-0.905,2.146,-1.135,1.781,-0.666,-0.591,1.017,-1.73,1.619,-0.529,-0.81,1.28,1.178,-1.133,-0.006,-1.724,-0.087,0.52,0.901,-0.549,-0.979,-1.284,1.786,-1.624,-2.161,-0.16,-1.745,0.097,-0.644,0.707,-1.143,1.046,0.477,0.819,0.588,-0.77,0.518,0.59,-1.06,-1.186,0.502,0.238,Front Crawl,1251,492,0.509
0.446,0.816,0.003,-2.133,-1.607,2.189,1.244,-0.277,-1.346,-0.631,1.2,-0.198,-1.59,-0.132,-0.066,-0.4,-1.382,1.19,1.014,-0.298,0.408,1.082,0.057,1.18,0.718,0.34,-0.304,-0.533,0.198,0.463,0.727,-1.087,-1.222,0.679,-0.873,1.76,-0.545,1.073,-1.675,0.362,1.571,0.109,-0.127,0.041,0.748,0.476,0.744,2.921,-0.44,0.414,-0.563,1.184,0.093,-1.603,-1.437,-0.655,0.94,1.132,0.443,0.231,Front Crawl,1228,346,0.326
-0.329,-0.033,0.115,0.131,0.734,-0.519,1.13,1.138,0.267,0.88,-0.212,-1.545,1.225,0.009,-0.844,0.607,2.477,0.363,0.407,-0.661,0.941,-1.034,2.524,1.099,1.498,-1.832,-0.069,0.868,-1.173,0.352,0.863,-0.935,-0.382,-0.076,-0.623,0.53,0.371,0.424,0.133,0.59,-0.874,-0.247,0.268,0.343,0.559,1.804,-0.429,0.222,0.555,-1.545,-0.028,0.814,-0.386,0.425,0.613,-0.692,0.118,0.211,-0.652,-0.445,Breaststroke,569,442,0.48
-0.398,-1.055,0.405,-0.524,0.61,1.45,-0.665,1.285,-1.083,-0.178,-1.011,0.035,-1.575,-0.815,-0.733,0.835,0.96,0.318,-1.45,-0.361,-1.515,0.357,-1.256,0.689,-1.424,0.216,-0.109,0.514,0.645,1.044,0.223,0.267,-0.509,1.142,-1.602,1.392,0.027,-0.323,0.034,0.245,0.336,-0.347,0.742,0.0,-0.302,-1.016,1.196,-0.108,1.45,0.336,0.537,-0.343,0.841,-0.448,0.128,0.432,0.633,1.187,0.01,1.898,Front Crawl,1858,387,0.252
-0.735,1.704,-0.187,0.727,0.157,0.888,-1.935,0.108,-0.182,-0.871,0.13,-1.111,-0.067,-0.789,-0.941,-1.322,0.274,0.277,0.368,0.968,-0.314,-1.946,0.451,-0.424,-0.258,0.814,-0.373,0.592,-1.456,0.555,1.249,1.207,-1.771,-0.575,-0.256,-0.234,1.412,0.801,-0.392,0.965,-0.554,-0.157,1.729,-2.228,0.599,0.067,0.931,-1.465,0.152,1.983,-0.604,-0.602,-1.308,-0.569,0.977,1.096,-0.728,0.929,-1.309,-0.995,Freestyle,814,683,0.263
-1.198,-1.196,0.262,-0.693,-1.864,0.034,-0.56,1.014,-0.782,-0.938,1.058,1.997,1.084,1.055,-1.657,1.027,-1.32,-0.441,0.846,0.286,-2.141,-1.036,0.813,-1.138,-0.561,-0.658,-0.113,0.387,0.596,-0.812,-0.27,-0.758,-0.484,-2.161,1.183,0.598,0.685,1.895,-0.667,1.942,0.651,-1.304,1.604,-0.282,-0.168,1.516,0.183,-0.447,0.324,-0.08,-1.473,0.744,0.136,-0.757,0.776,-0.632,-0.191,1.095,-0.172,2.004,Butterfly,1853,397,0.514
-1.049,-0.761,1.104,-1.734,-0.598,-2.517,-0.432,0.868,-0.982,-0.823,-1.968,0.671,-0.022,0.558,-0.038,-0.661,0.012,1.393,0.596,-0.367,0.133,-0.197,-1.065,-1.212,0.957,0.528,-0.749,-0.159,-1.134,-0.353,1.2,0.527,0.804,-0.806,1.366,-2.58,1.212,-1.749,-0.526,1.075,0.425,0.814,0.364,0.234,-0.9,0.338,0.775,2.189,-0.404,-0.064,1.725,1.35,-0.235,-0.769,-1.707,-0.454,0.725,0.204,-0.016,0.336,Front Crawl,945,936,0.606
0.061,1.447,0.23,0.066,0.306,0.55,-1.277,-0.082,-0.232,-0.154,0.137,1.108,1.532,-0.438,0.356,-0.364,1.427,-0.504,1.07,-0.469,-2.319,-0.557,-0.514,-0.467,0.715,-0.331,0.414,-1.528,-0.458,0.123,0.029,-0.028,0.261,-2.597,0.208,-0.681,-0.398,-1.995,-0.59,-0.078,-0.151,0.858,0.157,-0.448,0.751,-0.969,-0.607,-0.894,-1.603,0.161,-0.176,0.428,-1.036,0.125,-0.468,0.587,0.128,-0.418,1.241,0.569,Breaststroke,1254,1006,0.201
0.403,-0.765,-1.428,0.197,-0.264,-0.557,-0.879,0.096,-0.606,0.495,0.207,0.389,-0.51,-0.149,-0.19,0.379,0.269,1.377,1.496,0.076,0.428,-2.132,-0.27,1.627,-0.344,0.572,0.856,-0.762,0.302,1.199,0.125,-0.09,0.01,1.115,1.959,-0.494,1.179,-1.08,-1.157,-0.457,0.636,-0.76,-0.782,1.815,0.717,1.96,0.395,1.658,1.896,-1.224,-1.538,2.197,0.151,-0.761,-0.826,-0.281,1.448,-0.239,2.319,0.175,Backstroke,1840,887,0.707
0.563,-0.165,-0.629,0.712,0.161,-0.109,-0.999,-1.438,0.657,-0.139,1.355,-0.255,-1.084,-1.006,-0.895,-0.112,2.551,-0.524,-1.289,1.658,-0.014,-0.727,-0.323,0.525,0.072,0.014,-0.545,0.755,-1.092,-0.051,0.04,-0.023,0.159,0.226,0.603,-1.985,1.167,0.843,-0.831,0.642,0.191,-0.226,0.448,0.838,1.458,0.611,1.077,-1.055,0.976,-0.045,1.036,1.337,0.44,-1.201,0.633,1.082,-1.966,1.165,2.038,0.539,Butterfly,1799,970,0.408
1.003,-0.512,-1.557,-0.618,-0.145,-0.876,-0.915,0.136,0.265,-1.044,2.664,-0.312,0.41,-0.261,0.724,-1.037,0.012,-0.715,-0.643,-1.109,0.333,1.672,-1.212,1.622,-0.784,-0.471,-1.987,1.26,0.023,1.16,0.731,0.364,-0.193,-0.599,1.365,-0.205,-0.217,-0.657,-1.106,1.933,-0.331,-2.006,0.811,-0.529,0.176,1.22,-0.534,-1.598,0.83,1.063,-0.988,-1.279,-0.827,1.896,-0.303,0.723,1.151,-1.521,0.96,-0.16,Front Crawl,1406,325,0.563
1.737,0.269,-1.033,1.843,-0.316,1.594,0.043,-0.853,-0.318,1.008,0.437,1.374,1.19,-0.761,-0.152,0.923,-1.494,-0.64,-0.836,1.544,-0.769,0.692,1.472,0.565,-0.647,-0.976,-0.967,-2.247,0.514,0.544,-1.132,1.262,-0.682,-0.116,2.247,0.528,1.523,-0.069,-0.37,-0.481,0.243,0.301,-0.768,-0.526,0.14,-0.258,0.037,-0.496,-0.174,-0.97,-0.283,-0.688,0.514,-1.076,0.676,-0.104,-1.024,-1.66,-1.105,1.203,Breaststroke,580,417,0.493
-0.768,-0.092,0.829,0.369,-0.252,-0.755,-0.048,1.547,-0.328,0.595,-0.768,0.909,0.305,-0.769,-1.532,1.368,1.016,-2.619,-2.094,0.363,1.056,0.611,0.124,-1.165,-1.159,0.49,0.147,1.647,2.348,0.281,-2.06,-0.963,-0.748,-1.589,1.395,1.481,0.534,0.146,-1.131,0.114,0.135,0.343,-0.197,1.495,1.092,-0.213,-0.25,1.524,-0.4,1.457,-0.215,-0.186,0.459,-0.771,-1.214,0.959,0.558,0.231,0.035,2.038,Freestyle,535,802,0.54
0.073,-1.649,0.68,0.726,-0.954,-0.553,-0.38,-1.663,1.201,0.682,-0.632,0.813,0.156,-0.523,1.291,-1.263,-0.902,-0.414,-0.166,-1.368,0.602,1.463,-0.098,0.01,-0.298,0.676,0.047,-0.191,-0.009,-0.622,-0.347,1.08,-0.558,0.584,0.611,-0.213,-0.466,0.979,-0.928,-0.491,1.419,0.491,0.235,-0.395,-0.717,0.389,-0.852,0.052,-0.105,-0.389,0.974,-0.28,-0.419,-0.041,-0.213,0.911,-0.031,-0.225,-0.931,1.217,Breaststroke,1071,1036,0.365
0.171,0.089,-1.108,0.061,-0.92,0.561,-0.861,0.055,0.331,0.448,-1.17,-0.407,-0.229,-2.12,-0.688,0.115,-0.508,-0.862,-0.038,1.312,0.301,-1.48,0.225,-0.209,0.326,0.375,0.809,0.235,-0.844,-0.85,0.178,-1.689,0.609,-0.209,0.813,-0.63,-2.227,0.388,1.488,-0.43,0.769,-0.56,0.579,1.867,0.702,-2.243,2.189,-0.474,-0.395,1.884,0.803,-2.177,-1.145,-1.437,-0.226,0.202,0.277,0.23,-0.67,-0.506,Butterfly,671,667,0.609
-0.133,0.981,-1.152,-1.134,0.984,0.806,-0.856,-0.047,-1.142,-0.032,-0.303,-1.209,-1.029,-0.331,1.503,1.735,0.527,-0.795,-0.773,0.239,-0.028,0.913,0.354,0.923,-2.499,-0.397,-0.242,-0.125,-1.206,0.159,0.293,1.83,0.092,1.141,0.182,-0.912,-0.197,-0.736,-0.148,0.537,0.106,0.771,-0.109,0.967,-1.032,0.039,-1.371,1.49,-2.116,-1.168,-0.721,0.183,0.621,3.019,-1.626,1.132,-0.583,0.579,-0.689,-0.683,Butterfly,949,830,0.438
1.434,-0.089,0.51,-0.761,-0.346,-1.21,-0.25,-0.635,0.872,-0.016,-1.693,1.352,1.478,-0.574,0.045,-0.744,-1.533,0.859,0.512,-0.674,0.213,-1.153,-0.341,0.41,0.045,1.021,-0.217,-1.024,-1.036,-1.085,-0.172,0.92,-1.122,-1.106,0.168,0.097,-1.691,-0.199,0.016,-0.389,0.001,0.74,1.92,-0.17,1.23,1.469,-1.063,-1.107,1.684,0.984,-1.435,1.039,1.354,1.379,0.996,1.021,1.269,-0.682,0.831,1.112,Butterfly,893,421,1.0
1.919,1.408,0.852,0.262,0.615,1.304,1.964,-0.309,-0.972,-0.109,1.643,1.383,0.194,0.693,-0.762,-1.385,-1.556,-0.738,-0.316,0.055,-0.545,-1.192,-1.066,-0.146,0.24,-1.052,0.777,0.363,-0.824,-0.564,-1.018,1.111,-0.737,-0.17,0.241,-0.826,-1.131,-1.267,1.406,0.125,-0.664,-0.358,1.491,2.021,-1.485,-0.226,-0.455,-1.983,-0.639,-0.522,-0.393,1.229,-0.389,0.522,1.032,-0.327,1.37,-1.397,0.84,0.623,Backstroke,689,1058,0.404
-2.082,-0.63,-0.846,-0.696,0.423,0.062,0.914,0.294,-0.106,2.754,-0.779,1.141,-0.333,-0.331,1.028,-1.181,-0.558,0.158,0.464,0.878,0.221,1.642,0.929,-0.814,1.615,1.621,-1.269,-1.088,0.68,-1.697,-0.166,-0.154,1.869,0.197,-0.286,2.924,1.666,0.777,1.617,1.305,0.323,0.034,-0.184,-0.906,-0.996,0.246,-0.962,1.016,-0.337,1.297,0.467,-1.357,0.284,-0.764,-1.223,1.321,1.11,-0.884,0.228,-0.641,Front Crawl,584,784,0.403
-1.159,-0.923,-1.146,-0.69,-0.774,-1.365,-1.243,0.327,-0.117,0.335,-0.58,0.862,-0.355,1.081,-1.248,0.435,-0.832,1.562,0.371,0.239,-0.578,-1.099,0.37,-0.847,0.796,-0.871,-1.217,-1.505,-0.784,0.166,0.434,-1.42,-0.782,-1.19,1.364,0.172,1.571,-1.255,0.245,0.335,1.201,-0.497,1.736,-1.561,1.511,1.208,0.626,0.215,0.13,1.286,0.54,0.779,1.026,-0.09,0.966,1.163,-1.003,-0.767,-1.529,-0.294,Butterfly,644,487,0.241
1.404,0.529,-1.583,-0.519,1.109,0.901,0.017,0.261,0.313,-0.839,0.169,1.302,-1.33,0.897,0.979,1.391,0.828,-1.527,1.098,0.003,-0.926,-0.19,-0.372,1.659,0.39,-1.142,0.454,-0.014,-0.495,0.355,1.136,-0.106,-0.985,0.361,-1.131,0.097,-0.541,-0.205,1.816,1.459,0.49,-0.322,-0.072,0.117,-1.192,-0.416,-0.394,1.216,-1.649,-0.622,0.148,0.207,2.065,0.988,1.179,-1.096,0.382,1.306,0.049,-1.748,Front Crawl,1640,1045,0.232
0.821,0.014,-0.862,-0.018,-1.121,-0.388,0.102,-0.731,0.058,0.082,0.664,-0.8,0.589,1.61,1.406,0.107,0.446,0.246,-0.022,-0.966,0.036,0.23,1.154,-0.844,-0.164,0.172,0.187,-0.605,-0.177,0.221,-1.134,-0.364,0.724,-0.5,-1.862,0.429,1.677,0.074,1.538,-1.635,0.257,1.6,0.264,-1.904,-0.04,0.519,-0.348,0.19,0.855,-0.068,0.15,0.352,-0.837,0.167,-0.041,-0.288,-0.235,0.278,-0.506,0.384,Backstroke,1091,830,0.616
1.06,-0.307,-0.565,0.991,-1.53,-1.365,1.468,-0.724,-1.409,0.524,-0.22,0.274,0.017,-0.049,0.283,-0.757,0.572,-0.386,-1.153,0.542,-0.18,0.135,0.228,2.317,1.219,0.095,1.183,-0.028,-0.552,0.042,1.641,-1.236,-1.066,-0.178,-1.278,-0.574,-0.911,0.083,1.395,-0.774,1.302,0.824,-1.465,0.73,1.236,1.329,-0.662,-0.37,1.044,-1.99,0.252,0.243,-0.806,-0.232,0.182,1.985,-0.91,1.271,0.423,0.009,Front Crawl,1190,519,0.589
-0.091,-1.348,0.588,-1.395,1.665,0.274,-1.353,-0.082,0.5,-1.152,1.245,-0.118,-1.005,-0.021,0.347,-0.268,-0.222,0.53,0.71,-0.499,0.162,-0.997,-0.33,0.961,1.002,1.226,-0.351,-0.597,-0.418,1.814,-2.229,0.891,-0.446,1.016,-1.377,0.651,-1.343,-0.215,0.946,-0.759,0.093,-0.886,-0.252,0.297,-2.528,0.137,1.94,-1.135,0.126,0.338,-0.983,-0.934,1.204,0.057,-0.095,-1.709,1.113,-0.532,0.646,-0.802,Backstroke,852,1066,0.726
-0.958,0.173,0.604,-0.408,-0.838,-0.863,-1.521,-0.612,-0.051,-0.617,-0.005,-0.057,-0.05,-1.29,-0.661,-1.482,-2.111,0.679,-0.125,-0.622,-0.269,-0.563,-2.657,-0.928,-0.054,-0.82,-0.384,-0.747,-1.685,0.118,0.933,-0.148,-1.33,-0.353,1.426,-0.704,0.202,-0.886,-0.977,0.448,1.662,0.078,0.781,1.109,-0.717,-0.646,-0.311,-2.211,1.47,0.42,-0.542,1.33,-0.727,0.656,0.229,-0.759,-0.571,-1.097,0.612,2.021,Butterfly,944,569,0.503
0.57,0.557,-1.16,-0.564,0.311,-2.58,-0.382,-0.035,0.928,-2.313,-0.651,2.034,-1.113,0.608,-1.931,-1.145,0.757,2.296,0.462,-0.8,0.21,-1.551,1.426,1.195,1.156,0.08,-0.449,1.288,0.972,-0.242,-2.281,-0.662,-0.029,-0.395,0.903,0.107,0.215,-0.948,-0.43,-0.148,0.421,-2.157,-0.004,0.875,1.443,-0.599,-0.927,-0.215,-0.935,1.6,-1.197,-0.88,-0.728,-0.957,1.135,0.416,0.229,-1.415,0.886,-0.275,Front Crawl,1609,660,0.503
0.628,0.217,-0.877,0.713,-0.556,-0.127,-0.317,-0.203,-0.824,1.415,-0.799,0.651,-0.467,0.002,-1.228,-0.926,0.052,-0.662,-1.758,0.47,-2.112,-0.67,-0.569,-0.18,-0.734,-0.718,0.59,0.241,-0.195,-0.722,0.418,1.551,-0.032,-0.089,1.283,0.0,-1.021,0.47,-0.281,-0.712,-0.372,2.86,-1.062,0.374,-0.841,0.485,0.171,-0.58,-0.234,1.409,2.345,0.785,0.154,0.378,-0.816,0.519,0.089,-0.959,1.233,-0.496,Butterfly,197,505,1.0
-0.146,0.786,1.342,-0.545,-0.996,-0.794,-2.461,-0.447,-1.209,0.946,0.215,-1.664,0.192,0.271,0.407,1.114,-0.797,-0.045,0.472,0.309,-0.411,0.352,0.736,-0.395,-0.469,1.82,1.316,-0.754,0.182,-0.374,-1.98,-0.074,-0.366,-1.456,-1.005,0.965,-0.496,1.246,-0.188,0.112,-0.417,0.286,0.208,0.878,0.633,-1.305,0.8,-0.283,1.901,0.959,2.137,-1.321,0.482,0.352,1.057,-0.219,0.173,0.104,0.693,-0.481,Front Crawl,1795,1078,0.553
-1.205,1.448,0.801,-0.421,0.419,0.419,0.388,-1.241,-0.307,1.448,-1.087,-0.178,1.564,0.924,-1.941,0.501,-0.187,-0.429,0.097,0.146,-0.975,0.529,-1.866,1.17,1.458,-0.438,-1.032,0.806,-1.131,0.94,0.645,0.741,0.191,0.195,1.254,1.343,-1.457,0.381,-0.256,-0.795,0.197,1.341,0.577,-0.103,0.05,-0.676,2.096,-1.121,1.684,0.813,0.76,-0.483,1.009,-1.649,-0.052,-0.075,-0.324,0.801,-0.385,-0.258,Backstroke,1504,372,0.536
1.222,-0.063,0.296,0.235,-0.946,1.735,-0.659,0.349,0.557,0.877,-0.948,-1.33,-0.695,0.703,0.825,-1.838,-0.804,-0.634,-0.815,-0.61,2.288,0.289,2.477,-1.277,1.72,0.185,0.584,-0.345,1.394,-3.065,0.826,1.719,-0.782,0.883,-0.658,-0.046,-0.395,-0.604,-0.426,0.049,-0.635,-1.343,0.826,0.648,-0.853,0.638,-0.295,1.781,-0.05,-0.308,0.213,1.725,-0.879,0.217,-0.145,-0.016,-1.962,-0.101,0.026,1.665,Front Crawl,1664,688,0.467
0.934,-0.679,0.433,0.142,1.747,-0.644,-1.124,-0.232,0.813,0.82,0.956,0.047,-1.012,1.741,0.048,-0.516,2.177,-0.376,0.259,-0.57,-0.351,0.597,0.213,-0.875,-0.485,0.696,2.541,1.703,-2.185,1.721,-0.169,0.341,-0.967,-1.067,0.838,0.853,-2.025,-0.242,0.637,0.653,-0.802,-0.52,0.683,1.135,-0.051,-0.091,-0.751,-0.051,1.531,-1.329,-1.061,-0.194,-0.384,-1.67,-2.124,-0.244,-2.251,0.014,0.158,0.267,Front Crawl,1506,952,0.294
0.895,-0.503,-1.061,-0.28,0.186,0.409,1.122,0.721,2.726,-0.643,1.093,-1.094,0.143,-0.103,-1.831,0.051,0.449,1.97,-0.707,0.622,0.006,-1.246,0.102,-0.352,1.772,-0.331,0.255,-1.225,0.806,-0.543,0.287,1.976,0.038,2.852,-1.441,1.323,-1.026,0.836,-0.897,-1.39,1.496,0.193,1.955,0.39,0.555,0.314,-1.229,1.948,-0.243,-0.084,1.32,-0.033,-1.217,-0.531,0.282,0.412,-0.853,-0.283,-1.041,0.169,Butterfly,411,296,0.489
-1.167,-0.315,1.293,-2.076,0.563,-0.403,0.011,-1.93,0.331,1.969,0.467,0.83,0.005,-2.09,-0.915,2.296,0.815,1.462,0.795,-0.029,-0.498,0.689,0.03,0.147,0.357,0.488,-0.502,-1.637,-0.01,1.001,-1.482,0.902,-1.081,0.204,-0.002,0.641,-0.384,-0.575,-1.537,-1.205,1.598,0.596,-0.096,-0.152,-0.685,0.516,-0.431,-0.742,-2.628,-0.391,0.155,0.457,-1.404,2.691,0.698,-0.216,0.179,-1.418,0.967,0.147,Backstroke,1363,945,0.643
-0.758,0.452,-0.567,-1.12,0.28,0.506,0.534,-0.454,0.264,-0.981,0.552,-0.675,1.536,-0.322,1.116,-1.887,-0.193,1.447,0.866,-0.819,0.04,-1.022,0.941,-0.873,-0.562,1.71,-1.616,-0.642,-0.409,1.375,-0.011,-1.218,-1.19,-0.03,0.754,1.215,-0.863,1.289,-1.201,-0.224,0.145,0.546,1.152,-0.299,0.652,-1.891,0.143,1.081,1.388,-0.144,-1.26,-0.516,0.347,-2.677,0.512,0.361,-0.047,2.565,0.187,0.281,Breaststroke,1272,192,0.43
0.604,0.388,-1.18,1.161,-0.29,-1.508,0.902,-0.517,0.868,-1.575,0.474,-0.438,-1.459,-0.832,0.187,-1.89,0.133,0.13,0.981,-0.516,-0.346,-0.841,0.483,-1.457,-0.296,1.392,0.764,2.129,0.062,0.127,-0.499,-0.139,0.709,0.736,0.363,0.137,-0.87,-0.929,-0.296,1.243,-0.201,-0.04,-0.037,-0.47,-0.676,-0.087,0.063,-0.194,0.455,-1.635,-0.92,0.894,-0.683,-0.304,1.614,-1.118,1.919,0.771,0.708,-0.104,Front Crawl,1200,169,0.839
-2.27,-0.79,-0.236,0.833,-0.124,0.62,0.413,-0.527,-1.718,0.341,-0.299,-1.754,-1.141,1.096,-0.414,2.224,-1.42,2.078,0.135,-0.095,0.239,-1.485,-0.312,0.765,-0.778,-0.152,1.941,-0.831,-0.643,-0.181,-1.726,-1.914,0.091,-1.043,1.658,0.22,-0.205,-1.244,1.181,-0.71,-2.47,0.046,0.473,-0.274,1.344,-0.152,-0.687,-0.195,-1.428,-1.657,-0.074,1.366,1.223,-0.324,0.47,-1.644,-0.11,-1.181,-0.579,-0.449,Butterfly,383,820,0.862
1.508,1.174,0.138,-0.509,-0.817,1.476,-1.666,2.493,-0.676,0.058,-0.978,-1.097,0.233,0.489,0.446,-0.46,-1.421,-0.037,0.085,-0.297,0.011,1.356,-0.716,-0.563,-0.998,0.887,-0.835,-0.532,-0.455,-0.657,-0.4,0.826,1.991,0.456,-0.372,-0.053,0.786,0.715,1.105,-0.366,2.243,0.22,-0.178,-0.494,0.798,-0.702,-2.239,-0.878,-1.954,2.03,0.719,0.681,1.839,0.787,0.128,-0.397,0.027,-0.411,-0.232,0.363,Breaststroke,325,550,0.352
-0.53,1.466,-1.038,-0.444,-0.921,1.774,1.734,-1.314,-1.217,-0.173,1.42,-0.944,-0.566,-0.714,-0.975,0.146,0.608,0.686,-0.207,0.871,0.55,0.505,0.135,-0.644,-0.38,-1.166,0.075,-2.125,0.606,-0.841,1.375,-0.739,0.607,1.164,-0.006,0.282,1.963,-0.066,1.119,-1.788,-1.837,0.324,0.724,0.239,-1.046,0.709,1.505,-0.135,0.383,1.954,-0.456,0.519,-0.513,1.513,0.23,-0.637,0.712,-2.357,-0.744,1.051,Freestyle,891,930,0.684
-1.03,0.881,-0.844,-0.231,-1.482,-1.042,0.059,-0.67,-0.524,-0.823,-1.293,1.24,0.831,-0.613,0.912,0.976,-0.392,0.604,0.339,1.285,0.836,0.701,0.498,0.703,-0.414,1.129,0.323,-1.176,-1.815,0.185,-0.564,-0.709,0.045,0.676,0.311,-0.236,1.735,-1.254,-0.051,0.561,-0.841,0.502,0.366,-1.382,1.133,-0.165,-0.212,-1.821,1.55,-0.283,-0.566,-0.985,-0.669,0.822,-0.59,2.099,-0.118,-1.401,-2.006,1.181,Backstroke,1362,152,0.67
-0.327,0.548,-0.526,-1.425,-0.637,-1.435,-1.445,0.33,-1.539,-0.758,-0.201,0.973,-1.252,-0.008,-0.652,1.899,-0.195,-1.511,0.728,0.446,1.653,1.051,-0.044,0.916,-1.413,1.229,-2.067,1.39,0.801,-0.76,-1.609,-1.295,-1.117,1.193,-1.214,0.892,0.516,-0.827,0.057,-0.929,-0.695,-0.905,1.126,-1.799,0.999,0.011,0.77,-0.344,-0.381,0.014,1.399,0.267,2.15,-1.408,-1.144,0.671,-1.922,0.265,1.66,-1.214,Backstroke,503,720,0.632
0.916,0.35,-1.773,0.466,1.936,-0.029,0.937,0.802,-0.75,-0.057,-0.179,-1.026,-0.161,1.024,-1.403,0.483,0.66,-0.996,0.166,-1.013,1.468,0.583,0.175,-0.33,0.261,-0.593,-1.107,1.045,-1.777,-0.172,-0.338,-0.239,0.32,0.169,0.802,1.195,2.909,1.041,0.86,-0.02,-1.548,1.273,-0.572,0.157,-0.413,-1.018,-0.108,1.677,-0.323,0.665,-1.931,-0.405,-1.155,0.106,-0.164,-1.459,0.155,0.788,-0.84,-1.219,Breaststroke,823,924,0.607
-0.175,-1.898,0.578,0.527,-0.948,-0.169,-0.451,0.838,0.347,-2.413,0.155,0.425,-0.04,-1.135,-1.66,0.562,0.448,0.514,1.346,-0.646,-0.029,-0.327,-0.811,0.13,2.501,-1.336,-1.601,0.194,0.091,-0.96,-0.874,-0.115,0.986,-0.109,-0.225,1.417,1.578,-1.711,-2.551,1.27,-0.535,1.486,0.052,-1.306,-0.31,0.989,-0.997,0.778,-1.019,1.614,-0.137,-0.451,0.419,-0.234,0.731,0.553,1.643,0.457,0.706,-0.647,Backstroke,1090,613,0.429
0.329,0.338,2.592,-0.376,-1.85,-0.777,0.178,0.125,-1.744,-0.985,-1.11,1.139,-0.573,-1.895,0.68,-0.029,2.025,0.75,-0.474,0.901,0.03,-0.167,-0.199,-0.398,-0.885,-0.149,-1.49,-1.142,0.233,0.847,1.699,0.467,-0.915,-0.1,-1.362,-0.694,0.393,-0.467,1.895,0.593,1.159,0.453,0.227,0.261,-0.165,-0.278,0.52,0.443,-2.714,-2.308,-0.006,0.868,0.543,1.203,-0.21,-0.0,-0.428,-1.217,-0.442,0.43,Freestyle,1134,562,0.582
-0.738,-1.274,1.389,-1.984,0.505,-0.99,-1.364,-0.463,0.362,-1.287,0.758,0.664,-1.06,0.789,-0.727,-0.554,0.215,0.234,0.741,-1.613,-0.786,-0.837,0.697,0.361,-0.868,0.092,0.482,1.45,0.327,0.967,1.746,0.246,1.098,-1.649,-1.134,-1.111,-0.457,-2.21,0.036,-1.159,-0.799,-0.101,0.826,0.343,-0.783,-1.021,-2.888,2.095,-1.473,0.318,-1.711,-0.491,-0.21,-0.553,-0.036,0.442,-1.586,0.918,-1.511,-1.311,Breaststroke,1204,315,0.504
0.75,-0.668,-0.667,-0.209,0.891,0.087,0.437,1.325,0.697,-0.788,0.465,0.948,-1.425,-0.988,0.133,-1.088,-0.662,-0.997,-1.906,0.241,-1.369,-0.563,-1.421,0.324,0.128,-0.638,0.984,2.463,1.478,-1.737,0.96,0.406,0.098,-1.377,-0.351,-3.368,1.56,-0.398,-0.116,-0.593,-0.316,1.229,-0.553,-1.33,-1.221,0.072,0.576,-2.805,1.244,0.582,-1.851,1.096,-0.631,1.227,-1.035,0.234,-1.751,-1.089,1.645,-0.457,Front Crawl,608,825,0.499
-0.569,-2.691,0.109,0.972,1.657,-0.871,1.705,1.836,-0.055,-0.279,-0.351,1.132,0.136,0.17,0.64,-0.104,-0.824,1.145,1.736,-0.654,0.632,-0.119,0.267,0.183,0.977,1.215,0.383,0.194,1.3,-0.33,0.028,-0.023,0.187,-0.215,-1.207,0.673,1.197,0.334,-0.64,0.095,0.403,-0.063,-1.021,-0.373,1.205,2.018,2.189,0.226,-1.12,1.01,-0.707,-2.382,-0.774,-0.615,-0.037,-0.509,-0.904,-0.123,-0.298,0.577,Freestyle,1402,847,1.0
-1.328,0.891,-0.492,0.623,-0.239,-0.415,1.243,0.451,-0.814,0.531,0.705,0.202,-0.175,-0.596,-0.066,0.485,0.698,-0.645,0.607,0.27,-0.247,-0.168,1.219,-2.408,0.182,-0.004,-0.565,1.405,-1.002,-0.057,0.76,0.481,-0.785,0.491,-0.879,-0.964,-1.184,0.765,-0.799,-0.191,-0.523,-0.691,0.387,-0.408,-0.014,-0.431,1.749,-0.072,1.473,0.043,-0.302,1.51,-1.406,1.472,1.444,0.054,1.197,0.266,1.976,1.643,Front Crawl,301,1065,0.596
1.022,0.488,-0.182,-2.023,-1.224,-0.329,-1.403,0.374,1.071,-2.194,-0.027,-0.565,1.617,-0.03,0.631,0.103,1.873,1.6,-0.819,-0.91,0.277,-0.599,-0.549,2.645,0.226,0.274,0.098,0.413,1.058,-0.452,0.74,0.367,-0.559,1.049,-0.567,0.487,-1.853,-0.364,-0.201,0.479,-0.164,-1.077,-0.33,-1.628,0.399,0.331,-1.069,0.377,0.565,-0.491,-1.958,-0.59,1.891,0.03,-0.538,0.158,2.17,0.32,1.783,0.674,Freestyle,212,489,0.225
-0.815,-1.501,1.516,-0.916,2.526,1.176,0.613,2.501,-0.786,-0.394,0.784,-0.951,-0.247,0.139,-0.849,0.56,1.505,1.004,1.492,-0.797,0.593,-0.223,0.056,1.011,1.09,-1.491,-1.947,-0.302,-0.554,0.153,1.128,0.259,0.69,2.371,0.625,0.37,0.668,-0.351,1.572,-0.686,0.293,0.446,0.38,-0.491,-0.735,-0.406,-1.347,0.95,0.708,-0.363,0.623,-1.193,-0.303,0.269,-0.055,-0.555,0.735,2.785,-0.768,0.391,Front Crawl,105,164,0.432
-0.101,-0.071,-0.088,0.08,-2.052,1.914,-1.395,-1.377,0.973,-1.921,0.682,-1.142,-1.905,0.557,-0.423,0.034,0.033,1.227,0.811,0.959,1.543,0.915,0.804,0.009,0.106,-0.937,1.828,0.125,0.264,0.616,0.185,1.232,1.511,2.309,0.684,0.225,-1.07,0.968,0.895,1.755,0.302,-1.08,-0.28,1.362,0.148,-1.203,-0.422,2.17,0.314,-1.62,0.517,0.769,-0.814,1.332,-0.429,2.414,-0.436,-1.392,-0.854,-0.618,Butterfly,1874,198,0.317
-0.967,1.992,-0.157,1.893,-0.043,0.574,-0.211,-0.835,1.29,-0.301,0.876,-0.042,0.05,-1.431,-0.989,0.628,-0.196,0.458,-0.162,0.149,0.212,-2.057,0.519,-0.255,0.541,-2.05,0.019,-0.635,-0.183,-0.217,-0.826,-0.015,-0.761,-1.774,0.264,0.087,-0.241,1.32,-0.437,-0.016,-0.26,-0.877,-0.021,-0.527,-0.765,0.482,0.861,-0.573,0.514,-0.339,-2.018,1.261,-0.229,0.152,0.628,-0.382,-0.783,1.066,0.653,0.668,Front Crawl,1350,1077,0.783
0.515,-0.398,-1.083,0.395,1.07,0.927,0.278,-0.785,-2.359,0.803,0.446,-0.131,-0.552,-0.816,0.846,1.348,-0.443,-0.049,0.561,0.607,1.484,0.242,1.141,-0.479,-0.749,-1.695,-1.688,-0.352,0.849,-0.704,0.602,-1.234,0.242,0.253,-1.235,0.294,-0.16,-1.094,-1.471,0.331,0.896,0.293,0.373,2.052,-1.92,0.552,-1.156,0.908,-0.944,-0.362,0.66,1.459,0.434,-0.444,-0.11,0.35,-0.309,0.02,-0.409,0.014,Freestyle,577,955,0.334
-1.448,0.24,0.3,0.555,0.325,1.181,-0.167,-1.497,-0.119,0.279,0.026,1.55,-1.385,1.732,-2.334,-0.03,0.949,-0.068,0.19,-1.919,0.143,-0.387,-1.017,-1.097,0.297,0.09,-0.302,1.327,1.204,0.381,0.188,0.295,-2.131,-0.726,-0.537,-0.033,-0.321,-0.903,0.673,0.994,-0.731,-0.205,0.068,-0.971,-2.436,0.568,-1.57,0.256,-0.676,-0.763,-0.331,0.694,1.226,-0.46,0.151,0.79,0.744,2.39,0.668,2.324,Front Crawl,1538,733,0.345
1.933,-1.227,0.325,0.337,0.134,-0.661,-0.33,-1.421,-2.132,1.901,-2.467,0.475,1.471,0.259,-0.519,-1.054,-0.212,0.622,-1.997,-2.33,1.216,0.218,-2.105,-1.559,-1.043,-0.704,0.099,0.727,-0.688,-0.392,1.094,0.348,0.384,0.954,0.567,1.034,0.092,2.158,1.483,-0.431,-0.227,-1.125,-1.046,0.69,2.115,-0.942,1.53,1.021,-0.046,0.426,0.816,-0.47,1.516,-0.802,-0.727,-1.89,-0.926,-0.53,0.37,-0.051,Breaststroke,1135,424,0.596
2.195,0.154,-1.051,-0.054,0.432,-0.772,-0.741,1.474,-1.803,2.321,-0.694,-1.669,0.289,-2.599,0.893,0.531,-1.214,-1.219,1.063,1.244,-0.242,-1.024,-1.874,1.537,-0.464,-1.875,1.755,-0.975,-0.052,0.359,-2.606,-0.696,-0.97,0.774,-2.121,1.561,-1.254,-1.007,-0.95,-1.475,-2.604,0.586,2.281,-0.955,-0.664,-0.898,-0.184,-0.067,-0.489,-0.425,-0.525,-1.91,-0.812,-1.406,0.069,1.418,-0.921,1.658,-0.389,1.293,Butterfly,366,898,0.228
-0.482,-0.252,-1.031,-0.724,0.158,0.313,-0.414,1.709,-0.154,-1.428,1.097,1.184,-0.165,-0.116,-0.82,-1.382,1.346,0.418,0.995,0.859,1.202,0.041,-1.364,-0.331,-0.81,-2.104,0.99,-0.699,-0.263,1.763,-0.005,-1.827,0.878,0.537,-1.103,-0.37,0.896,0.289,-0.851,0.622,0.728,1.047,-0.963,0.945,1.069,-0.358,-0.875,-0.119,1.277,-0.558,1.475,1.227,-1.226,0.197,0.286,-0.319,-1.337,0.753,0.207,0.022,Front Crawl,1092,856,0.754
-0.486,0.071,-0.568,0.47,-0.838,-0.548,1.43,-1.144,-2.661,-1.653,0.85,0.994,-0.028,0.671,0.147,0.059,-0.336,0.627,0.907,0.24,-0.795,-0.209,0.89,-1.406,-1.046,-0.625,-0.098,0.137,1.153,1.495,-0.605,0.892,0.025,0.623,0.947,-0.109,0.605,-0.644,1.298,1.094,-0.443,0.669,-1.7,-0.064,-1.341,0.807,-2.229,0.908,1.291,-0.71,-1.091,1.238,0.719,0.273,1.967,0.415,0.128,-0.026,-0.941,0.583,Freestyle,796,690,0.47
-0.704,1.796,0.458,-0.938,0.814,-0.493,-0.804,-1.572,0.167,0.236,0.65,0.181,0.957,0.639,-0.425,2.392,0.385,1.099,-0.007,0.237,-0.015,0.315,1.597,-0.299,0.887,-2.664,-1.117,-1.326,0.332,-0.699,-0.822,0.834,-0.778,0.379,-0.196,3.271,-1.636,0.866,0.976,-1.74,1.654,2.189,0.818,-0.798,-1.151,2.367,0.443,0.032,0.688,-0.129,-0.599,-0.915,0.853,1.043,-0.696,0.858,0.256,-0.737,0.759,0.608,Backstroke,123,512,0.4
1.191,-0.587,1.91,-0.008,-2.462,-0.262,-0.693,1.294,0.169,-1.501,0.562,1.407,-0.306,0.915,0.928,-0.131,0.488,-0.714,-1.006,-0.97,0.891,0.985,-1.905,0.131,-0.807,0.032,0.444,-0.79,-0.908,0.33,1.004,0.182,-0.168,-2.167,-0.314,-0.646,0.489,0.839,-2.798,-0.125,-0.821,0.351,-0.325,-0.959,-0.079,-0.201,0.816,1.326,-0.644,-0.974,0.763,-0.389,1.228,2.8,0.163,-1.038,-0.465,-0.901,-0.243,-0.424,Freestyle,801,105,0.556
-1.426,1.763,0.705,-0.49,-0.525,0.71,0.823,1.861,0.033,-0.753,0.588,-1.064,0.791,-0.73,0.461,-0.002,-0.476,1.608,0.522,0.156,0.416,-0.109,0.929,-1.529,-0.92,1.305,0.392,0.585,2.256,-0.113,-0.947,1.35,-0.705,-0.219,-0.178,0.95,0.642,-0.748,-0.286,-1.089,-0.399,0.256,-0.729,-0.976,-0.169,-0.086,0.019,0.134,0.045,-0.01,-1.478,0.633,0.048,-0.372,-0.818,-0.767,-0.242,0.082,-0.582,1.112,Backstroke,718,1026,0.62
1.236,-0.057,1.815,0.735,-0.424,0.958,0.646,-0.314,-0.163,0.05,-0.397,-0.697,-0.118,-0.768,-0.23,-1.107,-2.035,1.126,-0.397,1.153,-0.877,1.006,0.111,0.634,0.192,-1.18,0.214,-0.185,-1.137,1.739,-0.563,-1.247,-1.406,-0.79,-0.265,-1.416,0.618,0.236,-1.001,0.919,-2.881,1.001,-0.1,-0.472,0.005,0.267,-1.27,0.441,-0.326,-1.255,0.272,-0.572,0.333,0.817,1.524,-0.253,-0.447,-0.934,1.339,1.183,Front Crawl,1164,939,0.803
0.955,0.508,-0.707,1.238,0.255,0.063,0.417,-0.221,-0.056,0.764,0.502,0.758,0.001,-0.444,-1.117,1.058,-1.092,-0.679,-0.675,-0.13,-0.639,-1.183,-0.84,0.229,-0.79,0.831,-1.555,-2.168,-0.636,0.63,-0.132,-0.986,-0.72,-1.058,-1.365,0.458,0.055,-0.346,-0.921,0.18,0.951,0.428,-0.26,0.095,1.523,-1.189,0.07,1.705,-0.857,-0.006,-1.008,0.675,-0.155,-0.664,0.995,0.797,-1.309,0.537,-1.886,-0.955,Freestyle,1761,516,0.463
0.659,0.448,1.298,0.02,-1.344,-0.75,0.448,-0.53,-0.82,-0.395,-0.726,-1.169,1.175,-0.294,-0.415,1.888,-1.81,0.019,0.498,0.785,0.136,-1.237,1.136,0.493,-0.356,-0.301,1.185,-1.353,-0.054,-0.962,-1.984,0.934,-0.029,1.113,0.451,-0.138,0.342,1.868,-1.133,-0.476,-0.078,-0.442,-0.617,1.641,-1.734,1.356,1.884,-0.889,0.652,-2.666,1.172,0.79,0.792,0.34,-1.012,1.186,-0.942,-1.034,0.293,-1.322,Front Crawl,847,850,0.813
0.883,0.447,0.504,-1.177,-2.274,-0.81,1.416,0.875,0.152,0.396,-0.658,0.227,0.889,0.454,-2.818,-0.954,-0.649,-0.121,0.446,-0.954,0.678,-0.699,-0.37,0.376,-0.039,-0.343,-0.503,-0.657,-1.567,0.728,-2.199,0.749,-0.532,0.589,1.292,0.299,0.08,-0.693,-1.454,0.058,1.38,-1.719,1.452,1.471,2.089,-1.279,1.974,1.399,1.158,1.08,-0.619,-0.024,0.779,-0.659,0.549,0.92,1.329,1.159,0.178,1.081,Breaststroke,453,367,0.461
0.482,-0.311,2.756,0.453,-0.793,1.154,0.566,-0.907,1.501,0.027,1.051,0.694,0.954,0.552,1.329,-1.731,0.353,0.746,-0.509,-1.519,-0.022,-1.397,-2.57,1.382,0.722,-0.5,-0.775,1.291,-0.503,0.33,-0.133,0.856,-0.356,0.597,0.501,0.209,-0.271,-1.808,-1.222,-1.081,0.187,0.489,-0.079,0.093,1.396,1.203,-0.471,0.676,-0.037,-0.134,1.373,0.365,-0.0,-0.386,-1.301,0.679,0.27,0.862,-0.042,1.406,Breaststroke,641,603,0.409
0.193,0.432,-0.709,-0.184,-0.908,1.918,-0.651,-0.065,-0.265,0.451,-1.178,-0.394,1.762,1.22,0.49,-2.278,0.334,-1.024,2.019,1.155,0.015,-1.353,-0.045,0.492,0.606,-0.41,0.423,0.434,1.099,-1.668,0.046,1.177,-0.532,-0.376,-1.274,-0.579,1.644,0.001,-0.21,-0.264,-2.099,0.747,0.597,-0.854,0.011,-0.301,0.662,-0.944,1.076,0.868,-0.379,-0.655,-0.934,-1.045,0.206,0.098,-0.3,-1.098,-0.41,0.121,Breaststroke,1574,205,0.534
0.518,1.647,-0.135,-0.367,0.642,0.618,1.78,-2.935,0.732,-0.558,0.52,-0.119,-0.205,1.05,-1.108,0.455,-0.961,-0.186,1.17,2.485,0.056,-0.226,-0.264,-1.124,0.714,0.427,0.024,-1.699,-0.047,0.014,-0.3,-0.111,-1.8,0.708,-0.591,-0.125,-0.734,-0.742,1.387,0.708,-0.472,1.008,-0.405,-0.642,0.14,0.332,-0.8,1.083,0.304,0.865,0.453,-0.142,0.827,-0.869,0.458,1.768,1.543,-0.765,0.766,-0.265,Butterfly,1522,871,0.677
1.036,-0.848,0.296,1.038,-1.2,1.025,1.197,-2.849,-0.284,1.216,-0.085,2.169,0.54,0.15,0.179,1.889,-0.711,0.021,1.834,-0.349,1.148,1.993,0.254,0.787,2.064,1.138,-0.004,-0.072,-0.458,-0.087,-0.368,-0.579,0.078,0.158,-0.421,-0.925,0.326,0.074,1.102,-0.675,0.445,0.908,-0.961,0.732,0.44,0.265,0.083,0.587,-1.818,0.352,-0.021,-0.702,-0.463,2.531,0.442,-0.831,1.941,-0.103,0.541,-1.429,Butterfly,1727,393,0.598
0.568,-0.222,-0.912,-0.404,-0.627,0.643,0.236,-0.964,-1.741,2.002,0.849,-0.72,0.208,1.272,-1.042,2.736,-0.611,0.878,0.663,-0.421,0.643,-0.393,-0.571,0.711,0.091,0.289,2.26,0.269,0.819,0.578,2.593,0.735,-0.575,1.053,0.085,-0.746,2.892,-1.828,-1.458,-0.647,0.371,-0.39,0.739,-0.309,0.265,0.14,0.417,-0.815,-2.093,-0.688,0.174,0.546,1.947,-0.652,0.247,0.894,-2.357,0.628,-0.218,0.263,Backstroke,1027,796,0.214
1.117,1.374,-0.92,0.027,-1.181,-2.4,-0.021,-0.259,-0.332,-1.409,0.092,-0.697,-0.26,-0.567,-0.243,-1.642,0.46,0.31,0.314,-1.994,0.456,-0.069,0.376,1.349,-1.188,-0.234,0.127,2.006,0.523,1.284,-1.032,1.654,0.468,-0.343,-0.331,-2.398,-0.194,-0.366,-0.405,-0.99,-1.369,-0.181,-0.257,1.005,1.187,0.616,-0.82,0.62,1.06,0.468,-0.391,-1.375,0.622,-0.307,0.168,0.236,1.261,-0.398,1.3,-0.318,Backstroke,1839,1044,0.342
0.41,0.243,-0.162,-0.561,2.011,-1.274,0.12,0.421,0.14,0.519,-0.589,0.136,-0.934,0.923,1.42,-1.464,0.565,0.45,0.571,-2.655,-0.04,0.021,-0.058,-1.502,-0.924,-0.062,-1.336,0.822,-0.642,-0.645,0.761,-0.261,-1.965,0.529,2.055,-0.338,0.374,1.608,-0.313,-2.078,0.095,0.591,0.403,0.457,-1.034,0.69,-0.579,0.055,0.944,1.27,0.73,-0.548,-0.92,-0.791,2.336,-0.442,1.449,-0.007,0.733,0.248,Front Crawl,811,105,0.538
-0.156,0.09,-0.256,-0.254,1.091,-0.895,-0.461,-0.349,-0.303,1.365,-0.338,0.081,0.66,0.777,-1.358,-0.063,-0.019,-0.801,1.741,-2.65,0.604,2.639,2.798,0.315,-0.168,-0.186,-0.442,1.218,-1.027,-0.558,-1.073,0.644,-0.768,0.807,-0.508,1.512,-0.488,-0.748,0.075,-0.796,0.403,0.818,-2.594,0.296,-0.493,1.551,0.506,-1.737,-0.073,0.077,1.019,-0.58,-1.247,-0.577,0.392,-0.412,0.941,-1.452,-0.334,0.714,Butterfly,1375,310,0.42
-0.888,1.652,0.307,-0.286,-1.216,-0.976,-0.484,0.529,1.098,-0.16,-0.193,-0.22,0.748,-0.632,0.133,-1.672,0.257,-0.146,-1.088,-1.549,0.316,0.724,-0.319,-0.932,-1.028,-0.406,-0.014,-1.529,1.909,-0.442,-0.255,0.298,0.583,-1.079,-0.539,1.393,1.053,-0.99,-1.353,-1.591,-0.849,-2.142,1.981,0.453,0.395,0.739,1.631,-0.396,0.546,1.219,-0.555,-1.341,0.964,-1.212,-1.113,1.008,1.651,0.11,0.524,1.772,Freestyle,799,912,0.417
-0.276,-0.146,-1.605,1.468,0.802,-2.099,0.202,-1.821,-0.653,0.29,0.761,-0.78,-1.366,-0.104,-0.42,1.865,0.266,2.252,0.871,0.187,0.575,0.901,-0.93,0.335,0.504,-0.585,0.469,0.621,-0.495,-1.494,-0.876,1.485,0.142,-0.317,-0.735,0.662,-1.464,-0.279,-2.583,1.424,-1.361,1.882,0.24,1.196,0.606,0.735,-0.994,1.875,-0.114,0.762,0.178,-0.969,0.939,-0.225,-0.123,0.405,-1.543,1.771,0.013,-1.361,Butterfly,1458,1078,0.521
-1.346,0.57,-0.333,-1.277,-1.302,-0.417,-0.632,0.924,0.451,-0.979,0.343,0.312,-0.928,-0.409,-0.033,0.064,0.858,0.899,0.607,0.898,-1.193,-0.212,-0.482,0.16,0.416,-1.705,1.141,-0.633,-0.556,0.606,-1.035,-1.659,-0.417,0.094,-0.421,0.183,1.17,-1.006,0.547,0.888,-0.856,0.009,-0.295,-2.81,-1.431,-2.187,-0.934,0.831,1.186,0.569,0.029,0.017,0.732,-0.412,-0.035,-1.14,-1.633,0.231,-1.004,-0.329,Front Crawl,718,558,0.496
-0.486,-0.758,-0.564,-0.385,0.937,-0.518,-0.207,-0.87,-0.033,1.012,-1.291,-0.859,0.916,-1.686,1.387,-1.743,-0.517,-0.619,0.149,-0.162,-0.237,0.105,0.552,0.937,1.215,-0.495,0.517,0.304,-0.258,-0.331,-0.668,-0.252,-0.414,-2.044,0.033,-0.284,-0.478,-1.48,-0.616,-0.249,0.544,0.209,0.087,-1.72,-1.331,0.082,-1.034,-0.693,-1.948,-0.026,1.838,0.773,0.155,-0.966,-0.623,0.292,-1.437,-0.939,0.014,0.556,Breaststroke,1020,668,0.528
1.016,-2.053,0.062,0.324,-1.365,1.788,1.18,1.536,-0.228,0.963,-0.808,1.585,-0.088,1.592,-1.422,-0.856,0.179,1.114,0.849,-1.313,-0.419,1.162,-0.4,-0.538,0.116,-0.74,-1.009,0.193,0.169,0.077,-0.169,-1.563,0.404,-0.349,1.415,0.993,-0.503,-1.741,-0.757,-0.749,0.885,-0.334,-0.278,1.189,-0.101,-1.523,0.017,-0.263,0.858,-1.194,-1.555,0.287,-0.367,-0.64,-0.087,-1.082,-0.013,1.05,-1.671,-2.506,Backstroke,390,224,0.523
-0.905,0.792,-0.063,1.359,-0.582,1.32,1.295,0.555,-0.454,-1.244,1.884,0.491,1.55,0.337,0.637,-0.981,3.222,-0.653,0.109,0.075,1.187,-1.456,0.487,0.433,-0.449,0.74,-0.191,-0.01,0.901,0.669,-1.22,0.531,0.111,-0.691,1.021,1.651,-1.308,-1.181,0.221,1.021,-0.018,-0.744,0.064,1.273,0.478,1.779,1.046,1.29,-0.831,-1.062,0.726,0.263,-1.057,-0.362,0.178,-2.462,0.487,1.1,0.814,0.373,Front Crawl,1466,499,0.591
1.054,-0.581,0.053,-0.005,-0.203,0.65,1.803,0.7,-0.174,-0.363,0.395,-1.838,-0.203,0.132,1.267,-0.868,0.979,0.31,-0.739,1.809,0.097,-0.267,1.01,-0.244,0.057,-0.829,0.156,0.407,-0.386,-0.075,1.052,0.261,0.742,-1.17,-0.433,-1.226,0.495,0.402,0.194,2.247,-0.185,-2.204,-0.816,0.37,1.055,-0.173,-0.723,1.136,-0.669,0.35,-0.719,0.916,-1.033,-0.031,-1.817,-0.059,-1.275,-1.592,0.479,-1.781,Freestyle,1365,685,0.895
-1.536,0.567,2.374,-0.122,-2.322,0.07,0.916,-1.269,0.446,0.187,0.979,0.167,-0.541,-0.792,-1.582,-0.533,0.384,-1.229,-0.954,0.026,-1.206,-0.002,-0.647,-0.588,0.029,2.541,0.045,0.463,0.881,-0.232,-0.994,-1.375,-1.369,-0.218,0.686,0.002,1.883,1.222,0.429,-0.091,0.43,-1.401,-0.076,0.052,-1.377,-1.07,-1.477,-0.113,0.051,-1.659,-0.788,-1.058,-1.469,1.497,1.214,0.03,0.688,0.926,-1.01,0.113,Butterfly,544,156,0.497
1.87,1.917,0.093,-0.111,0.68,0.777,2.717,-0.493,-0.004,1.257,0.399,1.083,0.085,0.104,2.175,0.128,0.301,-1.346,2.181,-0.074,-1.057,0.091,-0.196,-0.202,1.077,-0.751,0.084,-0.986,-0.557,-2.688,-1.602,0.493,-1.761,-0.483,-1.57,-1.068,1.06,1.306,-1.509,-0.54,-0.262,-0.344,0.184,0.29,0.562,-0.818,-0.14,-1.306,-0.798,0.24,0.013,-0.629,-0.284,1.482,-2.053,-1.078,1.551,-0.639,1.742,-0.81,Freestyle,1796,629,0.361
-0.031,-1.202,0.965,-0.098,-0.555,-0.523,0.329,-1.06,0.196,-1.659,1.366,0.162,-0.096,0.407,0.238,0.004,2.312,-1.311,0.445,-0.71,0.83,0.063,-2.323,0.254,-1.501,-0.029,-1.046,0.358,0.652,0.474,2.019,-0.711,0.977,0.085,0.179,-1.008,-0.234,2.214,-1.402,-0.78,0.376,-0.423,0.585,-0.808,2.019,-1.85,-2.232,0.848,-0.606,0.437,-1.327,0.589,0.317,1.484,1.748,0.466,-0.405,0.021,0.307,0.355,Breaststroke,734,253,0.783
0.247,-1.472,1.05,-0.818,-1.392,0.716,0.061,-1.648,0.116,0.769,-0.189,-1.347,-0.94,-1.116,-0.382,0.063,0.404,1.124,0.912,-0.782,0.081,2.286,-0.406,-0.209,-0.834,-1.067,0.265,0.897,0.1,0.201,0.243,0.758,-0.427,1.394,-0.626,0.98,-0.162,-1.1,-0.668,1.061,-1.307,-0.45,0.639,0.047,0.554,0.399,-0.703,-0.337,-1.161,-0.549,0.463,0.527,-0.332,1.305,1.556,0.572,-1.12,-0.532,-0.315,1.526,Breaststroke,930,139,0.505
0.695,0.283,0.211,-0.138,0.489,-0.814,0.068,-1.681,0.163,0.583,-0.704,0.681,-1.073,0.244,1.708,-0.624,1.757,0.494,0.338,-1.293,1.545,0.394,0.711,2.189,-1.232,-2.397,-0.275,-0.651,0.21,2.108,0.438,0.454,-0.515,-1.149,0.675,0.812,-0.639,-0.08,1.138,-0.163,-0.843,-1.936,1.491,-0.728,-0.603,-0.297,-0.512,-0.494,-0.171,-0.307,0.326,-0.601,-0.099,-0.81,-0.527,0.741,0.546,2.509,0.88,-0.966,Freestyle,1221,949,0.547
-0.813,-0.307,0.176,1.773,-1.339,0.085,-0.373,1.446,1.038,1.266,1.528,-0.933,-0.704,0.18,1.024,-1.434,-0.474,-0.798,1.454,0.207,2.571,-0.957,0.653,-1.427,-0.115,-1.09,0.535,-0.14,-0.547,-1.961,-1.991,-2.135,-1.449,-1.568,0.045,0.629,0.277,-1.225,-0.641,-0.581,-0.515,-0.748,-0.705,1.337,-0.086,-1.014,1.125,-0.686,0.264,0.116,-0.265,0.709,1.006,-1.099,-0.346,-1.041,-0.292,-0.566,-1.349,-0.514,Freestyle,1280,265,0.579
-0.415,-0.825,-0.942,1.741,-1.076,2.446,-0.452,0.044,1.206,1.341,-1.348,1.486,-1.183,0.239,0.392,1.808,-0.23,-1.471,2.059,0.296,-1.039,0.903,1.071,1.177,-0.89,-1.701,-0.115,-0.593,1.258,-0.331,-0.088,-1.444,-0.471,3.157,-0.356,-0.991,0.283,0.401,-0.338,2.651,2.456,-1.158,-0.61,-2.602,0.671,0.301,0.745,-1.492,-0.659,-0.848,-0.302,0.989,1.219,-0.741,1.298,-1.167,0.272,-0.893,1.666,-0.558,Backstroke,189,104,0.496
-0.211,0.837,1.175,0.841,1.41,1.792,-0.03,-0.351,-1.227,-0.291,-0.279,-1.478,-0.098,0.583,0.433,0.645,2.512,-0.201,1.47,0.124,-0.546,-0.967,0.085,0.197,-0.879,-0.425,0.733,0.784,1.544,-0.677,-0.315,-0.443,1.695,0.031,-0.027,-0.444,2.168,-0.174,0.805,-0.144,0.57,-0.512,-0.153,-0.698,1.069,0.226,0.226,-0.375,1.788,1.571,1.039,-0.976,0.691,-0.119,-0.182,-0.597,0.171,0.197,-1.408,-1.69,Breaststroke,389,328,1.0
1.458,0.303,-0.476,0.226,0.829,-2.309,1.15,-0.437,-1.692,1.226,0.235,1.363,0.963,-0.962,-0.133,0.341,-0.009,-0.245,-0.077,2.128,1.288,-0.425,1.488,1.283,0.375,-0.296,1.705,-0.424,2.544,-0.008,0.561,-0.166,-0.046,0.679,-1.153,0.385,-0.162,-1.205,-0.362,0.733,1.577,-0.358,0.499,-0.621,1.962,-1.008,0.05,-0.634,1.426,0.002,-0.714,0.27,0.932,1.62,-0.04,1.776,0.54,-0.638,-0.724,-0.522,Butterfly,935,118,0.669
-0.751,-0.351,-1.353,-0.1,1.781,-0.415,-1.504,-0.134,0.752,0.037,0.306,0.527,-0.929,-0.841,-1.978,0.786,0.945,-1.236,0.218,1.213,1.521,-0.757,1.59,1.908,-0.887,0.878,1.399,-0.896,-0.323,1.078,0.017,-0.632,-1.431,0.796,0.22,0.227,-0.737,-0.848,-0.508,-0.819,-2.489,0.557,-0.136,0.416,-0.01,1.253,1.415,-1.049,2.035,1.887,-0.633,-2.007,0.672,0.325,0.157,0.452,1.178,0.369,1.168,0.735,Backstroke,675,224,0.606
1.327,0.606,0.068,-1.044,-0.516,-0.832,1.438,-1.36,-0.353,-0.5,1.529,-0.119,0.575,1.209,-1.236,0.433,0.757,-0.198,-1.732,-2.429,-1.569,-0.923,-0.981,-1.791,2.024,-0.951,1.171,0.93,-1.313,-1.16,-0.371,0.817,-0.194,-0.486,1.087,1.004,-0.681,0.201,-0.92,-1.353,-0.273,-0.387,-0.158,-0.482,0.514,0.127,-1.365,-0.813,-1.294,-0.975,-0.824,0.716,0.704,-0.528,1.607,-0.191,-1.856,-0.649,-1.248,-1.325,Front Crawl,683,222,0.369
-1.57,-1.769,0.714,-1.495,-1.094,1.704,0.109,1.432,0.881,-0.578,-0.971,-0.866,-0.86,0.258,0.273,-0.973,0.417,0.043,1.1,-0.455,-0.403,-0.822,-0.658,-2.404,1.165,0.387,-0.176,2.031,0.24,1.54,0.611,0.795,1.581,2.299,-0.156,0.157,-0.208,0.102,0.14,0.43,-1.757,-1.119,0.493,-0.827,1.909,-1.578,-0.577,-0.206,-0.596,0.69,0.51,-1.533,1.321,-0.883,1.612,0.476,-1.416,-0.838,-0.991,-0.299,Butterfly,913,417,0.65
0.683,0.786,-1.565,-0.77,-0.207,-0.835,-1.193,1.212,-2.149,0.954,-0.542,-0.364,0.315,-0.368,-0.11,0.357,0.744,-0.395,-0.176,-1.601,-0.488,1.245,-1.179,-0.447,0.902,0.421,0.309,1.66,0.813,-1.651,1.259,-0.719,0.187,-0.555,0.444,0.101,0.316,0.098,0.566,2.203,0.289,-0.965,0.444,0.767,-1.128,-1.781,0.982,-1.589,-0.056,0.227,-1.638,0.168,1.104,0.242,0.141,0.168,0.077,-0.927,1.32,0.367,Front Crawl,740,776,0.506
-0.649,0.096,-0.524,1.264,-0.605,1.152,0.095,-0.263,-0.321,1.643,-1.256,0.603,-0.713,-1.299,0.001,1.108,-0.507,0.342,-0.083,-1.638,-0.919,-1.871,-1.166,-1.045,-0.79,-1.021,0.864,-2.073,-0.514,-0.302,0.197,0.899,-1.343,1.289,-1.37,0.108,1.818,-1.553,-2.505,1.338,1.881,-0.137,-0.36,0.713,-0.307,-1.183,0.484,0.352,-1.938,1.335,-0.529,-1.037,1.084,-0.99,-0.149,-0.654,0.759,-1.036,0.835,-1.385,Front Crawl,856,153,0.456
-0.027,-1.094,1.451,-0.621,-0.5,0.159,-0.144,-2.251,0.237,-0.521,-0.495,0.256,0.198,0.229,1.673,1.206,-1.418,0.876,0.675,0.449,0.021,-0.452,0.653,-0.789,1.383,-1.4,0.329,0.45,-0.373,-0.553,-0.001,-2.604,-0.414,1.185,-1.004,0.87,1.915,-2.496,0.804,0.722,1.342,-1.226,0.915,0.905,-0.12,-0.862,-0.742,0.513,0.419,0.301,-1.197,-0.957,-1.349,-0.291,-1.13,0.312,1.946,0.665,-0.943,1.123,Breaststroke,927,452,0.291
-0.527,-0.113,0.42,0.486,-0.011,0.526,2.295,0.941,2.208,0.775,0.437,-1.63,-1.761,0.089,0.545,-1.014,-2.429,-1.768,-0.1,-1.13,-1.08,-0.331,-0.231,0.007,-1.154,-0.948,0.856,0.413,-0.254,-1.137,0.402,0.972,0.3,0.226,-0.112,1.846,-0.925,-0.994,0.735,-0.46,-1.572,-1.714,-0.843,0.213,-0.547,1.028,1.323,-0.886,-1.3,-0.246,0.862,-0.723,-0.472,1.864,1.5,-0.436,-0.821,-0.581,-2.209,-0.17,Butterfly,136,852,0.563
0.74,0.504,0.474,-1.48,1.056,1.0,-0.058,-0.144,-2.504,-1.294,-0.322,-2.228,2.283,1.188,-0.234,-0.668,1.243,0.555,0.753,1.439,1.858,0.896,-0.852,-1.294,1.249,0.298,-0.031,0.746,0.591,-0.576,-0.514,-0.455,0.317,0.759,1.348,-0.026,-0.827,0.379,0.538,-2.141,0.354,1.227,-0.059,1.031,1.873,-0.07,0.29,-1.17,0.289,-1.329,0.557,-0.432,-0.183,-1.81,-1.959,0.763,-0.236,0.669,-0.117,1.483,Backstroke,1249,1077,0.546
1.569,0.135,-0.031,0.058,0.797,-0.285,-0.399,0.505,0.32,1.897,0.463,0.217,-0.482,0.76,1.091,-0.313,-0.638,-1.336,-0.357,0.331,0.924,0.271,-0.471,2.139,0.716,0.512,0.298,-1.17,0.831,-0.642,0.778,0.41,0.779,0.504,0.743,-0.666,0.522,-1.902,-0.513,-0.097,0.425,-0.136,-0.789,-0.768,1.237,-1.402,-0.468,-0.945,-0.753,-0.573,-0.188,-0.903,-0.039,-0.342,-1.099,-0.76,0.95,0.333,-0.387,-0.678,Butterfly,741,890,0.341
-0.254,-1.192,0.1,0.391,-0.585,-0.199,-0.343,0.391,-1.335,0.118,-0.617,1.37,0.541,-0.338,-0.724,0.839,0.891,0.948,0.092,-0.088,1.362,-1.467,0.551,0.462,-0.263,0.378,0.852,1.192,0.366,0.348,-1.884,0.013,-1.801,0.098,0.957,-0.517,-0.994,-1.083,-0.978,0.517,0.531,-0.572,-0.186,-0.297,-1.077,-0.115,-0.077,-1.305,-1.218,-0.156,0.297,1.757,-0.097,1.148,0.011,0.478,1.24,-0.36,0.73,-1.276,Backstroke,1358,949,0.542
1.164,-1.126,-1.279,0.284,-1.489,-1.865,0.695,-0.225,0.557,0.059,2.069,-1.481,1.84,-0.37,2.538,-0.398,-1.029,-0.801,-0.066,0.467,0.883,0.228,-0.477,2.154,0.807,0.584,-1.648,-0.733,-0.744,-0.865,1.112,0.713,-1.311,0.364,-0.166,-0.906,-0.786,-1.568,-0.934,-0.011,0.099,1.031,-1.37,0.874,1.25,0.117,-0.951,0.903,0.266,1.789,-0.833,0.349,-0.015,0.631,0.898,1.183,0.985,0.072,-0.879,1.854,Freestyle,1110,1028,0.195
-1.053,0.581,0.024,0.084,1.283,-1.634,0.005,0.672,-0.137,-0.924,0.483,-0.799,0.78,-0.993,0.287,0.473,-1.456,-1.094,1.194,-1.603,0.268,0.33,-0.387,-1.813,-0.523,-0.422,0.797,0.673,-0.38,-0.963,-0.804,-1.456,1.97,0.433,-0.899,-0.364,1.146,0.071,-1.351,-0.936,-0.471,0.425,-0.135,1.23,-0.721,1.401,0.112,1.682,-0.175,-0.311,0.368,-0.825,-0.546,0.748,-0.401,1.356,-2.577,0.255,-0.394,-0.135,Backstroke,191,783,0.528
-0.3,0.661,0.344,-2.105,-1.381,0.165,-2.418,3.112,-1.379,-1.796,0.976,0.086,0.912,0.798,-0.302,0.414,0.063,-0.828,-1.124,0.131,1.968,1.525,0.854,-0.456,0.233,-1.069,0.098,1.507,0.065,-1.199,0.542,-0.248,0.547,0.79,-0.207,-0.309,0.126,0.531,0.066,-0.455,-0.142,-1.166,-0.258,-0.084,-0.728,1.832,-1.434,-0.994,0.867,0.904,-0.069,-1.722,0.324,1.159,-0.532,-0.05,0.649,0.301,-0.745,-0.362,Front Crawl,136,1032,0.213
0.269,1.133,1.479,-1.169,-0.991,-0.31,-1.102,-0.271,-0.369,-0.505,0.292,0.59,0.028,1.212,-1.289,-0.176,0.961,-1.82,-0.331,0.3,-0.188,0.62,0.852,-1.469,-0.762,0.009,-0.262,-1.391,0.747,0.236,-0.972,-0.907,-0.457,-0.842,1.405,0.148,-0.178,0.687,0.321,-0.976,-0.064,0.628,0.748,-0.74,0.597,0.007,1.434,0.189,1.106,-0.021,0.099,0.395,-0.096,0.47,-0.226,0.22,-0.629,2.463,1.372,-0.73,Backstroke,496,1039,0.615
0.099,-0.763,2.208,0.505,-0.567,-1.307,-1.046,-2.186,-2.226,-0.573,-0.314,-0.34,0.05,-0.268,0.916,-0.358,1.622,0.891,1.112,0.03,-0.329,0.683,-0.601,1.603,-1.281,-0.634,-0.827,-1.913,-0.594,0.166,2.017,1.361,1.09,-0.14,-1.735,1.591,-0.633,-0.676,0.496,-0.574,0.425,-0.013,1.092,1.084,-1.371,2.565,-1.742,0.521,-0.284,-0.663,1.547,0.922,-2.093,-0.628,-0.166,0.768,0.494,0.424,-0.298,-0.234,Butterfly,1775,256,0.416
1.458,1.191,0.285,0.098,0.293,0.258,0.713,-0.449,0.118,-1.906,0.327,-0.372,0.813,0.481,-1.163,1.851,-1.369,-2.337,-0.545,-0.528,1.149,1.284,-0.629,-0.169,1.055,-0.371,-0.855,2.724,0.636,0.482,-1.229,0.121,1.037,0.754,1.514,-0.883,-0.15,-1.271,0.57,-0.043,0.437,-0.427,-0.632,-1.538,0.073,0.296,0.196,1.032,-1.079,-0.225,0.951,-0.7,-1.124,0.203,-0.354,-0.544,-1.66,0.371,-0.124,-1.196,Butterfly,246,403,0.805
1.14,0.653,0.624,0.323,0.113,-0.61,-0.243,0.35,-1.298,0.419,0.617,0.536,0.622,-1.589,-0.247,-1.11,0.249,-0.866,1.76,1.877,-2.274,0.436,-1.569,0.019,0.053,1.557,-0.918,-0.141,-0.39,-0.842,2.053,-0.195,0.353,1.171,0.542,-1.457,-0.288,0.192,0.248,-1.035,0.09,-0.632,-1.324,0.402,-0.206,-1.096,-2.978,-0.339,-0.363,-0.856,0.995,0.714,1.482,-1.515,0.571,1.93,-0.877,-0.079,-0.635,0.928,Butterfly,754,259,0.306
-1.314,1.178,0.461,-0.546,-0.242,1.076,-0.43,-0.63,-0.282,-0.607,1.194,0.557,-0.53,-0.2,0.147,0.502,0.882,-0.953,0.78,0.795,0.534,-0.451,0.014,2.067,0.771,1.505,-0.95,0.361,-0.119,0.824,-0.225,0.252,1.063,-0.773,2.282,0.239,2.025,0.159,0.028,1.197,0.884,0.849,0.057,0.597,-0.068,0.699,-0.519,-0.152,1.305,0.254,1.427,1.089,0.184,0.059,-0.088,0.3,-0.536,0.359,-0.672,-1.751,Front Crawl,1267,409,0.711
0.444,0.1,0.12,0.705,-1.913,1.103,1.634,-0.208,-0.174,-0.614,-1.462,1.317,-0.432,0.854,-0.542,-2.604,0.137,-0.493,0.45,1.017,0.2,-1.094,0.871,0.376,1.199,1.879,1.107,1.724,0.799,-0.817,0.082,-0.299,-1.157,-0.882,0.092,-0.321,1.13,-0.044,-0.861,1.124,0.588,0.432,-0.503,-0.194,0.04,-0.703,0.2,-0.272,1.669,-0.249,-0.308,1.566,-0.822,0.841,-0.18,2.263,1.219,-0.308,0.481,0.546,Backstroke,101,1032,0.222
0.03,-0.703,1.188,-0.627,1.345,-0.102,0.275,-0.919,-0.14,1.311,-1.129,1.928,1.041,-1.45,-1.121,1.212,0.072,-2.165,-2.223,0.766,-2.29,0.431,-0.17,-0.025,-0.802,1.955,0.214,-1.262,0.497,0.875,0.033,-1.024,0.525,0.592,-1.903,-0.177,0.893,0.684,0.954,-1.233,-0.327,-0.019,-1.548,0.852,0.044,0.318,0.61,-0.372,-0.463,-0.965,1.778,0.284,0.055,1.04,0.436,0.145,-0.042,0.438,-1.195,-0.429,Front Crawl,1885,100,0.642
-1.165,-1.353,0.992,-0.628,-0.641,0.539,1.366,-2.185,1.596,-0.225,-0.872,-0.844,-0.429,0.988,-0.199,0.566,-0.81,0.194,-0.443,-0.494,0.09,-0.316,0.1,0.385,0.674,1.101,-0.545,0.607,-0.635,1.559,-0.227,0.191,-0.013,0.793,0.26,0.527,-0.916,0.441,0.688,-0.184,0.292,-1.497,0.5,-1.346,-0.912,-0.511,0.515,-0.714,2.398,-0.285,0.528,-1.688,0.74,-0.317,-0.536,0.549,-0.534,-0.889,-1.315,0.012,Butterfly,1226,796,0.52
0.787,0.8,0.279,1.402,-0.601,0.186,-0.236,0.372,0.989,-1.129,1.594,-0.665,-1.01,-0.388,-1.244,-0.526,0.672,0.51,0.822,-1.218,0.711,-0.575,-0.144,-0.422,0.782,1.805,1.228,0.53,0.77,2.414,0.331,0.222,0.455,0.592,-0.707,0.48,-1.123,-1.088,-0.544,0.202,0.298,1.472,0.738,1.646,0.521,0.651,-1.545,0.713,0.816,-0.337,-0.271,0.949,-1.068,1.439,-1.004,0.881,-0.452,-0.431,0.779,-0.838,Backstroke,1367,371,0.651
-0.342,-0.145,-0.469,0.367,-1.554,-0.422,-0.357,0.296,-1.449,-0.525,1.245,-0.344,-0.164,0.813,0.531,0.144,0.361,-0.452,-0.549,-0.303,-1.194,-0.441,-1.158,-1.236,-0.138,-1.38,-0.328,-1.761,2.926,1.133,0.787,0.104,-0.563,-0.937,1.431,-1.29,-2.034,0.754,0.793,-0.896,-0.476,0.626,0.759,0.523,-1.257,0.953,-1.368,-0.939,0.75,0.657,0.146,1.42,-1.499,-2.496,2.274,-0.599,1.31,0.517,-1.249,1.636,Backstroke,1475,144,0.296
-1.31,1.488,2.138,-0.697,-1.107,1.735,0.053,-0.712,-0.895,-0.994,0.846,0.929,0.124,0.893,0.509,-0.295,0.647,-0.026,-1.747,1.421,0.824,-1.098,-0.202,1.367,-1.317,0.748,0.014,-0.396,0.723,-0.108,1.038,0.738,0.206,-0.104,-0.44,0.42,0.816,0.47,1.645,0.135,-0.823,-0.675,-0.953,-1.664,1.885,-1.112,-1.469,-1.317,1.444,-1.592,-0.089,0.063,0.282,1.163,0.426,-2.194,-2.574,1.364,1.49,0.625,Breaststroke,885,383,0.262
-1.264,-0.853,1.758,-2.931,-0.71,0.06,-0.87,0.899,0.875,-0.154,-0.017,0.316,-1.377,1.379,0.498,-0.542,1.238,-0.515,1.053,0.317,-1.008,0.417,0.966,1.339,1.203,-0.876,0.227,0.988,0.512,0.881,-1.035,0.438,-2.73,-0.64,-0.441,1.17,-0.719,-0.14,-0.179,0.555,-0.108,-0.215,-0.229,-0.739,-1.804,1.559,0.301,1.248,-0.023,-0.29,-0.815,0.77,-1.881,0.303,0.038,1.358,-1.191,1.066,-0.216,2.681,Breaststroke,393,261,0.36
-0.128,-0.993,-0.299,0.998,0.213,0.938,0.503,-0.591,1.311,1.397,0.704,0.074,1.72,-1.134,-1.771,-0.578,-0.68,-1.09,0.23,1.428,0.362,-0.048,-0.637,-0.702,0.001,-1.342,-0.033,1.466,0.139,0.208,-0.948,0.8,-0.491,0.46,0.562,-1.522,-0.119,-0.402,2.043,-1.923,-0.803,0.041,1.451,0.999,0.672,0.298,-1.235,-0.499,1.377,1.257,0.273,0.437,-0.802,1.746,-1.579,2.11,1.234,-1.059,-1.614,0.084,Breaststroke,1465,320,0.298
0.102,-1.022,-0.679,1.243,-0.095,1.458,0.612,-0.863,-0.994,-1.195,-0.895,0.166,0.145,-1.816,-1.512,-0.007,0.348,-2.032,0.073,-0.915,1.873,-0.03,-0.632,0.728,0.094,-1.026,1.508,1.123,0.376,1.208,0.668,0.759,1.188,0.512,0.262,1.705,-0.124,-0.257,0.885,2.061,0.203,0.524,0.435,-0.133,1.575,-0.835,0.556,0.055,-1.785,1.674,0.21,0.106,-0.951,-0.358,1.494,-0.085,-1.124,-1.25,-1.437,2.158,Backstroke,1037,662,0.814
-0.46,-0.781,0.698,-0.286,0.694,-1.655,-0.807,1.066,0.962,0.157,-0.826,-0.258,1.352,-2.203,-3.221,-2.256,1.188,0.83,2.184,0.165,-1.073,1.066,1.713,0.867,-0.623,0.268,0.826,0.443,-0.269,-0.731,0.669,-0.532,-1.429,0.477,0.189,-0.494,0.835,0.195,-0.334,0.326,-0.081,-1.084,2.128,-0.307,1.156,0.408,1.592,1.056,0.709,-0.382,0.494,-1.281,0.177,0.828,0.098,-0.346,0.629,-0.572,-0.603,1.474,Breaststroke,1397,546,0.6
-0.711,-0.021,0.123,0.272,-1.745,-0.556,-2.026,-1.176,0.332,-1.291,0.413,1.182,0.236,-0.793,-0.821,-0.654,-0.497,1.747,-0.134,0.819,-0.611,-0.606,-0.177,-0.177,0.273,-1.387,0.013,-0.792,-0.208,-0.415,0.686,0.243,-1.236,0.237,-0.07,-0.716,1.618,0.593,-0.177,1.777,0.819,0.994,0.423,1.74,2.012,-1.52,-1.372,0.379,-0.04,0.519,-0.701,0.208,1.244,0.264,-0.023,-0.877,-1.197,0.78,-0.41,-0.155,Butterfly,548,899,0.692
2.946,-0.303,0.339,1.59,1.19,-1.568,-0.391,0.369,2.065,1.746,-2.114,0.026,0.109,1.201,1.124,-0.285,0.372,0.069,2.005,0.17,-0.428,-0.177,-1.163,-0.132,-0.165,-1.051,0.185,0.01,-1.106,0.802,-0.964,1.615,-0.606,-0.722,0.698,-1.035,0.366,-0.837,0.31,0.197,0.046,1.532,-1.076,0.747,-0.427,-1.045,0.567,-1.235,-1.977,0.244,-0.621,0.041,0.128,0.317,-0.078,-0.096,0.769,-1.207,-0.44,-2.364,Freestyle,1217,329,0.448
0.722,-0.278,0.243,0.971,0.443,-0.139,-0.124,-1.007,0.472,0.835,0.176,-2.159,-0.075,0.739,-2.158,1.315,-0.708,-0.589,-0.315,-0.727,1.613,-2.423,-0.893,0.011,-1.324,0.211,-1.602,0.027,-0.556,-0.867,-0.192,0.89,-2.178,0.593,-0.241,-0.805,-0.892,-2.001,-0.728,-0.249,0.717,1.713,-1.358,0.377,1.057,0.47,-1.563,-1.554,0.291,-2.329,0.504,0.699,0.963,1.576,-0.571,-0.882,1.336,0.759,0.302,0.492,Butterfly,1650,419,0.695
-1.956,-2.144,-0.795,-0.05,1.476,-1.044,0.54,-0.161,0.025,1.005,2.118,1.126,-0.52,-1.965,-0.184,0.501,0.119,-1.09,-0.686,1.381,0.153,0.706,-0.481,0.399,0.545,-0.104,2.034,-0.884,-1.02,1.849,1.573,-0.095,-0.577,0.902,1.71,0.1,-0.596,-0.092,0.789,-1.208,-2.278,0.336,0.041,-0.395,-2.288,-1.005,-0.749,0.164,-0.909,0.685,-1.068,0.242,0.633,0.9,0.416,1.896,0.633,-1.502,0.693,0.277,Freestyle,314,745,0.911
0.467,-1.299,0.806,-0.016,0.052,-0.772,-0.236,2.515,0.654,0.342,0.25,0.036,1.978,-1.3,-1.617,-0.423,-1.108,-0.822,-0.774,0.982,0.656,0.511,0.737,-0.58,-0.197,0.354,0.155,0.438,-1.141,1.125,-0.74,0.013,-0.599,-0.424,-1.499,0.882,-1.328,0.677,-0.261,0.793,-1.13,0.008,-0.105,-1.109,0.423,1.632,-1.66,0.397,-0.736,0.005,0.952,-0.162,1.343,-0.552,0.22,-0.247,-0.732,-0.42,0.522,-0.3,Front Crawl,566,258,0.51
0.03,-0.982,-1.798,0.827,-0.354,-1.54,0.35,-1.809,-0.686,0.007,-0.552,-0.019,-0.795,-0.888,-0.441,-0.959,0.097,-1.493,0.513,-0.877,2.646,0.32,1.683,-1.324,0.17,-1.055,0.601,1.11,-1.448,-1.35,0.444,0.509,0.192,1.228,-0.002,-0.904,0.418,0.056,0.285,1.844,0.046,-0.096,0.3,-0.485,0.484,-0.471,-0.343,-0.431,0.558,-0.905,-0.805,0.556,-0.982,0.67,-0.407,0.206,-0.2,0.481,1.749,1.175,Front Crawl,1797,652,0.563
1.896,-0.9,1.46,0.681,-0.406,-1.739,-1.121,0.21,0.112,-0.909,0.069,-2.316,1.345,-1.203,0.629,-0.101,0.042,-0.586,0.888,-0.027,-0.673,0.102,1.608,1.093,-0.627,-0.025,-0.201,0.076,0.492,-1.934,0.006,-0.345,1.792,0.341,-0.626,-0.146,-0.812,-2.237,-1.793,0.031,-1.374,-0.735,0.891,-0.722,2.316,-0.178,-0.24,-0.47,1.542,-1.093,-0.762,-0.23,-1.207,0.43,2.289,-0.45,-0.671,-1.305,0.741,2.708,Butterfly,413,601,0.663
0.548,0.279,1.102,-0.879,1.557,-0.268,0.574,0.944,-1.323,0.822,0.076,0.334,-2.646,1.065,-0.368,-0.12,0.949,0.263,-0.71,0.683,0.883,-0.643,-0.046,0.321,-0.465,1.237,-0.721,0.741,0.42,0.95,1.656,0.421,0.271,-0.103,0.794,0.383,1.56,1.054,0.695,0.736,0.082,0.702,-0.124,1.145,-1.435,-0.867,1.201,0.123,-1.771,1.297,-0.104,1.881,-0.533,0.135,-0.479,0.773,-0.188,1.549,-0.456,0.057,Freestyle,253,533,0.374
0.918,0.644,1.072,0.266,1.876,-1.491,-0.1,-0.067,0.991,-1.43,-1.642,-1.214,-1.53,-1.007,-0.553,2.479,-0.959,-1.611,-0.894,0.426,0.089,2.282,-0.049,-0.623,2.182,-0.038,-1.815,-0.336,0.614,0.673,0.131,0.571,-1.253,0.49,1.394,0.065,2.279,0.693,1.325,-1.048,0.56,-1.169,0.777,0.905,-0.855,1.745,1.145,0.203,-0.019,-1.064,-1.141,2.453,-0.532,-0.521,0.548,-0.094,0.473,1.365,-1.27,0.005,Backstroke,1152,300,0.371
0.813,-0.418,0.58,-0.85,0.227,-1.121,1.421,0.278,0.326,-1.449,0.086,0.04,-1.856,1.126,0.719,0.909,0.508,0.261,-1.062,0.551,-0.247,0.51,1.336,-1.263,1.576,-0.337,-0.871,0.386,1.529,0.05,-2.272,0.864,0.035,-0.302,1.269,1.396,-1.837,0.103,-1.126,-1.368,-0.292,-0.926,-0.716,-1.038,1.037,1.672,0.729,-1.687,0.146,-1.139,0.02,-1.332,1.589,-0.432,1.079,-0.627,0.557,-0.312,1.19,0.408,Backstroke,402,549,0.505
-0.956,0.037,1.295,0.402,-0.43,-0.745,1.062,1.24,-0.902,-0.311,-1.351,-1.419,-0.649,-0.338,0.184,-0.056,-0.274,0.128,1.692,0.455,0.723,-1.25,0.708,0.011,0.057,1.34,-0.628,0.142,0.813,-0.328,0.433,1.735,-0.413,0.103,0.5,-1.129,-0.193,0.852,-0.619,0.737,-0.215,1.187,-0.005,-1.322,-0.721,0.582,0.044,1.785,0.494,-0.358,-1.257,2.71,-1.337,-1.868,0.962,1.615,-1.364,-1.05,0.385,0.538,Front Crawl,1000,309,0.154
-0.186,-0.514,-0.037,0.299,0.199,1.613,-1.069,0.222,0.424,-0.64,-0.139,-0.601,-1.052,0.772,0.24,0.528,0.003,1.16,-0.854,-0.918,-0.719,0.549,-1.417,1.709,-0.251,0.488,-1.069,-0.148,1.256,-0.417,1.677,-0.77,-0.597,0.469,0.172,0.452,-1.31,0.63,0.43,0.969,0.311,0.068,0.39,-1.123,-0.392,0.381,-1.069,0.725,0.396,1.22,-0.298,1.928,0.72,0.204,-0.226,-1.418,1.593,-1.058,1.393,0.533,Butterfly,1908,471,0.667
0.047,0.212,0.098,1.371,0.247,-1.499,0.855,-1.061,-0.076,0.313,-1.166,-1.362,0.02,2.962,-0.64,-0.206,0.204,1.721,-0.955,0.589,-1.148,1.126,-0.951,-0.456,-0.094,0.963,1.07,1.252,0.778,-0.085,1.238,-0.132,-0.506,0.256,0.5,0.899,0.218,0.142,1.526,-1.437,1.645,-1.427,1.216,-0.499,-1.037,1.019,-0.365,-1.579,-0.073,-0.61,0.993,-1.208,-0.043,-0.604,0.398,0.455,0.008,-0.043,-0.577,-0.763,Breaststroke,1195,465,0.188
-0.28,-0.396,0.514,0.5,-1.531,-0.855,0.079,-0.67,-0.177,0.532,-0.344,0.465,-0.425,1.789,-0.398,0.308,0.923,0.398,1.473,-0.951,0.659,-0.788,0.224,0.459,0.721,0.539,-1.435,-0.01,1.468,-0.792,-0.179,-0.37,1.05,-0.082,2.271,0.1,0.065,1.251,1.85,-0.832,0.381,0.862,-0.503,0.783,1.278,1.795,0.015,0.821,-0.487,1.409,1.256,-0.362,1.112,0.588,-0.229,0.677,0.909,0.38,-0.831,-0.938,Backstroke,1797,576,0.361
-1.108,0.792,-0.156,0.114,-1.331,-0.81,0.349,-1.912,1.516,0.088,-0.469,0.536,0.706,1.074,-1.397,-0.682,1.234,1.637,-0.75,-1.298,-1.421,-0.205,0.785,-0.876,-0.307,-0.675,-0.697,1.093,1.874,-1.227,-0.451,-1.637,-0.066,0.748,1.462,0.371,1.09,-1.296,0.815,0.751,-0.082,0.606,0.276,0.06,-0.984,-0.241,0.181,0.129,-0.902,-1.531,0.499,0.019,-0.058,1.325,0.028,-1.742,0.264,0.784,0.061,-1.432,Butterfly,1488,304,0.352
-0.141,0.555,-1.53,-1.056,-0.397,0.794,0.974,0.688,1.059,0.464,-0.226,2.124,0.041,-0.657,-0.898,0.441,0.428,-0.546,2.969,-2.221,0.776,-1.858,0.18,1.042,0.986,-1.801,1.481,-0.486,-1.186,-0.622,-0.062,-0.349,2.137,0.062,0.184,-0.862,0.174,0.682,2.785,1.339,0.13,0.094,0.277,1.192,-1.742,-1.768,-0.949,1.323,-0.025,-1.109,-0.046,-2.129,1.189,-0.465,1.08,0.117,-1.444,-0.02,-1.319,-0.841,Butterfly,1603,1066,0.426
-1.021,1.737,-0.972,-0.748,-1.121,0.317,-1.308,-0.086,0.651,0.147,-2.016,-0.008,-0.975,-0.48,-1.319,-1.548,1.474,-0.683,0.208,-0.551,0.036,0.743,-0.471,3.073,0.338,0.431,1.167,1.283,1.241,1.466,-0.314,-0.043,1.395,-1.166,-0.371,1.136,-0.012,-0.511,0.28,-0.041,-0.363,-0.16,-0.207,0.797,-0.032,-1.195,0.58,0.656,-0.341,-0.316,0.194,-0.073,-0.673,0.747,-0.165,0.4,0.147,1.406,1.357,-0.421,Butterfly,1281,808,0.776
-1.044,1.405,-1.266,0.135,-0.062,-0.388,0.14,1.0,-0.003,0.189,0.082,-1.499,1.189,-0.73,-0.096,0.956,0.123,-1.497,-0.61,0.706,-1.024,-0.518,-0.558,-0.306,-1.604,-1.089,-0.013,-2.146,0.725,0.413,1.568,-0.099,-0.758,-0.68,-1.12,-0.088,0.191,-1.348,-0.089,-0.369,0.236,0.077,-0.2,0.33,1.543,0.022,0.018,0.762,-0.365,0.135,-0.883,0.524,0.97,-0.087,0.874,0.519,0.166,0.618,-0.874,0.172,Backstroke,1080,857,0.279
-0.541,-0.95,-2.292,0.261,-0.267,0.424,-1.225,-1.842,0.161,0.064,0.426,1.167,0.836,2.064,-0.809,-0.608,-1.265,0.815,1.466,0.966,-0.498,-0.072,-1.555,-0.117,1.011,-0.589,0.308,0.642,-0.243,0.201,1.358,-0.524,-2.554,-2.465,0.112,-1.049,-0.456,-0.859,-1.092,-1.804,0.518,-0.503,-1.356,-0.872,0.441,-1.651,2.246,1.683,0.972,0.717,0.968,1.921,-0.362,0.076,0.518,0.762,-0.608,-0.062,0.659,0.05,Backstroke,346,482,0.431
-1.539,-0.273,-0.66,0.18,-0.294,0.352,-0.689,-2.135,-1.102,1.571,-0.756,-0.738,1.454,-0.591,-1.723,1.435,1.616,-0.229,1.061,-2.686,0.986,-0.612,-0.84,0.457,0.54,0.828,-0.741,1.257,0.193,0.156,0.003,-0.318,0.144,0.701,1.301,0.507,-0.134,0.731,-0.44,1.55,0.416,-0.103,1.533,0.735,0.114,-1.064,-0.139,-0.837,-0.612,1.204,0.613,0.576,0.495,1.623,0.732,2.346,0.709,0.483,0.206,1.869,Freestyle,196,1031,0.613
